timestamp,junction_id,lane_id,vehicle_count,average_speed,queue_length,weather,day_of_week,hour,emergency_vehicle,congestion_level,signal_state,waiting_time,throughput,occupancy
2026-07-29 12:13:53,int-1,lane-N,10,34.5,3,clear,2,12,0,0.1,GREEN,0.0,6.0,0.33
2026-07-29 12:13:53,int-1,lane-S,16,43.7,4,clear,2,12,0,0.13,RED,0.0,6.0,0.53
2026-07-29 12:13:53,int-1,lane-E,18,27.7,5,clear,2,12,0,0.17,RED,0.0,6.0,0.6
2026-07-29 12:13:53,int-1,lane-W,12,42.7,3,clear,2,12,0,0.1,RED,0.0,6.0,0.4
2026-07-29 12:14:06,int-1,lane-N,3,1.2,0,clear,2,12,0,0.0,GREEN,1.5,6.0,0.1
2026-07-29 12:14:06,int-1,lane-S,0,29.4,0,clear,2,12,0,0.0,RED,0.0,6.0,0.0
2026-07-29 12:14:06,int-1,lane-E,2,29.4,2,clear,2,12,0,0.07,RED,0.0,6.0,0.07
2026-07-29 12:14:06,int-1,lane-W,1,29.4,1,clear,2,12,0,0.03,RED,0.0,6.0,0.03
2026-07-29 12:14:12,int-1,lane-N,4,0.6,1,clear,2,12,0,0.03,GREEN,2.5,3.0,0.13
2026-07-29 12:14:12,int-1,lane-S,1,29.7,1,clear,2,12,0,0.03,RED,0.0,3.0,0.03
2026-07-29 12:14:12,int-1,lane-E,0,29.7,0,clear,2,12,0,0.0,RED,0.0,3.0,0.0
2026-07-29 12:14:12,int-1,lane-W,1,29.7,1,clear,2,12,0,0.03,RED,0.0,3.0,0.03
2026-07-29 12:14:18,int-1,lane-N,4,0.5,1,clear,2,12,0,0.03,YELLOW,3.0,2.0,0.13
2026-07-29 12:14:18,int-1,lane-S,2,29.099999999999998,2,clear,2,12,0,0.07,RED,0.0,2.0,0.07
2026-07-29 12:14:18,int-1,lane-E,1,29.099999999999998,1,clear,2,12,0,0.03,RED,0.0,2.0,0.03
2026-07-29 12:14:18,int-1,lane-W,0,29.099999999999998,0,clear,2,12,0,0.0,RED,0.0,2.0,0.0
2026-07-29 12:14:30,int-1,lane-N,6,0.0,3,clear,2,12,0,0.1,RED,4.0,6.0,0.2
2026-07-29 12:14:30,int-1,lane-S,1,29.4,1,clear,2,12,0,0.03,RED,0.0,6.0,0.03
2026-07-29 12:14:30,int-1,lane-E,0,30.0,0,clear,2,12,0,0.0,GREEN,0.0,6.0,0.0
2026-07-29 12:14:30,int-1,lane-W,1,29.4,1,clear,2,12,0,0.03,RED,0.0,6.0,0.03
2026-07-29 12:14:37,int-1,lane-N,6,0.0,3,clear,2,12,0,0.1,RED,5.0,5.0,0.2
2026-07-29 12:14:37,int-1,lane-S,0,29.7,0,clear,2,12,0,0.0,RED,0.0,5.0,0.0
2026-07-29 12:14:37,int-1,lane-E,0,30.0,0,clear,2,12,0,0.0,GREEN,0.0,5.0,0.0
2026-07-29 12:14:37,int-1,lane-W,1,29.7,1,clear,2,12,0,0.03,RED,0.0,5.0,0.03
2026-07-29 12:14:42,int-1,lane-N,6,0.0,3,clear,2,12,0,0.1,RED,5.5,2.0,0.2
2026-07-29 12:14:42,int-1,lane-S,0,29.099999999999998,0,clear,2,12,0,0.0,RED,0.0,2.0,0.0
2026-07-29 12:14:42,int-1,lane-E,0,30.0,0,clear,2,12,0,0.0,GREEN,0.0,2.0,0.0
2026-07-29 12:14:42,int-1,lane-W,1,29.099999999999998,1,clear,2,12,0,0.03,RED,0.0,2.0,0.03
2026-07-29 12:14:48,int-1,lane-N,11,0.5,4,clear,2,12,0,0.13,GREEN,7.5,6.0,0.37
2026-07-29 12:14:48,int-1,lane-S,14,29.4,6,clear,2,12,0,0.2,RED,0.0,6.0,0.47
2026-07-29 12:14:48,int-1,lane-E,21,29.7,8,clear,2,12,0,0.27,RED,0.0,6.0,0.7
2026-07-29 12:14:48,int-1,lane-W,12,29.4,5,clear,2,12,0,0.17,RED,0.0,6.0,0.4
2026-07-29 12:14:57,int-1,lane-N,4,0.5,1,clear,2,12,0,0.03,GREEN,9.5,5.0,0.13
2026-07-29 12:14:57,int-1,lane-S,0,29.7,0,clear,2,12,0,0.0,RED,0.0,5.0,0.0
2026-07-29 12:14:57,int-1,lane-E,1,29.7,1,clear,2,12,0,0.03,RED,0.0,5.0,0.03
2026-07-29 12:14:57,int-1,lane-W,1,29.7,1,clear,2,12,0,0.03,RED,0.0,5.0,0.03
2026-07-29 12:15:04,int-1,lane-N,2,1.5,0,clear,2,12,0,0.0,GREEN,10.5,2.0,0.07
2026-07-29 12:15:04,int-1,lane-S,2,29.099999999999998,2,clear,2,12,0,0.07,RED,0.0,2.0,0.07
2026-07-29 12:15:04,int-1,lane-E,0,29.099999999999998,0,clear,2,12,0,0.0,RED,0.0,2.0,0.0
2026-07-29 12:15:04,int-1,lane-W,3,29.099999999999998,3,clear,2,12,0,0.1,RED,0.0,2.0,0.1
2026-07-29 12:15:12,int-1,lane-N,12,0.0,5,clear,2,12,0,0.17,RED,12.5,6.0,0.4
2026-07-29 12:15:12,int-1,lane-S,16,29.4,6,clear,2,12,0,0.2,RED,0.0,6.0,0.53
2026-07-29 12:15:12,int-1,lane-E,17,29.4,7,clear,2,12,0,0.23,RED,0.0,6.0,0.57
2026-07-29 12:15:12,int-1,lane-W,10,30.2,3,clear,2,12,0,0.1,GREEN,0.0,6.0,0.33
2026-07-29 12:15:19,int-1,lane-N,6,0.0,3,clear,2,12,0,0.1,RED,14.5,4.0,0.2
2026-07-29 12:15:19,int-1,lane-S,0,29.7,0,clear,2,12,0,0.0,RED,0.0,4.0,0.0
2026-07-29 12:15:19,int-1,lane-E,1,29.7,1,clear,2,12,0,0.03,RED,0.0,4.0,0.03
2026-07-29 12:15:19,int-1,lane-W,0,30.0,0,clear,2,12,0,0.0,GREEN,0.0,4.0,0.0
2026-07-29 12:15:28,int-1,lane-N,7,0.0,4,clear,2,12,0,0.13,RED,15.5,1.0,0.23
2026-07-29 12:15:28,int-1,lane-S,2,29.099999999999998,2,clear,2,12,0,0.07,RED,0.0,1.0,0.07
2026-07-29 12:15:28,int-1,lane-E,3,29.099999999999998,3,clear,2,12,0,0.1,RED,0.0,1.0,0.1
2026-07-29 12:15:28,int-1,lane-W,0,30.0,0,clear,2,12,0,0.0,GREEN,0.0,1.0,0.0
2026-07-29 12:15:39,int-1,lane-N,9,1.0,2,clear,2,12,0,0.07,GREEN,17.5,6.0,0.3
2026-07-29 12:15:39,int-1,lane-S,13,29.4,5,clear,2,12,0,0.17,RED,0.0,6.0,0.43
2026-07-29 12:15:39,int-1,lane-E,21,29.4,8,clear,2,12,0,0.27,RED,0.0,6.0,0.7
2026-07-29 12:15:39,int-1,lane-W,12,29.4,5,clear,2,12,0,0.17,RED,0.0,6.0,0.4
2026-07-29 12:15:50,int-1,lane-N,4,0.5,1,clear,2,12,0,0.03,GREEN,19.5,4.0,0.13
2026-07-29 12:15:50,int-1,lane-S,0,29.7,0,clear,2,12,0,0.0,RED,0.0,4.0,0.0
2026-07-29 12:15:50,int-1,lane-E,1,29.7,1,clear,2,12,0,0.03,RED,0.0,4.0,0.03
2026-07-29 12:15:50,int-1,lane-W,0,29.7,0,clear,2,12,0,0.0,RED,0.0,4.0,0.0
2026-07-29 12:16:11,int-1,lane-N,3,1.0,0,clear,2,12,0,0.0,YELLOW,20.5,2.0,0.1
2026-07-29 12:16:11,int-1,lane-S,1,29.099999999999998,1,clear,2,12,0,0.03,RED,0.0,2.0,0.03
2026-07-29 12:16:11,int-1,lane-E,1,29.099999999999998,1,clear,2,12,0,0.03,RED,0.0,2.0,0.03
2026-07-29 12:16:11,int-1,lane-W,1,29.099999999999998,1,clear,2,12,0,0.03,RED,0.0,2.0,0.03
2026-07-29 12:16:32,int-1,lane-N,5,0.0,2,clear,2,12,0,0.07,RED,22.5,6.0,0.17
2026-07-29 12:16:32,int-1,lane-S,0,30.0,0,clear,2,12,0,0.0,GREEN,0.0,6.0,0.0
2026-07-29 12:16:32,int-1,lane-E,0,29.4,0,clear,2,12,0,0.0,RED,0.0,6.0,0.0
2026-07-29 12:16:32,int-1,lane-W,1,29.4,1,clear,2,12,0,0.03,RED,0.0,6.0,0.03
2026-07-29 12:16:46,int-1,lane-N,5,0.0,2,clear,2,12,0,0.07,RED,24.5,6.0,0.17
2026-07-29 12:16:46,int-1,lane-S,0,30.0,0,clear,2,12,0,0.0,GREEN,0.0,6.0,0.0
2026-07-29 12:16:46,int-1,lane-E,0,29.7,0,clear,2,12,0,0.0,RED,0.0,6.0,0.0
2026-07-29 12:16:46,int-1,lane-W,1,29.7,1,clear,2,12,0,0.03,RED,0.0,6.0,0.03
2026-07-29 12:16:53,int-1,lane-N,5,0.0,2,clear,2,12,0,0.07,RED,25.5,3.0,0.17
2026-07-29 12:16:53,int-1,lane-S,0,30.0,0,clear,2,12,0,0.0,GREEN,0.0,3.0,0.0
2026-07-29 12:16:53,int-1,lane-E,1,29.099999999999998,1,clear,2,12,0,0.03,RED,0.0,3.0,0.03
2026-07-29 12:16:53,int-1,lane-W,0,29.099999999999998,0,clear,2,12,0,0.0,RED,0.0,3.0,0.0
2026-07-29 12:17:08,int-1,lane-N,6,0.0,3,clear,2,12,1,0.1,RED,27.5,2.0,0.2
2026-07-29 12:17:08,int-1,lane-S,0,30.0,0,clear,2,12,0,0.0,YELLOW,0.0,2.0,0.0
2026-07-29 12:17:08,int-1,lane-E,1,29.4,1,clear,2,12,0,0.03,RED,0.0,2.0,0.03
2026-07-29 12:17:08,int-1,lane-W,0,29.4,0,clear,2,12,0,0.0,RED,0.0,2.0,0.0
2026-07-29 12:17:18,int-1,lane-N,4,0.5,1,clear,2,12,1,0.03,GREEN,29.5,5.0,0.13
2026-07-29 12:17:18,int-1,lane-S,1,29.7,1,clear,2,12,0,0.03,RED,0.0,5.0,0.03
2026-07-29 12:17:18,int-1,lane-E,1,29.7,1,clear,2,12,0,0.03,RED,0.0,5.0,0.03
2026-07-29 12:17:18,int-1,lane-W,0,29.7,0,clear,2,12,0,0.0,RED,0.0,5.0,0.0
2026-07-29 12:17:25,int-1,lane-N,2,1.5,0,clear,2,12,1,0.0,GREEN,30.5,2.0,0.07
2026-07-29 12:17:25,int-1,lane-S,1,29.099999999999998,1,clear,2,12,0,0.03,RED,0.0,2.0,0.03
2026-07-29 12:17:25,int-1,lane-E,2,29.099999999999998,2,clear,2,12,0,0.07,RED,0.0,2.0,0.07
2026-07-29 12:17:25,int-1,lane-W,0,29.099999999999998,0,clear,2,12,0,0.0,RED,0.0,2.0,0.0
2026-07-29 12:17:33,int-1,lane-N,5,0.0,2,clear,2,12,0,0.07,YELLOW,32.5,1.0,0.17
2026-07-29 12:17:33,int-1,lane-S,1,29.4,1,clear,2,12,0,0.03,RED,0.0,1.0,0.03
2026-07-29 12:17:33,int-1,lane-E,1,29.4,1,clear,2,12,0,0.03,RED,0.0,1.0,0.03
2026-07-29 12:17:33,int-1,lane-W,1,29.4,1,clear,2,12,0,0.03,RED,0.0,1.0,0.03
2026-07-29 12:17:42,int-1,lane-N,5,0.0,2,clear,2,12,0,0.07,RED,34.5,6.0,0.17
2026-07-29 12:17:42,int-1,lane-S,0,30.0,0,clear,2,12,0,0.0,GREEN,0.0,6.0,0.0
2026-07-29 12:17:42,int-1,lane-E,1,29.7,1,clear,2,12,0,0.03,RED,0.0,6.0,0.03
2026-07-29 12:17:42,int-1,lane-W,0,29.7,0,clear,2,12,0,0.0,RED,0.0,6.0,0.0
2026-07-29 12:17:51,int-1,lane-N,5,0.0,2,clear,2,12,0,0.07,RED,35.5,4.0,0.17
2026-07-29 12:17:51,int-1,lane-S,0,30.0,0,clear,2,12,0,0.0,GREEN,0.0,4.0,0.0
2026-07-29 12:17:51,int-1,lane-E,1,29.099999999999998,1,clear,2,12,0,0.03,RED,0.0,4.0,0.03
2026-07-29 12:17:51,int-1,lane-W,0,29.099999999999998,0,clear,2,12,0,0.0,RED,0.0,4.0,0.0
2026-07-29 12:17:58,int-1,lane-N,5,0.0,2,clear,2,12,0,0.07,RED,37.5,2.0,0.17
2026-07-29 12:17:58,int-1,lane-S,0,30.0,0,clear,2,12,0,0.0,YELLOW,0.0,2.0,0.0
2026-07-29 12:17:58,int-1,lane-E,1,29.4,1,clear,2,12,0,0.03,RED,0.0,2.0,0.03
2026-07-29 12:17:58,int-1,lane-W,2,29.4,2,clear,2,12,0,0.07,RED,0.0,2.0,0.07
2026-07-29 12:18:08,int-1,lane-N,4,0.5,1,clear,2,12,0,0.03,GREEN,39.5,6.0,0.13
2026-07-29 12:18:08,int-1,lane-S,0,29.7,0,clear,2,12,0,0.0,RED,0.0,6.0,0.0
2026-07-29 12:18:08,int-1,lane-E,0,29.7,0,clear,2,12,0,0.0,RED,0.0,6.0,0.0
2026-07-29 12:18:08,int-1,lane-W,1,29.7,1,clear,2,12,0,0.03,RED,0.0,6.0,0.03
2026-07-29 12:18:17,int-1,lane-N,2,1.5,0,clear,2,12,0,0.0,GREEN,40.5,3.0,0.07
2026-07-29 12:18:17,int-1,lane-S,2,29.099999999999998,2,clear,2,12,0,0.07,RED,0.0,3.0,0.07
2026-07-29 12:18:17,int-1,lane-E,1,29.099999999999998,1,clear,2,12,0,0.03,RED,0.0,3.0,0.03
2026-07-29 12:18:17,int-1,lane-W,1,29.099999999999998,1,clear,2,12,0,0.03,RED,0.0,3.0,0.03
2026-07-29 12:18:30,int-1,lane-N,5,0.0,2,clear,2,12,0,0.07,YELLOW,42.5,2.0,0.17
2026-07-29 12:18:30,int-1,lane-S,1,29.4,1,clear,2,12,0,0.03,RED,0.0,2.0,0.03
2026-07-29 12:18:30,int-1,lane-E,2,29.4,2,clear,2,12,0,0.07,RED,0.0,2.0,0.07
2026-07-29 12:18:30,int-1,lane-W,0,29.4,0,clear,2,12,0,0.0,RED,0.0,2.0,0.0
2026-07-29 12:18:43,int-1,lane-N,5,0.0,2,clear,2,12,0,0.07,RED,44.5,6.0,0.17
2026-07-29 12:18:43,int-1,lane-S,0,30.0,0,clear,2,12,0,0.0,GREEN,0.0,6.0,0.0
2026-07-29 12:18:43,int-1,lane-E,1,29.7,1,clear,2,12,0,0.03,RED,0.0,6.0,0.03
2026-07-29 12:18:43,int-1,lane-W,1,29.7,1,clear,2,12,0,0.03,RED,0.0,6.0,0.03
2026-07-29 12:18:49,int-1,lane-N,7,0.0,4,clear,2,12,0,0.13,RED,45.5,5.0,0.23
2026-07-29 12:18:49,int-1,lane-S,0,30.0,0,clear,2,12,0,0.0,GREEN,0.0,5.0,0.0
2026-07-29 12:18:49,int-1,lane-E,1,29.099999999999998,1,clear,2,12,0,0.03,RED,0.0,5.0,0.03
2026-07-29 12:18:49,int-1,lane-W,2,29.099999999999998,2,clear,2,12,0,0.07,RED,0.0,5.0,0.07
2026-07-29 12:19:01,int-1,lane-N,5,0.0,2,clear,2,12,0,0.07,RED,47.5,2.0,0.17
2026-07-29 12:19:01,int-1,lane-S,0,30.0,0,clear,2,12,0,0.0,GREEN,0.0,2.0,0.0
2026-07-29 12:19:01,int-1,lane-E,0,29.4,0,clear,2,12,0,0.0,RED,0.0,2.0,0.0
2026-07-29 12:19:01,int-1,lane-W,1,29.4,1,clear,2,12,0,0.03,RED,0.0,2.0,0.03
2026-07-29 12:19:18,int-1,lane-N,5,0.0,2,clear,2,12,0,0.07,RED,49.5,1.0,0.17
2026-07-29 12:19:18,int-1,lane-S,0,30.0,0,clear,2,12,0,0.0,YELLOW,0.0,1.0,0.0
2026-07-29 12:19:18,int-1,lane-E,0,29.7,0,clear,2,12,0,0.0,RED,0.0,1.0,0.0
2026-07-29 12:19:18,int-1,lane-W,1,29.7,1,clear,2,12,0,0.03,RED,0.0,1.0,0.03
2026-07-29 12:19:23,int-1,lane-N,2,1.5,0,clear,2,12,0,0.0,GREEN,50.5,4.0,0.07
2026-07-29 12:19:23,int-1,lane-S,1,29.099999999999998,1,clear,2,12,0,0.03,RED,0.0,4.0,0.03
2026-07-29 12:19:23,int-1,lane-E,0,29.099999999999998,0,clear,2,12,0,0.0,RED,0.0,4.0,0.0
2026-07-29 12:19:23,int-1,lane-W,0,29.099999999999998,0,clear,2,12,0,0.0,RED,0.0,4.0,0.0
2026-07-29 12:19:31,int-1,lane-N,3,1.0,0,clear,2,12,0,0.0,GREEN,52.5,1.0,0.1
2026-07-29 12:19:31,int-1,lane-S,1,29.4,1,clear,2,12,0,0.03,RED,0.0,1.0,0.03
2026-07-29 12:19:31,int-1,lane-E,2,29.4,2,clear,2,12,0,0.07,RED,0.0,1.0,0.07
2026-07-29 12:19:31,int-1,lane-W,0,29.4,0,clear,2,12,0,0.0,RED,0.0,1.0,0.0
2026-07-29 12:19:37,int-1,lane-N,6,0.0,3,clear,2,12,0,0.1,RED,54.5,6.0,0.2
2026-07-29 12:19:37,int-1,lane-S,0,29.7,0,clear,2,12,0,0.0,RED,0.0,6.0,0.0
2026-07-29 12:19:37,int-1,lane-E,1,29.7,1,clear,2,12,0,0.03,RED,0.0,6.0,0.03
2026-07-29 12:19:37,int-1,lane-W,0,30.0,0,clear,2,12,0,0.0,GREEN,0.0,6.0,0.0
2026-07-29 12:19:43,int-1,lane-N,5,0.0,2,clear,2,12,0,0.07,RED,55.5,4.0,0.17
2026-07-29 12:19:43,int-1,lane-S,1,29.099999999999998,1,clear,2,12,0,0.03,RED,0.0,4.0,0.03
2026-07-29 12:19:43,int-1,lane-E,0,29.099999999999998,0,clear,2,12,0,0.0,RED,0.0,4.0,0.0
2026-07-29 12:19:43,int-1,lane-W,0,30.0,0,clear,2,12,0,0.0,GREEN,0.0,4.0,0.0
2026-07-29 12:19:50,int-1,lane-N,5,0.0,2,clear,2,12,0,0.07,RED,57.5,2.0,0.17
2026-07-29 12:19:50,int-1,lane-S,1,29.4,1,clear,2,12,0,0.03,RED,0.0,2.0,0.03
2026-07-29 12:19:50,int-1,lane-E,2,29.4,2,clear,2,12,0,0.07,RED,0.0,2.0,0.07
2026-07-29 12:19:50,int-1,lane-W,0,30.0,0,clear,2,12,0,0.0,YELLOW,0.0,2.0,0.0
2026-07-29 12:19:57,int-1,lane-N,4,0.5,1,clear,2,12,0,0.03,GREEN,59.5,5.0,0.13
2026-07-29 12:19:57,int-1,lane-S,0,29.7,0,clear,2,12,0,0.0,RED,0.0,5.0,0.0
2026-07-29 12:19:57,int-1,lane-E,0,29.7,0,clear,2,12,0,0.0,RED,0.0,5.0,0.0
2026-07-29 12:19:57,int-1,lane-W,1,29.7,1,clear,2,12,0,0.03,RED,0.0,5.0,0.03
2026-07-29 12:20:03,int-1,lane-N,2,1.5,0,clear,2,12,0,0.0,GREEN,60.5,2.0,0.07
2026-07-29 12:20:03,int-1,lane-S,0,29.099999999999998,0,clear,2,12,0,0.0,RED,0.0,2.0,0.0
2026-07-29 12:20:03,int-1,lane-E,2,29.099999999999998,2,clear,2,12,0,0.07,RED,0.0,2.0,0.07
2026-07-29 12:20:03,int-1,lane-W,2,29.099999999999998,2,clear,2,12,0,0.07,RED,0.0,2.0,0.07
2026-07-29 12:20:10,int-1,lane-N,5,0.0,2,clear,2,12,0,0.07,YELLOW,62.5,1.0,0.17
2026-07-29 12:20:10,int-1,lane-S,2,29.4,2,clear,2,12,0,0.07,RED,0.0,1.0,0.07
2026-07-29 12:20:10,int-1,lane-E,1,29.4,1,clear,2,12,0,0.03,RED,0.0,1.0,0.03
2026-07-29 12:20:10,int-1,lane-W,1,29.4,1,clear,2,12,0,0.03,RED,0.0,1.0,0.03
2026-07-29 12:20:16,int-1,lane-N,6,0.0,3,clear,2,12,0,0.1,RED,64.5,6.0,0.2
2026-07-29 12:20:16,int-1,lane-S,0,30.0,0,clear,2,12,0,0.0,GREEN,0.0,6.0,0.0
2026-07-29 12:20:16,int-1,lane-E,1,29.7,1,clear,2,12,0,0.03,RED,0.0,6.0,0.03
2026-07-29 12:20:16,int-1,lane-W,1,29.7,1,clear,2,12,0,0.03,RED,0.0,6.0,0.03
2026-07-29 12:20:23,int-1,lane-N,6,0.0,3,clear,2,12,0,0.1,RED,65.5,3.0,0.2
2026-07-29 12:20:23,int-1,lane-S,0,30.0,0,clear,2,12,0,0.0,GREEN,0.0,3.0,0.0
2026-07-29 12:20:23,int-1,lane-E,1,29.099999999999998,1,clear,2,12,0,0.03,RED,0.0,3.0,0.03
2026-07-29 12:20:23,int-1,lane-W,1,29.099999999999998,1,clear,2,12,0,0.03,RED,0.0,3.0,0.03
2026-07-29 12:20:29,int-1,lane-N,6,0.0,3,clear,2,12,0,0.1,RED,67.5,2.0,0.2
2026-07-29 12:20:29,int-1,lane-S,0,30.0,0,clear,2,12,0,0.0,YELLOW,0.0,2.0,0.0
2026-07-29 12:20:29,int-1,lane-E,0,29.4,0,clear,2,12,0,0.0,RED,0.0,2.0,0.0
2026-07-29 12:20:29,int-1,lane-W,1,29.4,1,clear,2,12,0,0.03,RED,0.0,2.0,0.03
2026-07-29 12:20:37,int-1,lane-N,4,0.5,1,clear,2,12,1,0.03,GREEN,69.5,5.0,0.13
2026-07-29 12:20:37,int-1,lane-S,0,29.7,0,clear,2,12,0,0.0,RED,0.0,5.0,0.0
2026-07-29 12:20:37,int-1,lane-E,1,29.7,1,clear,2,12,0,0.03,RED,0.0,5.0,0.03
2026-07-29 12:20:37,int-1,lane-W,1,29.7,1,clear,2,12,0,0.03,RED,0.0,5.0,0.03
2026-07-29 12:20:42,int-1,lane-N,2,1.5,0,clear,2,12,1,0.0,GREEN,70.5,2.0,0.07
2026-07-29 12:20:42,int-1,lane-S,1,29.099999999999998,1,clear,2,12,0,0.03,RED,0.0,2.0,0.03
2026-07-29 12:20:42,int-1,lane-E,2,29.099999999999998,2,clear,2,12,0,0.07,RED,0.0,2.0,0.07
2026-07-29 12:20:42,int-1,lane-W,3,29.099999999999998,3,clear,2,12,0,0.1,RED,0.0,2.0,0.1
2026-07-29 12:20:49,int-1,lane-N,5,0.0,2,clear,2,12,1,0.07,YELLOW,72.5,1.0,0.17
2026-07-29 12:20:49,int-1,lane-S,1,29.4,1,clear,2,12,0,0.03,RED,0.0,1.0,0.03
2026-07-29 12:20:49,int-1,lane-E,0,29.4,0,clear,2,12,0,0.0,RED,0.0,1.0,0.0
2026-07-29 12:20:49,int-1,lane-W,0,29.4,0,clear,2,12,0,0.0,RED,0.0,1.0,0.0
2026-07-29 12:20:56,int-1,lane-N,4,0.5,1,clear,2,12,0,0.03,GREEN,74.5,5.0,0.13
2026-07-29 12:20:56,int-1,lane-S,0,29.7,0,clear,2,12,0,0.0,RED,0.0,5.0,0.0
2026-07-29 12:20:56,int-1,lane-E,0,29.7,0,clear,2,12,0,0.0,RED,0.0,5.0,0.0
2026-07-29 12:20:56,int-1,lane-W,0,29.7,0,clear,2,12,0,0.0,RED,0.0,5.0,0.0
2026-07-29 12:21:01,int-1,lane-N,2,1.5,0,clear,2,12,0,0.0,GREEN,75.5,2.0,0.07
2026-07-29 12:21:01,int-1,lane-S,1,29.099999999999998,1,clear,2,12,0,0.03,RED,0.0,2.0,0.03
2026-07-29 12:21:01,int-1,lane-E,0,29.099999999999998,0,clear,2,12,0,0.0,RED,0.0,2.0,0.0
2026-07-29 12:21:01,int-1,lane-W,2,29.099999999999998,2,clear,2,12,0,0.07,RED,0.0,2.0,0.07
2026-07-29 12:21:08,int-1,lane-N,12,0.0,5,clear,2,12,0,0.17,RED,77.5,6.0,0.4
2026-07-29 12:21:08,int-1,lane-S,14,30.2,5,clear,2,12,0,0.17,GREEN,0.0,6.0,0.47
2026-07-29 12:21:08,int-1,lane-E,19,29.4,8,clear,2,12,0,0.27,RED,0.0,6.0,0.63
2026-07-29 12:21:08,int-1,lane-W,11,29.4,4,clear,2,12,0,0.13,RED,0.0,6.0,0.37
2026-07-29 12:21:15,int-1,lane-N,5,0.0,2,clear,2,12,0,0.07,RED,79.5,6.0,0.17
2026-07-29 12:21:15,int-1,lane-S,0,30.0,0,clear,2,12,0,0.0,GREEN,0.0,6.0,0.0
2026-07-29 12:21:15,int-1,lane-E,1,29.7,1,clear,2,12,0,0.03,RED,0.0,6.0,0.03
2026-07-29 12:21:15,int-1,lane-W,1,29.7,1,clear,2,12,0,0.03,RED,0.0,6.0,0.03
2026-07-29 12:21:21,int-1,lane-N,5,0.0,2,clear,2,12,0,0.07,RED,80.5,4.0,0.17
2026-07-29 12:21:21,int-1,lane-S,0,30.0,0,clear,2,12,0,0.0,GREEN,0.0,4.0,0.0
2026-07-29 12:21:21,int-1,lane-E,3,29.099999999999998,3,clear,2,12,0,0.1,RED,0.0,4.0,0.1
2026-07-29 12:21:21,int-1,lane-W,1,29.099999999999998,1,clear,2,12,0,0.03,RED,0.0,4.0,0.03
2026-07-29 12:21:27,int-1,lane-N,6,0.0,3,clear,2,12,0,0.1,RED,82.5,2.0,0.2
2026-07-29 12:21:27,int-1,lane-S,0,30.0,0,clear,2,12,0,0.0,YELLOW,0.0,2.0,0.0
2026-07-29 12:21:27,int-1,lane-E,0,29.4,0,clear,2,12,0,0.0,RED,0.0,2.0,0.0
2026-07-29 12:21:27,int-1,lane-W,1,29.4,1,clear,2,12,0,0.03,RED,0.0,2.0,0.03
2026-07-29 12:21:35,int-1,lane-N,4,0.5,1,clear,2,12,0,0.03,GREEN,84.5,5.0,0.13
2026-07-29 12:21:35,int-1,lane-S,1,29.7,1,clear,2,12,0,0.03,RED,0.0,5.0,0.03
2026-07-29 12:21:35,int-1,lane-E,0,29.7,0,clear,2,12,0,0.0,RED,0.0,5.0,0.0
2026-07-29 12:21:35,int-1,lane-W,0,29.7,0,clear,2,12,0,0.0,RED,0.0,5.0,0.0
2026-07-29 12:21:52,int-1,lane-N,2,1.5,0,clear,2,12,0,0.0,GREEN,85.5,2.0,0.07
2026-07-29 12:21:52,int-1,lane-S,1,29.099999999999998,1,clear,2,12,0,0.03,RED,0.0,2.0,0.03
2026-07-29 12:21:52,int-1,lane-E,1,29.099999999999998,1,clear,2,12,0,0.03,RED,0.0,2.0,0.03
2026-07-29 12:21:52,int-1,lane-W,0,29.099999999999998,0,clear,2,12,0,0.0,RED,0.0,2.0,0.0
2026-07-29 12:22:14,int-1,lane-N,5,0.0,2,clear,2,12,0,0.07,YELLOW,87.5,1.0,0.17
2026-07-29 12:22:14,int-1,lane-S,0,29.4,0,clear,2,12,0,0.0,RED,0.0,1.0,0.0
2026-07-29 12:22:14,int-1,lane-E,0,29.4,0,clear,2,12,0,0.0,RED,0.0,1.0,0.0
2026-07-29 12:22:14,int-1,lane-W,1,29.4,1,clear,2,12,0,0.03,RED,0.0,1.0,0.03
2026-07-29 12:22:23,int-1,lane-N,6,0.0,3,clear,2,12,0,0.1,RED,89.5,5.0,0.2
2026-07-29 12:22:23,int-1,lane-S,0,29.7,0,clear,2,12,0,0.0,RED,0.0,5.0,0.0
2026-07-29 12:22:23,int-1,lane-E,1,29.7,1,clear,2,12,0,0.03,RED,0.0,5.0,0.03
2026-07-29 12:22:23,int-1,lane-W,0,30.0,0,clear,2,12,0,0.0,GREEN,0.0,5.0,0.0
2026-07-29 12:22:35,int-1,lane-N,6,0.0,3,clear,2,12,0,0.1,RED,90.5,2.0,0.2
2026-07-29 12:22:35,int-1,lane-S,0,29.099999999999998,0,clear,2,12,0,0.0,RED,0.0,2.0,0.0
2026-07-29 12:22:35,int-1,lane-E,3,29.099999999999998,3,clear,2,12,0,0.1,RED,0.0,2.0,0.1
2026-07-29 12:22:35,int-1,lane-W,0,30.0,0,clear,2,12,0,0.0,GREEN,0.0,2.0,0.0
2026-07-29 12:22:46,int-1,lane-N,7,0.0,4,clear,2,12,0,0.13,RED,92.5,1.0,0.23
2026-07-29 12:22:46,int-1,lane-S,1,29.4,1,clear,2,12,0,0.03,RED,0.0,1.0,0.03
2026-07-29 12:22:46,int-1,lane-E,0,29.4,0,clear,2,12,0,0.0,RED,0.0,1.0,0.0
2026-07-29 12:22:46,int-1,lane-W,0,30.0,0,clear,2,12,0,0.0,YELLOW,0.0,1.0,0.0
2026-07-29 12:22:54,int-1,lane-N,4,0.5,1,clear,2,12,0,0.03,GREEN,94.5,4.0,0.13
2026-07-29 12:22:54,int-1,lane-S,0,29.7,0,clear,2,12,0,0.0,RED,0.0,4.0,0.0
2026-07-29 12:22:54,int-1,lane-E,1,29.7,1,clear,2,12,0,0.03,RED,0.0,4.0,0.03
2026-07-29 12:22:54,int-1,lane-W,0,29.7,0,clear,2,12,0,0.0,RED,0.0,4.0,0.0
2026-07-29 12:23:00,int-1,lane-N,2,1.5,0,clear,2,12,0,0.0,GREEN,95.5,1.0,0.07
2026-07-29 12:23:00,int-1,lane-S,0,29.099999999999998,0,clear,2,12,0,0.0,RED,0.0,1.0,0.0
2026-07-29 12:23:00,int-1,lane-E,0,29.099999999999998,0,clear,2,12,0,0.0,RED,0.0,1.0,0.0
2026-07-29 12:23:00,int-1,lane-W,1,29.099999999999998,1,clear,2,12,0,0.03,RED,0.0,1.0,0.03
2026-07-29 12:23:07,int-1,lane-N,13,0.0,6,clear,2,12,0,0.2,RED,97.5,6.0,0.43
2026-07-29 12:23:07,int-1,lane-S,13,31.0,4,clear,2,12,0,0.13,GREEN,0.0,6.0,0.43
2026-07-29 12:23:07,int-1,lane-E,18,29.4,7,clear,2,12,0,0.23,RED,0.0,6.0,0.6
2026-07-29 12:23:07,int-1,lane-W,12,29.4,5,clear,2,12,0,0.17,RED,0.0,6.0,0.4
2026-07-29 12:23:16,int-1,lane-N,6,0.0,3,clear,2,12,0,0.1,RED,99.5,6.0,0.2
2026-07-29 12:23:16,int-1,lane-S,0,30.0,0,clear,2,12,0,0.0,GREEN,0.0,6.0,0.0
2026-07-29 12:23:16,int-1,lane-E,0,29.7,0,clear,2,12,0,0.0,RED,0.0,6.0,0.0
2026-07-29 12:23:16,int-1,lane-W,1,29.7,1,clear,2,12,0,0.03,RED,0.0,6.0,0.03
2026-07-29 12:23:23,int-1,lane-N,5,0.0,2,clear,2,12,0,0.07,RED,100.5,3.0,0.17
2026-07-29 12:23:23,int-1,lane-S,0,30.0,0,clear,2,12,0,0.0,GREEN,0.0,3.0,0.0
2026-07-29 12:23:23,int-1,lane-E,1,29.099999999999998,1,clear,2,12,0,0.03,RED,0.0,3.0,0.03
2026-07-29 12:23:23,int-1,lane-W,0,29.099999999999998,0,clear,2,12,0,0.0,RED,0.0,3.0,0.0
2026-07-29 12:23:30,int-1,lane-N,7,0.0,4,clear,2,12,0,0.13,RED,102.5,2.0,0.23
2026-07-29 12:23:30,int-1,lane-S,0,30.0,0,clear,2,12,0,0.0,YELLOW,0.0,2.0,0.0
2026-07-29 12:23:30,int-1,lane-E,1,29.4,1,clear,2,12,0,0.03,RED,0.0,2.0,0.03
2026-07-29 12:23:30,int-1,lane-W,1,29.4,1,clear,2,12,0,0.03,RED,0.0,2.0,0.03
2026-07-29 12:23:37,int-1,lane-N,4,0.5,1,clear,2,12,0,0.03,GREEN,104.5,5.0,0.13
2026-07-29 12:23:37,int-1,lane-S,0,29.7,0,clear,2,12,0,0.0,RED,0.0,5.0,0.0
2026-07-29 12:23:37,int-1,lane-E,0,29.7,0,clear,2,12,0,0.0,RED,0.0,5.0,0.0
2026-07-29 12:23:37,int-1,lane-W,1,29.7,1,clear,2,12,0,0.03,RED,0.0,5.0,0.03
2026-07-29 12:23:43,int-1,lane-N,2,1.5,0,clear,2,12,0,0.0,GREEN,105.5,2.0,0.07
2026-07-29 12:23:43,int-1,lane-S,2,29.099999999999998,2,clear,2,12,0,0.07,RED,0.0,2.0,0.07
2026-07-29 12:23:43,int-1,lane-E,2,29.099999999999998,2,clear,2,12,0,0.07,RED,0.0,2.0,0.07
2026-07-29 12:23:43,int-1,lane-W,0,29.099999999999998,0,clear,2,12,0,0.0,RED,0.0,2.0,0.0
2026-07-29 12:23:50,int-1,lane-N,5,0.0,2,clear,2,12,0,0.07,YELLOW,107.5,1.0,0.17
2026-07-29 12:23:50,int-1,lane-S,1,29.4,1,clear,2,12,0,0.03,RED,0.0,1.0,0.03
2026-07-29 12:23:50,int-1,lane-E,1,29.4,1,clear,2,12,0,0.03,RED,0.0,1.0,0.03
2026-07-29 12:23:50,int-1,lane-W,0,29.4,0,clear,2,12,0,0.0,RED,0.0,1.0,0.0
2026-07-29 12:23:56,int-1,lane-N,5,0.0,2,clear,2,12,0,0.07,RED,109.5,6.0,0.17
2026-07-29 12:23:56,int-1,lane-S,0,30.0,0,clear,2,12,0,0.0,GREEN,0.0,6.0,0.0
2026-07-29 12:23:56,int-1,lane-E,1,29.7,1,clear,2,12,0,0.03,RED,0.0,6.0,0.03
2026-07-29 12:23:56,int-1,lane-W,0,29.7,0,clear,2,12,0,0.0,RED,0.0,6.0,0.0
2026-07-29 12:24:02,int-1,lane-N,6,0.0,3,clear,2,12,0,0.1,RED,110.5,5.0,0.2
2026-07-29 12:24:02,int-1,lane-S,0,30.0,0,clear,2,12,0,0.0,GREEN,0.0,5.0,0.0
2026-07-29 12:24:02,int-1,lane-E,2,29.099999999999998,2,clear,2,12,0,0.07,RED,0.0,5.0,0.07
2026-07-29 12:24:02,int-1,lane-W,1,29.099999999999998,1,clear,2,12,0,0.03,RED,0.0,5.0,0.03
2026-07-29 12:24:09,int-1,lane-N,5,0.0,2,clear,2,12,0,0.07,RED,112.5,2.0,0.17
2026-07-29 12:24:09,int-1,lane-S,0,30.0,0,clear,2,12,0,0.0,GREEN,0.0,2.0,0.0
2026-07-29 12:24:09,int-1,lane-E,1,29.4,1,clear,2,12,0,0.03,RED,0.0,2.0,0.03
2026-07-29 12:24:09,int-1,lane-W,2,29.4,2,clear,2,12,0,0.07,RED,0.0,2.0,0.07
2026-07-29 12:24:15,int-1,lane-N,10,0.5,3,clear,2,12,0,0.1,GREEN,114.5,6.0,0.33
2026-07-29 12:24:15,int-1,lane-S,16,29.7,6,clear,2,12,0,0.2,RED,0.0,6.0,0.53
2026-07-29 12:24:15,int-1,lane-E,16,29.7,6,clear,2,12,0,0.2,RED,0.0,6.0,0.53
2026-07-29 12:24:15,int-1,lane-W,11,29.7,4,clear,2,12,0,0.13,RED,0.0,6.0,0.37
2026-07-29 12:24:21,int-1,lane-N,2,1.5,0,clear,2,12,0,0.0,GREEN,115.5,4.0,0.07
2026-07-29 12:24:21,int-1,lane-S,1,29.099999999999998,1,clear,2,12,0,0.03,RED,0.0,4.0,0.03
2026-07-29 12:24:21,int-1,lane-E,1,29.099999999999998,1,clear,2,12,0,0.03,RED,0.0,4.0,0.03
2026-07-29 12:24:21,int-1,lane-W,2,29.099999999999998,2,clear,2,12,0,0.07,RED,0.0,4.0,0.07
2026-07-29 12:24:27,int-1,lane-N,3,1.0,0,clear,2,12,0,0.0,GREEN,117.5,1.0,0.1
2026-07-29 12:24:27,int-1,lane-S,0,29.4,0,clear,2,12,0,0.0,RED,0.0,1.0,0.0
2026-07-29 12:24:27,int-1,lane-E,1,29.4,1,clear,2,12,0,0.03,RED,0.0,1.0,0.03
2026-07-29 12:24:27,int-1,lane-W,2,29.4,2,clear,2,12,0,0.07,RED,0.0,1.0,0.07
2026-07-29 12:24:35,int-1,lane-N,5,0.0,2,clear,2,12,0,0.07,RED,119.5,6.0,0.17
2026-07-29 12:24:35,int-1,lane-S,0,30.0,0,clear,2,12,0,0.0,GREEN,0.0,6.0,0.0
2026-07-29 12:24:35,int-1,lane-E,0,29.7,0,clear,2,12,0,0.0,RED,0.0,6.0,0.0
2026-07-29 12:24:35,int-1,lane-W,1,29.7,1,clear,2,12,0,0.03,RED,0.0,6.0,0.03
2026-07-29 12:24:40,int-1,lane-N,5,0.0,2,clear,2,12,0,0.07,RED,120.5,6.0,0.17
2026-07-29 12:24:40,int-1,lane-S,0,30.0,0,clear,2,12,0,0.0,GREEN,0.0,6.0,0.0
2026-07-29 12:24:40,int-1,lane-E,0,29.099999999999998,0,clear,2,12,0,0.0,RED,0.0,6.0,0.0
2026-07-29 12:24:40,int-1,lane-W,1,29.099999999999998,1,clear,2,12,0,0.03,RED,0.0,6.0,0.03
2026-07-29 12:24:47,int-1,lane-N,6,0.0,3,clear,2,12,0,0.1,RED,122.5,4.0,0.2
2026-07-29 12:24:47,int-1,lane-S,0,30.0,0,clear,2,12,0,0.0,GREEN,0.0,4.0,0.0
2026-07-29 12:24:47,int-1,lane-E,0,29.4,0,clear,2,12,0,0.0,RED,0.0,4.0,0.0
2026-07-29 12:24:47,int-1,lane-W,0,29.4,0,clear,2,12,0,0.0,RED,0.0,4.0,0.0
2026-07-29 12:24:54,int-1,lane-N,6,0.0,3,clear,2,12,0,0.1,RED,124.5,2.0,0.2
2026-07-29 12:24:54,int-1,lane-S,0,30.0,0,clear,2,12,0,0.0,YELLOW,0.0,2.0,0.0
2026-07-29 12:24:54,int-1,lane-E,0,29.7,0,clear,2,12,0,0.0,RED,0.0,2.0,0.0
2026-07-29 12:24:54,int-1,lane-W,1,29.7,1,clear,2,12,0,0.03,RED,0.0,2.0,0.03
2026-07-29 12:25:00,int-1,lane-N,9,1.5,2,clear,2,12,0,0.07,GREEN,125.5,6.0,0.3
2026-07-29 12:25:00,int-1,lane-S,16,29.099999999999998,7,clear,2,12,0,0.23,RED,0.0,6.0,0.53
2026-07-29 12:25:00,int-1,lane-E,22,29.099999999999998,9,clear,2,12,0,0.3,RED,0.0,6.0,0.73
2026-07-29 12:25:00,int-1,lane-W,13,29.099999999999998,6,clear,2,12,0,0.2,RED,0.0,6.0,0.43
2026-07-29 12:25:07,int-1,lane-N,3,1.0,0,clear,2,12,0,0.0,GREEN,127.5,4.0,0.1
2026-07-29 12:25:07,int-1,lane-S,1,29.4,1,clear,2,12,0,0.03,RED,0.0,4.0,0.03
2026-07-29 12:25:07,int-1,lane-E,1,29.4,1,clear,2,12,0,0.03,RED,0.0,4.0,0.03
2026-07-29 12:25:07,int-1,lane-W,2,29.4,2,clear,2,12,0,0.07,RED,0.0,4.0,0.07
2026-07-29 12:25:14,int-1,lane-N,5,0.0,2,clear,2,12,0,0.07,YELLOW,129.5,2.0,0.17
2026-07-29 12:25:14,int-1,lane-S,1,29.7,1,clear,2,12,0,0.03,RED,0.0,2.0,0.03
2026-07-29 12:25:14,int-1,lane-E,0,29.7,0,clear,2,12,0,0.0,RED,0.0,2.0,0.0
2026-07-29 12:25:14,int-1,lane-W,1,29.7,1,clear,2,12,0,0.03,RED,0.0,2.0,0.03
2026-07-29 12:25:19,int-1,lane-N,11,0.0,5,clear,2,12,0,0.17,RED,130.5,6.0,0.37
2026-07-29 12:25:19,int-1,lane-S,11,31.5,3,clear,2,12,0,0.1,GREEN,0.0,6.0,0.37
2026-07-29 12:25:19,int-1,lane-E,19,29.099999999999998,8,clear,2,12,0,0.27,RED,0.0,6.0,0.63
2026-07-29 12:25:19,int-1,lane-W,12,29.099999999999998,5,clear,2,12,0,0.17,RED,0.0,6.0,0.4
2026-07-29 12:25:28,int-1,lane-N,5,0.0,2,clear,2,12,0,0.07,RED,132.5,5.0,0.17
2026-07-29 12:25:28,int-1,lane-S,0,30.0,0,clear,2,12,0,0.0,GREEN,0.0,5.0,0.0
2026-07-29 12:25:28,int-1,lane-E,0,29.4,0,clear,2,12,0,0.0,RED,0.0,5.0,0.0
2026-07-29 12:25:28,int-1,lane-W,0,29.4,0,clear,2,12,0,0.0,RED,0.0,5.0,0.0
2026-07-29 12:25:35,int-1,lane-N,5,0.0,2,clear,2,12,0,0.07,RED,134.5,2.0,0.17
2026-07-29 12:25:35,int-1,lane-S,0,30.0,0,clear,2,12,0,0.0,GREEN,0.0,2.0,0.0
2026-07-29 12:25:35,int-1,lane-E,1,29.7,1,clear,2,12,0,0.03,RED,0.0,2.0,0.03
2026-07-29 12:25:35,int-1,lane-W,0,29.7,0,clear,2,12,0,0.0,RED,0.0,2.0,0.0
2026-07-29 12:25:43,int-1,lane-N,10,0.5,3,clear,2,12,0,0.1,GREEN,135.5,6.0,0.33
2026-07-29 12:25:43,int-1,lane-S,13,29.7,5,clear,2,12,0,0.17,RED,0.0,6.0,0.43
2026-07-29 12:25:43,int-1,lane-E,15,29.099999999999998,6,clear,2,12,0,0.2,RED,0.0,6.0,0.5
2026-07-29 12:25:43,int-1,lane-W,11,29.099999999999998,4,clear,2,12,0,0.13,RED,0.0,6.0,0.37
2026-07-29 12:25:57,int-1,lane-N,3,1.0,0,clear,2,12,0,0.0,GREEN,137.5,4.0,0.1
2026-07-29 12:25:57,int-1,lane-S,2,29.4,2,clear,2,12,0,0.07,RED,0.0,4.0,0.07
2026-07-29 12:25:57,int-1,lane-E,2,29.4,2,clear,2,12,0,0.07,RED,0.0,4.0,0.07
2026-07-29 12:25:57,int-1,lane-W,0,29.4,0,clear,2,12,0,0.0,RED,0.0,4.0,0.0
2026-07-29 12:26:04,int-1,lane-N,4,0.5,1,clear,2,12,0,0.03,GREEN,139.5,1.0,0.13
2026-07-29 12:26:04,int-1,lane-S,1,29.7,1,clear,2,12,0,0.03,RED,0.0,1.0,0.03
2026-07-29 12:26:04,int-1,lane-E,0,29.7,0,clear,2,12,0,0.0,RED,0.0,1.0,0.0
2026-07-29 12:26:04,int-1,lane-W,0,29.7,0,clear,2,12,0,0.0,RED,0.0,1.0,0.0
2026-07-29 12:26:10,int-1,lane-N,11,0.0,5,clear,2,12,0,0.17,RED,140.5,6.0,0.37
2026-07-29 12:26:10,int-1,lane-S,15,30.7,5,clear,2,12,0,0.17,GREEN,0.0,6.0,0.5
2026-07-29 12:26:10,int-1,lane-E,18,29.099999999999998,8,clear,2,12,0,0.27,RED,0.0,6.0,0.6
2026-07-29 12:26:10,int-1,lane-W,13,29.099999999999998,6,clear,2,12,0,0.2,RED,0.0,6.0,0.43
2026-07-29 12:26:16,int-1,lane-N,5,0.0,2,clear,2,12,0,0.07,RED,142.5,6.0,0.17
2026-07-29 12:26:16,int-1,lane-S,0,30.0,0,clear,2,12,0,0.0,GREEN,0.0,6.0,0.0
2026-07-29 12:26:16,int-1,lane-E,1,29.4,1,clear,2,12,0,0.03,RED,0.0,6.0,0.03
2026-07-29 12:26:16,int-1,lane-W,0,29.4,0,clear,2,12,0,0.0,RED,0.0,6.0,0.0
2026-07-29 12:26:23,int-1,lane-N,6,0.0,3,clear,2,12,0,0.1,RED,144.5,4.0,0.2
2026-07-29 12:26:23,int-1,lane-S,0,30.0,0,clear,2,12,0,0.0,GREEN,0.0,4.0,0.0
2026-07-29 12:26:23,int-1,lane-E,0,29.7,0,clear,2,12,0,0.0,RED,0.0,4.0,0.0
2026-07-29 12:26:23,int-1,lane-W,0,29.7,0,clear,2,12,0,0.0,RED,0.0,4.0,0.0
2026-07-29 12:26:29,int-1,lane-N,5,0.0,2,clear,2,12,0,0.07,RED,145.5,1.0,0.17
2026-07-29 12:26:29,int-1,lane-S,0,30.0,0,clear,2,12,0,0.0,GREEN,0.0,1.0,0.0
2026-07-29 12:26:29,int-1,lane-E,1,29.099999999999998,1,clear,2,12,0,0.03,RED,0.0,1.0,0.03
2026-07-29 12:26:29,int-1,lane-W,0,29.099999999999998,0,clear,2,12,0,0.0,RED,0.0,1.0,0.0
2026-07-29 12:26:38,int-1,lane-N,9,1.0,2,clear,2,12,0,0.07,GREEN,147.5,6.0,0.3
2026-07-29 12:26:38,int-1,lane-S,16,29.4,7,clear,2,12,0,0.23,RED,0.0,6.0,0.53
2026-07-29 12:26:38,int-1,lane-E,19,29.4,8,clear,2,12,0,0.27,RED,0.0,6.0,0.63
2026-07-29 12:26:38,int-1,lane-W,12,29.4,5,clear,2,12,0,0.17,RED,0.0,6.0,0.4
2026-07-29 12:26:45,int-1,lane-N,4,0.5,1,clear,2,12,0,0.03,GREEN,149.5,4.0,0.13
2026-07-29 12:26:45,int-1,lane-S,1,29.7,1,clear,2,12,0,0.03,RED,0.0,4.0,0.03
2026-07-29 12:26:45,int-1,lane-E,1,29.7,1,clear,2,12,0,0.03,RED,0.0,4.0,0.03
2026-07-29 12:26:45,int-1,lane-W,1,29.7,1,clear,2,12,0,0.03,RED,0.0,4.0,0.03
2026-07-29 12:26:51,int-1,lane-N,3,1.0,0,clear,2,12,0,0.0,YELLOW,150.5,2.0,0.1
2026-07-29 12:26:51,int-1,lane-S,1,29.099999999999998,1,clear,2,12,0,0.03,RED,0.0,2.0,0.03
2026-07-29 12:26:51,int-1,lane-E,1,29.099999999999998,1,clear,2,12,0,0.03,RED,0.0,2.0,0.03
2026-07-29 12:26:51,int-1,lane-W,0,29.099999999999998,0,clear,2,12,0,0.0,RED,0.0,2.0,0.0
2026-07-29 12:26:58,int-1,lane-N,6,0.0,3,clear,2,12,0,0.1,RED,152.5,6.0,0.2
2026-07-29 12:26:58,int-1,lane-S,0,29.4,0,clear,2,12,0,0.0,RED,0.0,6.0,0.0
2026-07-29 12:26:58,int-1,lane-E,0,30.0,0,clear,2,12,0,0.0,GREEN,0.0,6.0,0.0
2026-07-29 12:26:58,int-1,lane-W,1,29.4,1,clear,2,12,0,0.03,RED,0.0,6.0,0.03
2026-07-29 12:27:07,int-1,lane-N,6,0.0,3,clear,2,12,0,0.1,RED,154.5,6.0,0.2
2026-07-29 12:27:07,int-1,lane-S,0,29.7,0,clear,2,12,0,0.0,RED,0.0,6.0,0.0
2026-07-29 12:27:07,int-1,lane-E,0,30.0,0,clear,2,12,0,0.0,GREEN,0.0,6.0,0.0
2026-07-29 12:27:07,int-1,lane-W,1,29.7,1,clear,2,12,0,0.03,RED,0.0,6.0,0.03
2026-07-29 12:27:14,int-1,lane-N,6,0.0,3,clear,2,12,0,0.1,RED,155.5,5.0,0.2
2026-07-29 12:27:14,int-1,lane-S,3,29.099999999999998,3,clear,2,12,0,0.1,RED,0.0,5.0,0.1
2026-07-29 12:27:14,int-1,lane-E,0,30.0,0,clear,2,12,0,0.0,GREEN,0.0,5.0,0.0
2026-07-29 12:27:14,int-1,lane-W,1,29.099999999999998,1,clear,2,12,0,0.03,RED,0.0,5.0,0.03
2026-07-29 12:27:22,int-1,lane-N,6,0.0,3,clear,2,12,0,0.1,RED,157.5,2.0,0.2
2026-07-29 12:27:22,int-1,lane-S,0,29.4,0,clear,2,12,0,0.0,RED,0.0,2.0,0.0
2026-07-29 12:27:22,int-1,lane-E,0,30.0,0,clear,2,12,0,0.0,GREEN,0.0,2.0,0.0
2026-07-29 12:27:22,int-1,lane-W,0,29.4,0,clear,2,12,0,0.0,RED,0.0,2.0,0.0
2026-07-29 12:27:29,int-1,lane-N,12,0.5,4,clear,2,12,0,0.13,GREEN,159.5,6.0,0.4
2026-07-29 12:27:29,int-1,lane-S,16,29.7,7,clear,2,12,0,0.23,RED,0.0,6.0,0.53
2026-07-29 12:27:29,int-1,lane-E,18,29.7,7,clear,2,12,0,0.23,RED,0.0,6.0,0.6
2026-07-29 12:27:29,int-1,lane-W,11,29.7,4,clear,2,12,0,0.13,RED,0.0,6.0,0.37
2026-07-29 12:27:35,int-1,lane-N,2,1.5,0,clear,2,12,0,0.0,GREEN,160.5,5.0,0.07
2026-07-29 12:27:35,int-1,lane-S,0,29.099999999999998,0,clear,2,12,0,0.0,RED,0.0,5.0,0.0
2026-07-29 12:27:35,int-1,lane-E,3,29.099999999999998,3,clear,2,12,0,0.1,RED,0.0,5.0,0.1
2026-07-29 12:27:35,int-1,lane-W,1,29.099999999999998,1,clear,2,12,0,0.03,RED,0.0,5.0,0.03
2026-07-29 12:27:41,int-1,lane-N,3,1.0,0,clear,2,12,0,0.0,GREEN,162.5,2.0,0.1
2026-07-29 12:27:41,int-1,lane-S,1,29.4,1,clear,2,12,0,0.03,RED,0.0,2.0,0.03
2026-07-29 12:27:41,int-1,lane-E,2,29.4,2,clear,2,12,0,0.07,RED,0.0,2.0,0.07
2026-07-29 12:27:41,int-1,lane-W,1,29.4,1,clear,2,12,0,0.03,RED,0.0,2.0,0.03
2026-07-29 12:27:48,int-1,lane-N,5,0.0,2,clear,2,12,0,0.07,YELLOW,164.5,1.0,0.17
2026-07-29 12:27:48,int-1,lane-S,0,29.7,0,clear,2,12,0,0.0,RED,0.0,1.0,0.0
2026-07-29 12:27:48,int-1,lane-E,0,29.7,0,clear,2,12,0,0.0,RED,0.0,1.0,0.0
2026-07-29 12:27:48,int-1,lane-W,1,29.7,1,clear,2,12,0,0.03,RED,0.0,1.0,0.03
2026-07-29 12:27:54,int-1,lane-N,5,0.0,2,clear,2,12,0,0.07,RED,165.5,6.0,0.17
2026-07-29 12:27:54,int-1,lane-S,2,29.099999999999998,2,clear,2,12,0,0.07,RED,0.0,6.0,0.07
2026-07-29 12:27:54,int-1,lane-E,1,29.099999999999998,1,clear,2,12,0,0.03,RED,0.0,6.0,0.03
2026-07-29 12:27:54,int-1,lane-W,0,30.0,0,clear,2,12,0,0.0,GREEN,0.0,6.0,0.0
2026-07-29 12:28:00,int-1,lane-N,5,0.0,2,clear,2,12,0,0.07,RED,167.5,3.0,0.17
2026-07-29 12:28:00,int-1,lane-S,1,29.4,1,clear,2,12,0,0.03,RED,0.0,3.0,0.03
2026-07-29 12:28:00,int-1,lane-E,2,29.4,2,clear,2,12,0,0.07,RED,0.0,3.0,0.07
2026-07-29 12:28:00,int-1,lane-W,0,30.0,0,clear,2,12,0,0.0,GREEN,0.0,3.0,0.0
2026-07-29 12:28:07,int-1,lane-N,5,0.0,2,clear,2,12,0,0.07,RED,169.5,2.0,0.17
2026-07-29 12:28:07,int-1,lane-S,0,29.7,0,clear,2,12,0,0.0,RED,0.0,2.0,0.0
2026-07-29 12:28:07,int-1,lane-E,0,29.7,0,clear,2,12,0,0.0,RED,0.0,2.0,0.0
2026-07-29 12:28:07,int-1,lane-W,0,30.0,0,clear,2,12,0,0.0,YELLOW,0.0,2.0,0.0
2026-07-29 12:28:13,int-1,lane-N,2,1.5,0,clear,2,12,0,0.0,GREEN,170.5,6.0,0.07
2026-07-29 12:28:13,int-1,lane-S,1,29.099999999999998,1,clear,2,12,0,0.03,RED,0.0,6.0,0.03
2026-07-29 12:28:13,int-1,lane-E,1,29.099999999999998,1,clear,2,12,0,0.03,RED,0.0,6.0,0.03
2026-07-29 12:28:13,int-1,lane-W,1,29.099999999999998,1,clear,2,12,0,0.03,RED,0.0,6.0,0.03
2026-07-29 12:28:20,int-1,lane-N,3,1.0,0,clear,2,12,0,0.0,GREEN,172.5,4.0,0.1
2026-07-29 12:28:20,int-1,lane-S,1,29.4,1,clear,2,12,0,0.03,RED,0.0,4.0,0.03
2026-07-29 12:28:20,int-1,lane-E,2,29.4,2,clear,2,12,0,0.07,RED,0.0,4.0,0.07
2026-07-29 12:28:20,int-1,lane-W,1,29.4,1,clear,2,12,0,0.03,RED,0.0,4.0,0.03
2026-07-29 12:28:29,int-1,lane-N,5,0.0,2,clear,2,12,0,0.07,YELLOW,174.5,2.0,0.17
2026-07-29 12:28:29,int-1,lane-S,0,29.7,0,clear,2,12,0,0.0,RED,0.0,2.0,0.0
2026-07-29 12:28:29,int-1,lane-E,0,29.7,0,clear,2,12,0,0.0,RED,0.0,2.0,0.0
2026-07-29 12:28:29,int-1,lane-W,0,29.7,0,clear,2,12,0,0.0,RED,0.0,2.0,0.0
2026-07-29 12:28:37,int-1,lane-N,13,0.0,6,clear,2,12,0,0.2,RED,175.5,6.0,0.43
2026-07-29 12:28:37,int-1,lane-S,14,31.5,4,clear,2,12,0,0.13,GREEN,0.0,6.0,0.47
2026-07-29 12:28:37,int-1,lane-E,19,29.099999999999998,8,clear,2,12,0,0.27,RED,0.0,6.0,0.63
2026-07-29 12:28:37,int-1,lane-W,10,29.099999999999998,5,clear,2,12,0,0.17,RED,0.0,6.0,0.33
2026-07-29 12:28:44,int-1,lane-N,6,0.0,3,clear,2,12,0,0.1,RED,177.5,6.0,0.2
2026-07-29 12:28:44,int-1,lane-S,0,30.0,0,clear,2,12,0,0.0,GREEN,0.0,6.0,0.0
2026-07-29 12:28:44,int-1,lane-E,0,29.4,0,clear,2,12,0,0.0,RED,0.0,6.0,0.0
2026-07-29 12:28:44,int-1,lane-W,1,29.4,1,clear,2,12,0,0.03,RED,0.0,6.0,0.03
2026-07-29 12:28:51,int-1,lane-N,6,0.0,3,clear,2,12,0,0.1,RED,179.5,4.0,0.2
2026-07-29 12:28:51,int-1,lane-S,0,30.0,0,clear,2,12,0,0.0,GREEN,0.0,4.0,0.0
2026-07-29 12:28:51,int-1,lane-E,0,29.7,0,clear,2,12,0,0.0,RED,0.0,4.0,0.0
2026-07-29 12:28:51,int-1,lane-W,1,29.7,1,clear,2,12,0,0.03,RED,0.0,4.0,0.03
2026-07-29 12:28:57,int-1,lane-N,5,0.0,2,clear,2,12,0,0.07,RED,180.5,2.0,0.17
2026-07-29 12:28:57,int-1,lane-S,0,30.0,0,clear,2,12,0,0.0,YELLOW,0.0,2.0,0.0
2026-07-29 12:28:57,int-1,lane-E,0,29.099999999999998,0,clear,2,12,0,0.0,RED,0.0,2.0,0.0
2026-07-29 12:28:57,int-1,lane-W,1,29.099999999999998,1,clear,2,12,0,0.03,RED,0.0,2.0,0.03
2026-07-29 12:29:06,int-1,lane-N,3,1.0,0,clear,2,12,0,0.0,GREEN,182.5,6.0,0.1
2026-07-29 12:29:06,int-1,lane-S,2,29.4,2,clear,2,12,0,0.07,RED,0.0,6.0,0.07
2026-07-29 12:29:06,int-1,lane-E,0,29.4,0,clear,2,12,0,0.0,RED,0.0,6.0,0.0
2026-07-29 12:29:06,int-1,lane-W,1,29.4,1,clear,2,12,0,0.03,RED,0.0,6.0,0.03
2026-07-29 12:29:13,int-1,lane-N,4,0.5,1,clear,2,12,0,0.03,GREEN,184.5,3.0,0.13
2026-07-29 12:29:13,int-1,lane-S,0,29.7,0,clear,2,12,0,0.0,RED,0.0,3.0,0.0
2026-07-29 12:29:13,int-1,lane-E,1,29.7,1,clear,2,12,0,0.03,RED,0.0,3.0,0.03
2026-07-29 12:29:13,int-1,lane-W,1,29.7,1,clear,2,12,0,0.03,RED,0.0,3.0,0.03
2026-07-29 12:29:26,int-1,lane-N,4,0.5,1,clear,2,12,0,0.03,YELLOW,185.5,2.0,0.13
2026-07-29 12:29:26,int-1,lane-S,2,29.099999999999998,2,clear,2,12,0,0.07,RED,0.0,2.0,0.07
2026-07-29 12:29:26,int-1,lane-E,1,29.099999999999998,1,clear,2,12,0,0.03,RED,0.0,2.0,0.03
2026-07-29 12:29:26,int-1,lane-W,3,29.099999999999998,3,clear,2,12,0,0.1,RED,0.0,2.0,0.1
2026-07-29 12:29:33,int-1,lane-N,6,0.0,3,clear,2,12,0,0.1,RED,187.5,5.0,0.2
2026-07-29 12:29:33,int-1,lane-S,1,29.4,1,clear,2,12,0,0.03,RED,0.0,5.0,0.03
2026-07-29 12:29:33,int-1,lane-E,2,29.4,2,clear,2,12,0,0.07,RED,0.0,5.0,0.07
2026-07-29 12:29:33,int-1,lane-W,0,30.0,0,clear,2,12,0,0.0,GREEN,0.0,5.0,0.0
2026-07-29 12:29:44,int-1,lane-N,5,0.0,2,clear,2,12,0,0.07,RED,189.5,2.0,0.17
2026-07-29 12:29:44,int-1,lane-S,0,29.7,0,clear,2,12,0,0.0,RED,0.0,2.0,0.0
2026-07-29 12:29:44,int-1,lane-E,0,29.7,0,clear,2,12,0,0.0,RED,0.0,2.0,0.0
2026-07-29 12:29:44,int-1,lane-W,0,30.0,0,clear,2,12,0,0.0,GREEN,0.0,2.0,0.0
2026-07-29 12:29:53,int-1,lane-N,10,0.5,3,clear,2,12,0,0.1,GREEN,190.5,6.0,0.33
2026-07-29 12:29:53,int-1,lane-S,13,29.099999999999998,5,clear,2,12,0,0.17,RED,0.0,6.0,0.43
2026-07-29 12:29:53,int-1,lane-E,17,29.099999999999998,7,clear,2,12,0,0.23,RED,0.0,6.0,0.57
2026-07-29 12:29:53,int-1,lane-W,11,29.7,5,clear,2,12,0,0.17,RED,0.0,6.0,0.37
2026-07-29 12:30:04,int-1,lane-N,3,1.0,0,clear,2,12,0,0.0,GREEN,192.5,4.0,0.1
2026-07-29 12:30:04,int-1,lane-S,0,29.4,0,clear,2,12,0,0.0,RED,0.0,4.0,0.0
2026-07-29 12:30:04,int-1,lane-E,1,29.4,1,clear,2,12,0,0.03,RED,0.0,4.0,0.03
2026-07-29 12:30:04,int-1,lane-W,0,29.4,0,clear,2,12,0,0.0,RED,0.0,4.0,0.0
2026-07-29 12:30:12,int-1,lane-N,4,0.5,1,clear,2,12,0,0.03,GREEN,194.5,1.0,0.13
2026-07-29 12:30:12,int-1,lane-S,0,29.7,0,clear,2,12,0,0.0,RED,0.0,1.0,0.0
2026-07-29 12:30:12,int-1,lane-E,1,29.7,1,clear,2,12,0,0.03,RED,0.0,1.0,0.03
2026-07-29 12:30:12,int-1,lane-W,1,29.7,1,clear,2,12,0,0.03,RED,0.0,1.0,0.03
2026-07-29 12:30:18,int-1,lane-N,13,0.0,6,clear,2,12,0,0.2,RED,195.5,6.0,0.43
2026-07-29 12:30:18,int-1,lane-S,17,29.099999999999998,7,clear,2,12,0,0.23,RED,0.0,6.0,0.57
2026-07-29 12:30:18,int-1,lane-E,17,30.7,6,clear,2,12,0,0.2,GREEN,0.0,6.0,0.57
2026-07-29 12:30:18,int-1,lane-W,14,29.099999999999998,6,clear,2,12,0,0.2,RED,0.0,6.0,0.47
2026-07-29 12:30:25,int-1,lane-N,5,0.0,2,clear,2,12,0,0.07,RED,197.5,6.0,0.17
2026-07-29 12:30:25,int-1,lane-S,1,29.4,1,clear,2,12,0,0.03,RED,0.0,6.0,0.03
2026-07-29 12:30:25,int-1,lane-E,0,30.0,0,clear,2,12,0,0.0,GREEN,0.0,6.0,0.0
2026-07-29 12:30:25,int-1,lane-W,0,29.4,0,clear,2,12,0,0.0,RED,0.0,6.0,0.0
2026-07-29 12:30:32,int-1,lane-N,5,0.0,2,clear,2,12,0,0.07,RED,199.5,5.0,0.17
2026-07-29 12:30:32,int-1,lane-S,1,29.7,1,clear,2,12,0,0.03,RED,0.0,5.0,0.03
2026-07-29 12:30:32,int-1,lane-E,0,30.0,0,clear,2,12,0,0.0,GREEN,0.0,5.0,0.0
2026-07-29 12:30:32,int-1,lane-W,0,29.7,0,clear,2,12,0,0.0,RED,0.0,5.0,0.0
2026-07-29 12:30:37,int-1,lane-N,8,0.0,5,clear,2,12,0,0.17,RED,200.5,2.0,0.27
2026-07-29 12:30:37,int-1,lane-S,2,29.099999999999998,2,clear,2,12,0,0.07,RED,0.0,2.0,0.07
2026-07-29 12:30:37,int-1,lane-E,0,30.0,0,clear,2,12,0,0.0,GREEN,0.0,2.0,0.0
2026-07-29 12:30:37,int-1,lane-W,2,29.099999999999998,2,clear,2,12,0,0.07,RED,0.0,2.0,0.07
2026-07-29 12:30:44,int-1,lane-N,5,0.0,2,clear,2,12,0,0.07,RED,202.5,1.0,0.17
2026-07-29 12:30:44,int-1,lane-S,1,29.4,1,clear,2,12,0,0.03,RED,0.0,1.0,0.03
2026-07-29 12:30:44,int-1,lane-E,0,30.0,0,clear,2,12,0,0.0,YELLOW,0.0,1.0,0.0
2026-07-29 12:30:44,int-1,lane-W,1,29.4,1,clear,2,12,0,0.03,RED,0.0,1.0,0.03
2026-07-29 12:30:51,int-1,lane-N,4,0.5,1,clear,2,12,0,0.03,GREEN,204.5,5.0,0.13
2026-07-29 12:30:51,int-1,lane-S,1,29.7,1,clear,2,12,0,0.03,RED,0.0,5.0,0.03
2026-07-29 12:30:51,int-1,lane-E,0,29.7,0,clear,2,12,0,0.0,RED,0.0,5.0,0.0
2026-07-29 12:30:51,int-1,lane-W,0,29.7,0,clear,2,12,0,0.0,RED,0.0,5.0,0.0
2026-07-29 12:31:02,int-1,lane-N,2,1.5,0,clear,2,12,0,0.0,GREEN,205.5,2.0,0.07
2026-07-29 12:31:02,int-1,lane-S,2,29.099999999999998,2,clear,2,12,0,0.07,RED,0.0,2.0,0.07
2026-07-29 12:31:02,int-1,lane-E,3,29.099999999999998,3,clear,2,12,0,0.1,RED,0.0,2.0,0.1
2026-07-29 12:31:02,int-1,lane-W,2,29.099999999999998,2,clear,2,12,0,0.07,RED,0.0,2.0,0.07
2026-07-29 12:31:17,int-1,lane-N,5,0.0,2,clear,2,12,0,0.07,YELLOW,207.5,1.0,0.17
2026-07-29 12:31:17,int-1,lane-S,0,29.4,0,clear,2,12,0,0.0,RED,0.0,1.0,0.0
2026-07-29 12:31:17,int-1,lane-E,0,29.4,0,clear,2,12,0,0.0,RED,0.0,1.0,0.0
2026-07-29 12:31:17,int-1,lane-W,0,29.4,0,clear,2,12,0,0.0,RED,0.0,1.0,0.0
2026-07-29 12:31:31,int-1,lane-N,6,0.0,3,clear,2,12,0,0.1,RED,209.5,6.0,0.2
2026-07-29 12:31:31,int-1,lane-S,0,30.0,0,clear,2,12,0,0.0,GREEN,0.0,6.0,0.0
2026-07-29 12:31:31,int-1,lane-E,0,29.7,0,clear,2,12,0,0.0,RED,0.0,6.0,0.0
2026-07-29 12:31:31,int-1,lane-W,0,29.7,0,clear,2,12,0,0.0,RED,0.0,6.0,0.0
2026-07-29 12:31:37,int-1,lane-N,6,0.0,3,clear,2,12,0,0.1,RED,210.5,5.0,0.2
2026-07-29 12:31:37,int-1,lane-S,0,30.0,0,clear,2,12,0,0.0,GREEN,0.0,5.0,0.0
2026-07-29 12:31:37,int-1,lane-E,2,29.099999999999998,2,clear,2,12,0,0.07,RED,0.0,5.0,0.07
2026-07-29 12:31:37,int-1,lane-W,2,29.099999999999998,2,clear,2,12,0,0.07,RED,0.0,5.0,0.07
2026-07-29 12:31:44,int-1,lane-N,5,0.0,2,clear,2,12,0,0.07,RED,212.5,2.0,0.17
2026-07-29 12:31:44,int-1,lane-S,0,30.0,0,clear,2,12,0,0.0,GREEN,0.0,2.0,0.0
2026-07-29 12:31:44,int-1,lane-E,1,29.4,1,clear,2,12,0,0.03,RED,0.0,2.0,0.03
2026-07-29 12:31:44,int-1,lane-W,1,29.4,1,clear,2,12,0,0.03,RED,0.0,2.0,0.03
2026-07-29 12:31:52,int-1,lane-N,5,0.0,2,clear,2,12,0,0.07,RED,214.5,1.0,0.17
2026-07-29 12:31:52,int-1,lane-S,0,30.0,0,clear,2,12,0,0.0,YELLOW,0.0,1.0,0.0
2026-07-29 12:31:52,int-1,lane-E,0,29.7,0,clear,2,12,0,0.0,RED,0.0,1.0,0.0
2026-07-29 12:31:52,int-1,lane-W,0,29.7,0,clear,2,12,0,0.0,RED,0.0,1.0,0.0
2026-07-29 12:31:58,int-1,lane-N,2,1.5,0,clear,2,12,0,0.0,GREEN,215.5,4.0,0.07
2026-07-29 12:31:58,int-1,lane-S,1,29.099999999999998,1,clear,2,12,0,0.03,RED,0.0,4.0,0.03
2026-07-29 12:31:58,int-1,lane-E,1,29.099999999999998,1,clear,2,12,0,0.03,RED,0.0,4.0,0.03
2026-07-29 12:31:58,int-1,lane-W,1,29.099999999999998,1,clear,2,12,0,0.03,RED,0.0,4.0,0.03
2026-07-29 12:32:04,int-1,lane-N,3,1.0,0,clear,2,12,0,0.0,GREEN,217.5,1.0,0.1
2026-07-29 12:32:04,int-1,lane-S,0,29.4,0,clear,2,12,0,0.0,RED,0.0,1.0,0.0
2026-07-29 12:32:04,int-1,lane-E,1,29.4,1,clear,2,12,0,0.03,RED,0.0,1.0,0.03
2026-07-29 12:32:04,int-1,lane-W,2,29.4,2,clear,2,12,0,0.07,RED,0.0,1.0,0.07
2026-07-29 12:32:11,int-1,lane-N,5,0.0,2,clear,2,12,0,0.07,RED,219.5,6.0,0.17
2026-07-29 12:32:11,int-1,lane-S,0,29.7,0,clear,2,12,0,0.0,RED,0.0,6.0,0.0
2026-07-29 12:32:11,int-1,lane-E,0,30.0,0,clear,2,12,0,0.0,GREEN,0.0,6.0,0.0
2026-07-29 12:32:11,int-1,lane-W,0,29.7,0,clear,2,12,0,0.0,RED,0.0,6.0,0.0
2026-07-29 12:32:17,int-1,lane-N,7,0.0,4,clear,2,12,0,0.13,RED,220.5,6.0,0.23
2026-07-29 12:32:17,int-1,lane-S,2,29.099999999999998,2,clear,2,12,0,0.07,RED,0.0,6.0,0.07
2026-07-29 12:32:17,int-1,lane-E,0,30.0,0,clear,2,12,0,0.0,GREEN,0.0,6.0,0.0
2026-07-29 12:32:17,int-1,lane-W,1,29.099999999999998,1,clear,2,12,0,0.03,RED,0.0,6.0,0.03
2026-07-29 12:32:24,int-1,lane-N,5,0.0,2,clear,2,12,0,0.07,RED,222.5,4.0,0.17
2026-07-29 12:32:24,int-1,lane-S,1,29.4,1,clear,2,12,0,0.03,RED,0.0,4.0,0.03
2026-07-29 12:32:24,int-1,lane-E,0,30.0,0,clear,2,12,0,0.0,GREEN,0.0,4.0,0.0
2026-07-29 12:32:24,int-1,lane-W,1,29.4,1,clear,2,12,0,0.03,RED,0.0,4.0,0.03
2026-07-29 12:32:31,int-1,lane-N,5,0.0,2,clear,2,12,0,0.07,RED,224.5,1.0,0.17
2026-07-29 12:32:31,int-1,lane-S,0,29.7,0,clear,2,12,0,0.0,RED,0.0,1.0,0.0
2026-07-29 12:32:31,int-1,lane-E,0,30.0,0,clear,2,12,0,0.0,GREEN,0.0,1.0,0.0
2026-07-29 12:32:31,int-1,lane-W,0,29.7,0,clear,2,12,0,0.0,RED,0.0,1.0,0.0
2026-07-29 12:32:38,int-1,lane-N,11,1.0,3,clear,2,12,0,0.1,GREEN,225.5,6.0,0.37
2026-07-29 12:32:38,int-1,lane-S,13,29.099999999999998,5,clear,2,12,0,0.17,RED,0.0,6.0,0.43
2026-07-29 12:32:38,int-1,lane-E,21,29.4,9,clear,2,12,0,0.3,RED,0.0,6.0,0.7
2026-07-29 12:32:38,int-1,lane-W,13,29.099999999999998,6,clear,2,12,0,0.2,RED,0.0,6.0,0.43
2026-07-29 12:32:44,int-1,lane-N,3,1.0,0,clear,2,12,0,0.0,GREEN,227.5,5.0,0.1
2026-07-29 12:32:44,int-1,lane-S,0,29.4,0,clear,2,12,0,0.0,RED,0.0,5.0,0.0
2026-07-29 12:32:44,int-1,lane-E,0,29.4,0,clear,2,12,0,0.0,RED,0.0,5.0,0.0
2026-07-29 12:32:44,int-1,lane-W,1,29.4,1,clear,2,12,0,0.03,RED,0.0,5.0,0.03
2026-07-29 12:32:51,int-1,lane-N,4,0.5,1,clear,2,12,0,0.03,GREEN,229.5,2.0,0.13
2026-07-29 12:32:51,int-1,lane-S,1,29.7,1,clear,2,12,0,0.03,RED,0.0,2.0,0.03
2026-07-29 12:32:51,int-1,lane-E,0,29.7,0,clear,2,12,0,0.0,RED,0.0,2.0,0.0
2026-07-29 12:32:51,int-1,lane-W,0,29.7,0,clear,2,12,0,0.0,RED,0.0,2.0,0.0
2026-07-29 12:32:57,int-1,lane-N,12,0.0,5,clear,2,12,0,0.17,RED,230.5,6.0,0.4
2026-07-29 12:32:57,int-1,lane-S,15,29.099999999999998,6,clear,2,12,0,0.2,RED,0.0,6.0,0.5
2026-07-29 12:32:57,int-1,lane-E,17,29.099999999999998,7,clear,2,12,0,0.23,RED,0.0,6.0,0.57
2026-07-29 12:32:57,int-1,lane-W,10,29.9,3,clear,2,12,0,0.1,GREEN,0.0,6.0,0.33
2026-07-29 12:33:04,int-1,lane-N,6,0.0,3,clear,2,12,0,0.1,RED,232.5,4.0,0.2
2026-07-29 12:33:04,int-1,lane-S,0,29.4,0,clear,2,12,0,0.0,RED,0.0,4.0,0.0
2026-07-29 12:33:04,int-1,lane-E,2,29.4,2,clear,2,12,0,0.07,RED,0.0,4.0,0.07
2026-07-29 12:33:04,int-1,lane-W,0,30.0,0,clear,2,12,0,0.0,GREEN,0.0,4.0,0.0
2026-07-29 12:33:11,int-1,lane-N,6,0.0,3,clear,2,12,0,0.1,RED,234.5,1.0,0.2
2026-07-29 12:33:11,int-1,lane-S,0,29.7,0,clear,2,12,0,0.0,RED,0.0,1.0,0.0
2026-07-29 12:33:11,int-1,lane-E,0,29.7,0,clear,2,12,0,0.0,RED,0.0,1.0,0.0
2026-07-29 12:33:11,int-1,lane-W,0,30.0,0,clear,2,12,0,0.0,GREEN,0.0,1.0,0.0
2026-07-29 12:33:17,int-1,lane-N,10,1.0,3,clear,2,12,0,0.1,GREEN,235.5,6.0,0.33
2026-07-29 12:33:17,int-1,lane-S,16,29.099999999999998,7,clear,2,12,0,0.23,RED,0.0,6.0,0.53
2026-07-29 12:33:17,int-1,lane-E,18,29.099999999999998,7,clear,2,12,0,0.23,RED,0.0,6.0,0.6
2026-07-29 12:33:17,int-1,lane-W,12,29.4,5,clear,2,12,0,0.17,RED,0.0,6.0,0.4
2026-07-29 12:33:23,int-1,lane-N,3,1.0,0,clear,2,12,0,0.0,GREEN,237.5,4.0,0.1
2026-07-29 12:33:23,int-1,lane-S,1,29.4,1,clear,2,12,0,0.03,RED,0.0,4.0,0.03
2026-07-29 12:33:23,int-1,lane-E,2,29.4,2,clear,2,12,0,0.07,RED,0.0,4.0,0.07
2026-07-29 12:33:23,int-1,lane-W,0,29.4,0,clear,2,12,0,0.0,RED,0.0,4.0,0.0
2026-07-29 12:33:30,int-1,lane-N,4,0.5,1,clear,2,12,0,0.03,GREEN,239.5,1.0,0.13
2026-07-29 12:33:30,int-1,lane-S,1,29.7,1,clear,2,12,0,0.03,RED,0.0,1.0,0.03
2026-07-29 12:33:30,int-1,lane-E,0,29.7,0,clear,2,12,0,0.0,RED,0.0,1.0,0.0
2026-07-29 12:33:30,int-1,lane-W,0,29.7,0,clear,2,12,0,0.0,RED,0.0,1.0,0.0
2026-07-29 12:33:37,int-1,lane-N,14,0.0,6,clear,2,12,0,0.2,RED,240.5,6.0,0.47
2026-07-29 12:33:37,int-1,lane-S,13,30.7,4,clear,2,12,0,0.13,GREEN,0.0,6.0,0.43
2026-07-29 12:33:37,int-1,lane-E,21,29.099999999999998,9,clear,2,12,0,0.3,RED,0.0,6.0,0.7
2026-07-29 12:33:37,int-1,lane-W,10,29.099999999999998,4,clear,2,12,0,0.13,RED,0.0,6.0,0.33
2026-07-29 12:33:43,int-1,lane-N,6,0.0,3,clear,2,12,0,0.1,RED,242.5,6.0,0.2
2026-07-29 12:33:43,int-1,lane-S,0,30.0,0,clear,2,12,0,0.0,GREEN,0.0,6.0,0.0
2026-07-29 12:33:43,int-1,lane-E,0,29.4,0,clear,2,12,0,0.0,RED,0.0,6.0,0.0
2026-07-29 12:33:43,int-1,lane-W,1,29.4,1,clear,2,12,0,0.03,RED,0.0,6.0,0.03
2026-07-29 12:33:50,int-1,lane-N,5,0.0,2,clear,2,12,0,0.07,RED,244.5,3.0,0.17
2026-07-29 12:33:50,int-1,lane-S,0,30.0,0,clear,2,12,0,0.0,GREEN,0.0,3.0,0.0
2026-07-29 12:33:50,int-1,lane-E,1,29.7,1,clear,2,12,0,0.03,RED,0.0,3.0,0.03
2026-07-29 12:33:50,int-1,lane-W,1,29.7,1,clear,2,12,0,0.03,RED,0.0,3.0,0.03
2026-07-29 12:33:56,int-1,lane-N,7,0.0,4,clear,2,12,0,0.13,RED,245.5,2.0,0.23
2026-07-29 12:33:56,int-1,lane-S,0,30.0,0,clear,2,12,0,0.0,YELLOW,0.0,2.0,0.0
2026-07-29 12:33:56,int-1,lane-E,3,29.099999999999998,3,clear,2,12,0,0.1,RED,0.0,2.0,0.1
2026-07-29 12:33:56,int-1,lane-W,2,29.099999999999998,2,clear,2,12,0,0.07,RED,0.0,2.0,0.07
2026-07-29 12:34:04,int-1,lane-N,3,1.0,0,clear,2,12,0,0.0,GREEN,247.5,5.0,0.1
2026-07-29 12:34:04,int-1,lane-S,1,29.4,1,clear,2,12,0,0.03,RED,0.0,5.0,0.03
2026-07-29 12:34:04,int-1,lane-E,0,29.4,0,clear,2,12,0,0.0,RED,0.0,5.0,0.0
2026-07-29 12:34:04,int-1,lane-W,0,29.4,0,clear,2,12,0,0.0,RED,0.0,5.0,0.0
2026-07-29 12:34:11,int-1,lane-N,4,0.5,1,clear,2,12,0,0.03,GREEN,249.5,2.0,0.13
2026-07-29 12:34:11,int-1,lane-S,0,29.7,0,clear,2,12,0,0.0,RED,0.0,2.0,0.0
2026-07-29 12:34:11,int-1,lane-E,1,29.7,1,clear,2,12,0,0.03,RED,0.0,2.0,0.03
2026-07-29 12:34:11,int-1,lane-W,1,29.7,1,clear,2,12,0,0.03,RED,0.0,2.0,0.03
2026-07-29 12:34:17,int-1,lane-N,13,0.0,6,clear,2,12,0,0.2,RED,250.5,6.0,0.43
2026-07-29 12:34:17,int-1,lane-S,15,29.099999999999998,6,clear,2,12,0,0.2,RED,0.0,6.0,0.5
2026-07-29 12:34:17,int-1,lane-E,14,29.9,5,clear,2,12,0,0.17,GREEN,0.0,6.0,0.47
2026-07-29 12:34:17,int-1,lane-W,11,29.099999999999998,4,clear,2,12,0,0.13,RED,0.0,6.0,0.37
2026-07-29 12:34:23,int-1,lane-N,6,0.0,3,clear,2,12,0,0.1,RED,252.5,6.0,0.2
2026-07-29 12:34:23,int-1,lane-S,0,29.4,0,clear,2,12,0,0.0,RED,0.0,6.0,0.0
2026-07-29 12:34:23,int-1,lane-E,0,30.0,0,clear,2,12,0,0.0,GREEN,0.0,6.0,0.0
2026-07-29 12:34:23,int-1,lane-W,0,29.4,0,clear,2,12,0,0.0,RED,0.0,6.0,0.0
2026-07-29 12:34:30,int-1,lane-N,5,0.0,2,clear,2,12,0,0.07,RED,254.5,4.0,0.17
2026-07-29 12:34:30,int-1,lane-S,1,29.7,1,clear,2,12,0,0.03,RED,0.0,4.0,0.03
2026-07-29 12:34:30,int-1,lane-E,0,30.0,0,clear,2,12,0,0.0,GREEN,0.0,4.0,0.0
2026-07-29 12:34:30,int-1,lane-W,1,29.7,1,clear,2,12,0,0.03,RED,0.0,4.0,0.03
2026-07-29 12:34:36,int-1,lane-N,6,0.0,3,clear,2,12,0,0.1,RED,255.5,2.0,0.2
2026-07-29 12:34:36,int-1,lane-S,2,29.099999999999998,2,clear,2,12,0,0.07,RED,0.0,2.0,0.07
2026-07-29 12:34:36,int-1,lane-E,0,30.0,0,clear,2,12,0,0.0,YELLOW,0.0,2.0,0.0
2026-07-29 12:34:36,int-1,lane-W,1,29.099999999999998,1,clear,2,12,0,0.03,RED,0.0,2.0,0.03
2026-07-29 12:34:42,int-1,lane-N,3,1.0,0,clear,2,12,0,0.0,GREEN,257.5,5.0,0.1
2026-07-29 12:34:42,int-1,lane-S,0,29.4,0,clear,2,12,0,0.0,RED,0.0,5.0,0.0
2026-07-29 12:34:42,int-1,lane-E,1,29.4,1,clear,2,12,0,0.03,RED,0.0,5.0,0.03
2026-07-29 12:34:42,int-1,lane-W,1,29.4,1,clear,2,12,0,0.03,RED,0.0,5.0,0.03
2026-07-29 12:34:49,int-1,lane-N,4,0.5,1,clear,2,12,0,0.03,GREEN,259.5,2.0,0.13
2026-07-29 12:34:49,int-1,lane-S,1,29.7,1,clear,2,12,0,0.03,RED,0.0,2.0,0.03
2026-07-29 12:34:49,int-1,lane-E,0,29.7,0,clear,2,12,0,0.0,RED,0.0,2.0,0.0
2026-07-29 12:34:49,int-1,lane-W,0,29.7,0,clear,2,12,0,0.0,RED,0.0,2.0,0.0
2026-07-29 12:34:55,int-1,lane-N,5,0.0,2,clear,2,12,0,0.07,YELLOW,260.5,1.0,0.17
2026-07-29 12:34:55,int-1,lane-S,1,29.099999999999998,1,clear,2,12,0,0.03,RED,0.0,1.0,0.03
2026-07-29 12:34:55,int-1,lane-E,2,29.099999999999998,2,clear,2,12,0,0.07,RED,0.0,1.0,0.07
2026-07-29 12:34:55,int-1,lane-W,2,29.099999999999998,2,clear,2,12,0,0.07,RED,0.0,1.0,0.07
2026-07-29 12:35:01,int-1,lane-N,6,0.0,3,clear,2,12,0,0.1,RED,262.5,6.0,0.2
2026-07-29 12:35:01,int-1,lane-S,0,30.0,0,clear,2,12,0,0.0,GREEN,0.0,6.0,0.0
2026-07-29 12:35:01,int-1,lane-E,1,29.4,1,clear,2,12,0,0.03,RED,0.0,6.0,0.03
2026-07-29 12:35:01,int-1,lane-W,0,29.4,0,clear,2,12,0,0.0,RED,0.0,6.0,0.0
2026-07-29 12:35:07,int-1,lane-N,5,0.0,2,clear,2,12,0,0.07,RED,264.5,4.0,0.17
2026-07-29 12:35:07,int-1,lane-S,0,30.0,0,clear,2,12,0,0.0,GREEN,0.0,4.0,0.0
2026-07-29 12:35:07,int-1,lane-E,0,29.7,0,clear,2,12,0,0.0,RED,0.0,4.0,0.0
2026-07-29 12:35:07,int-1,lane-W,0,29.7,0,clear,2,12,0,0.0,RED,0.0,4.0,0.0
2026-07-29 12:35:13,int-1,lane-N,7,0.0,4,clear,2,12,0,0.13,RED,265.5,1.0,0.23
2026-07-29 12:35:13,int-1,lane-S,0,30.0,0,clear,2,12,0,0.0,GREEN,0.0,1.0,0.0
2026-07-29 12:35:13,int-1,lane-E,2,29.099999999999998,2,clear,2,12,0,0.07,RED,0.0,1.0,0.07
2026-07-29 12:35:13,int-1,lane-W,0,29.099999999999998,0,clear,2,12,0,0.0,RED,0.0,1.0,0.0
2026-07-29 12:35:20,int-1,lane-N,9,1.0,2,clear,2,12,0,0.07,GREEN,267.5,6.0,0.3
2026-07-29 12:35:20,int-1,lane-S,16,29.4,6,clear,2,12,0,0.2,RED,0.0,6.0,0.53
2026-07-29 12:35:20,int-1,lane-E,20,29.4,9,clear,2,12,0,0.3,RED,0.0,6.0,0.67
2026-07-29 12:35:20,int-1,lane-W,12,29.4,6,clear,2,12,0,0.2,RED,0.0,6.0,0.4
2026-07-29 12:35:30,int-1,lane-N,4,0.5,1,clear,2,12,0,0.03,GREEN,269.5,4.0,0.13
2026-07-29 12:35:30,int-1,lane-S,1,29.7,1,clear,2,12,0,0.03,RED,0.0,4.0,0.03
2026-07-29 12:35:30,int-1,lane-E,0,29.7,0,clear,2,12,0,0.0,RED,0.0,4.0,0.0
2026-07-29 12:35:30,int-1,lane-W,0,29.7,0,clear,2,12,0,0.0,RED,0.0,4.0,0.0
2026-07-29 12:35:37,int-1,lane-N,3,1.0,0,clear,2,12,0,0.0,YELLOW,270.5,2.0,0.1
2026-07-29 12:35:37,int-1,lane-S,2,29.099999999999998,2,clear,2,12,0,0.07,RED,0.0,2.0,0.07
2026-07-29 12:35:37,int-1,lane-E,1,29.099999999999998,1,clear,2,12,0,0.03,RED,0.0,2.0,0.03
2026-07-29 12:35:37,int-1,lane-W,1,29.099999999999998,1,clear,2,12,0,0.03,RED,0.0,2.0,0.03
2026-07-29 12:35:45,int-1,lane-N,6,0.0,3,clear,2,12,0,0.1,RED,272.5,6.0,0.2
2026-07-29 12:35:45,int-1,lane-S,0,29.4,0,clear,2,12,0,0.0,RED,0.0,6.0,0.0
2026-07-29 12:35:45,int-1,lane-E,0,30.0,0,clear,2,12,0,0.0,GREEN,0.0,6.0,0.0
2026-07-29 12:35:45,int-1,lane-W,1,29.4,1,clear,2,12,0,0.03,RED,0.0,6.0,0.03
2026-07-29 12:35:54,int-1,lane-N,6,0.0,3,clear,2,12,0,0.1,RED,274.5,6.0,0.2
2026-07-29 12:35:54,int-1,lane-S,0,29.7,0,clear,2,12,0,0.0,RED,0.0,6.0,0.0
2026-07-29 12:35:54,int-1,lane-E,0,30.0,0,clear,2,12,0,0.0,GREEN,0.0,6.0,0.0
2026-07-29 12:35:54,int-1,lane-W,0,29.7,0,clear,2,12,0,0.0,RED,0.0,6.0,0.0
2026-07-29 12:36:00,int-1,lane-N,7,0.0,4,clear,2,12,0,0.13,RED,275.5,4.0,0.23
2026-07-29 12:36:00,int-1,lane-S,2,29.099999999999998,2,clear,2,12,0,0.07,RED,0.0,4.0,0.07
2026-07-29 12:36:00,int-1,lane-E,0,30.0,0,clear,2,12,0,0.0,GREEN,0.0,4.0,0.0
2026-07-29 12:36:00,int-1,lane-W,1,29.099999999999998,1,clear,2,12,0,0.03,RED,0.0,4.0,0.03
2026-07-29 12:36:07,int-1,lane-N,6,0.0,3,clear,2,12,0,0.1,RED,277.5,1.0,0.2
2026-07-29 12:36:07,int-1,lane-S,0,29.4,0,clear,2,12,0,0.0,RED,0.0,1.0,0.0
2026-07-29 12:36:07,int-1,lane-E,0,30.0,0,clear,2,12,0,0.0,GREEN,0.0,1.0,0.0
2026-07-29 12:36:07,int-1,lane-W,0,29.4,0,clear,2,12,0,0.0,RED,0.0,1.0,0.0
2026-07-29 12:36:15,int-1,lane-N,4,0.5,1,clear,2,12,0,0.03,GREEN,279.5,6.0,0.13
2026-07-29 12:36:15,int-1,lane-S,0,29.7,0,clear,2,12,0,0.0,RED,0.0,6.0,0.0
2026-07-29 12:36:15,int-1,lane-E,0,29.7,0,clear,2,12,0,0.0,RED,0.0,6.0,0.0
2026-07-29 12:36:15,int-1,lane-W,0,29.7,0,clear,2,12,0,0.0,RED,0.0,6.0,0.0
2026-07-29 12:36:21,int-1,lane-N,2,1.5,0,clear,2,12,0,0.0,GREEN,280.5,3.0,0.07
2026-07-29 12:36:21,int-1,lane-S,1,29.099999999999998,1,clear,2,12,0,0.03,RED,0.0,3.0,0.03
2026-07-29 12:36:21,int-1,lane-E,1,29.099999999999998,1,clear,2,12,0,0.03,RED,0.0,3.0,0.03
2026-07-29 12:36:21,int-1,lane-W,2,29.099999999999998,2,clear,2,12,0,0.07,RED,0.0,3.0,0.07
2026-07-29 12:36:28,int-1,lane-N,5,0.0,2,clear,2,12,0,0.07,YELLOW,282.5,2.0,0.17
2026-07-29 12:36:28,int-1,lane-S,1,29.4,1,clear,2,12,0,0.03,RED,0.0,2.0,0.03
2026-07-29 12:36:28,int-1,lane-E,2,29.4,2,clear,2,12,0,0.07,RED,0.0,2.0,0.07
2026-07-29 12:36:28,int-1,lane-W,1,29.4,1,clear,2,12,0,0.03,RED,0.0,2.0,0.03
2026-07-29 12:36:35,int-1,lane-N,5,0.0,2,clear,2,12,0,0.07,RED,284.5,6.0,0.17
2026-07-29 12:36:35,int-1,lane-S,0,30.0,0,clear,2,12,0,0.0,GREEN,0.0,6.0,0.0
2026-07-29 12:36:35,int-1,lane-E,0,29.7,0,clear,2,12,0,0.0,RED,0.0,6.0,0.0
2026-07-29 12:36:35,int-1,lane-W,1,29.7,1,clear,2,12,0,0.03,RED,0.0,6.0,0.03
2026-07-29 12:36:41,int-1,lane-N,5,0.0,2,clear,2,12,0,0.07,RED,285.5,5.0,0.17
2026-07-29 12:36:41,int-1,lane-S,0,30.0,0,clear,2,12,0,0.0,GREEN,0.0,5.0,0.0
2026-07-29 12:36:41,int-1,lane-E,1,29.099999999999998,1,clear,2,12,0,0.03,RED,0.0,5.0,0.03
2026-07-29 12:36:41,int-1,lane-W,2,29.099999999999998,2,clear,2,12,0,0.07,RED,0.0,5.0,0.07
2026-07-29 12:36:47,int-1,lane-N,5,0.0,2,clear,2,12,0,0.07,RED,287.5,2.0,0.17
2026-07-29 12:36:47,int-1,lane-S,0,30.0,0,clear,2,12,0,0.0,GREEN,0.0,2.0,0.0
2026-07-29 12:36:47,int-1,lane-E,1,29.4,1,clear,2,12,0,0.03,RED,0.0,2.0,0.03
2026-07-29 12:36:47,int-1,lane-W,1,29.4,1,clear,2,12,0,0.03,RED,0.0,2.0,0.03
2026-07-29 12:36:54,int-1,lane-N,9,0.5,3,clear,2,12,0,0.1,GREEN,289.5,6.0,0.3
2026-07-29 12:36:54,int-1,lane-S,14,29.7,6,clear,2,12,0,0.2,RED,0.0,6.0,0.47
2026-07-29 12:36:54,int-1,lane-E,19,29.7,8,clear,2,12,0,0.27,RED,0.0,6.0,0.63
2026-07-29 12:36:54,int-1,lane-W,11,29.7,5,clear,2,12,0,0.17,RED,0.0,6.0,0.37
2026-07-29 12:37:00,int-1,lane-N,2,1.5,0,clear,2,12,0,0.0,GREEN,290.5,4.0,0.07
2026-07-29 12:37:00,int-1,lane-S,2,29.099999999999998,2,clear,2,12,0,0.07,RED,0.0,4.0,0.07
2026-07-29 12:37:00,int-1,lane-E,1,29.099999999999998,1,clear,2,12,0,0.03,RED,0.0,4.0,0.03
2026-07-29 12:37:00,int-1,lane-W,0,29.099999999999998,0,clear,2,12,0,0.0,RED,0.0,4.0,0.0
2026-07-29 12:37:06,int-1,lane-N,4,0.5,1,clear,2,12,0,0.03,YELLOW,292.5,2.0,0.13
2026-07-29 12:37:06,int-1,lane-S,0,29.4,0,clear,2,12,0,0.0,RED,0.0,2.0,0.0
2026-07-29 12:37:06,int-1,lane-E,0,29.4,0,clear,2,12,0,0.0,RED,0.0,2.0,0.0
2026-07-29 12:37:06,int-1,lane-W,0,29.4,0,clear,2,12,0,0.0,RED,0.0,2.0,0.0
2026-07-29 12:37:13,int-1,lane-N,6,0.0,3,clear,2,12,0,0.1,RED,294.5,6.0,0.2
2026-07-29 12:37:13,int-1,lane-S,0,29.7,0,clear,2,12,0,0.0,RED,0.0,6.0,0.0
2026-07-29 12:37:13,int-1,lane-E,0,30.0,0,clear,2,12,0,0.0,GREEN,0.0,6.0,0.0
2026-07-29 12:37:13,int-1,lane-W,1,29.7,1,clear,2,12,0,0.03,RED,0.0,6.0,0.03
2026-07-29 12:37:20,int-1,lane-N,6,0.0,3,clear,2,12,0,0.1,RED,295.5,6.0,0.2
2026-07-29 12:37:20,int-1,lane-S,1,29.099999999999998,1,clear,2,12,0,0.03,RED,0.0,6.0,0.03
2026-07-29 12:37:20,int-1,lane-E,0,30.0,0,clear,2,12,0,0.0,GREEN,0.0,6.0,0.0
2026-07-29 12:37:20,int-1,lane-W,2,29.099999999999998,2,clear,2,12,0,0.07,RED,0.0,6.0,0.07
2026-07-29 12:37:27,int-1,lane-N,6,0.0,3,clear,2,12,0,0.1,RED,297.5,4.0,0.2
2026-07-29 12:37:27,int-1,lane-S,1,29.4,1,clear,2,12,0,0.03,RED,0.0,4.0,0.03
2026-07-29 12:37:27,int-1,lane-E,0,30.0,0,clear,2,12,0,0.0,GREEN,0.0,4.0,0.0
2026-07-29 12:37:27,int-1,lane-W,2,29.4,2,clear,2,12,0,0.07,RED,0.0,4.0,0.07
2026-07-29 12:37:33,int-1,lane-N,5,0.0,2,clear,2,12,0,0.07,RED,299.5,1.0,0.17
2026-07-29 12:37:33,int-1,lane-S,0,29.7,0,clear,2,12,0,0.0,RED,0.0,1.0,0.0
2026-07-29 12:37:33,int-1,lane-E,0,30.0,0,clear,2,12,0,0.0,GREEN,0.0,1.0,0.0
2026-07-29 12:37:33,int-1,lane-W,0,29.7,0,clear,2,12,0,0.0,RED,0.0,1.0,0.0
2026-07-29 12:37:39,int-1,lane-N,9,1.0,2,clear,2,12,0,0.07,GREEN,300.5,6.0,0.3
2026-07-29 12:37:39,int-1,lane-S,13,29.099999999999998,5,clear,2,12,0,0.17,RED,0.0,6.0,0.43
2026-07-29 12:37:39,int-1,lane-E,18,29.4,8,clear,2,12,0,0.27,RED,0.0,6.0,0.6
2026-07-29 12:37:39,int-1,lane-W,12,29.099999999999998,5,clear,2,12,0,0.17,RED,0.0,6.0,0.4
2026-07-29 12:37:45,int-1,lane-N,3,1.0,0,clear,2,12,0,0.0,GREEN,302.5,4.0,0.1
2026-07-29 12:37:45,int-1,lane-S,1,29.4,1,clear,2,12,0,0.03,RED,0.0,4.0,0.03
2026-07-29 12:37:45,int-1,lane-E,2,29.4,2,clear,2,12,0,0.07,RED,0.0,4.0,0.07
2026-07-29 12:37:45,int-1,lane-W,0,29.4,0,clear,2,12,0,0.0,RED,0.0,4.0,0.0
2026-07-29 12:37:53,int-1,lane-N,5,0.0,2,clear,2,12,0,0.07,YELLOW,304.5,2.0,0.17
2026-07-29 12:37:53,int-1,lane-S,0,29.7,0,clear,2,12,0,0.0,RED,0.0,2.0,0.0
2026-07-29 12:37:53,int-1,lane-E,0,29.7,0,clear,2,12,0,0.0,RED,0.0,2.0,0.0
2026-07-29 12:37:53,int-1,lane-W,1,29.7,1,clear,2,12,0,0.03,RED,0.0,2.0,0.03
2026-07-29 12:37:59,int-1,lane-N,13,0.0,6,clear,2,12,0,0.2,RED,305.5,6.0,0.43
2026-07-29 12:37:59,int-1,lane-S,13,31.5,3,clear,2,12,0,0.1,GREEN,0.0,6.0,0.43
2026-07-29 12:37:59,int-1,lane-E,18,29.099999999999998,8,clear,2,12,0,0.27,RED,0.0,6.0,0.6
2026-07-29 12:37:59,int-1,lane-W,10,29.099999999999998,4,clear,2,12,0,0.13,RED,0.0,6.0,0.33
2026-07-29 12:38:06,int-1,lane-N,6,0.0,3,clear,2,12,0,0.1,RED,307.5,6.0,0.2
2026-07-29 12:38:06,int-1,lane-S,0,30.0,0,clear,2,12,0,0.0,GREEN,0.0,6.0,0.0
2026-07-29 12:38:06,int-1,lane-E,2,29.4,2,clear,2,12,0,0.07,RED,0.0,6.0,0.07
2026-07-29 12:38:06,int-1,lane-W,1,29.4,1,clear,2,12,0,0.03,RED,0.0,6.0,0.03
2026-07-29 12:38:12,int-1,lane-N,6,0.0,3,clear,2,12,0,0.1,RED,309.5,3.0,0.2
2026-07-29 12:38:12,int-1,lane-S,0,30.0,0,clear,2,12,0,0.0,GREEN,0.0,3.0,0.0
2026-07-29 12:38:12,int-1,lane-E,0,29.7,0,clear,2,12,0,0.0,RED,0.0,3.0,0.0
2026-07-29 12:38:12,int-1,lane-W,1,29.7,1,clear,2,12,0,0.03,RED,0.0,3.0,0.03
2026-07-29 12:38:18,int-1,lane-N,7,0.0,4,clear,2,12,0,0.13,RED,310.5,2.0,0.23
2026-07-29 12:38:18,int-1,lane-S,0,30.0,0,clear,2,12,0,0.0,YELLOW,0.0,2.0,0.0
2026-07-29 12:38:18,int-1,lane-E,1,29.099999999999998,1,clear,2,12,0,0.03,RED,0.0,2.0,0.03
2026-07-29 12:38:18,int-1,lane-W,0,29.099999999999998,0,clear,2,12,0,0.0,RED,0.0,2.0,0.0
2026-07-29 12:38:26,int-1,lane-N,3,1.0,0,clear,2,12,0,0.0,GREEN,312.5,5.0,0.1
2026-07-29 12:38:26,int-1,lane-S,1,29.4,1,clear,2,12,0,0.03,RED,0.0,5.0,0.03
2026-07-29 12:38:26,int-1,lane-E,0,29.4,0,clear,2,12,0,0.0,RED,0.0,5.0,0.0
2026-07-29 12:38:26,int-1,lane-W,1,29.4,1,clear,2,12,0,0.03,RED,0.0,5.0,0.03
2026-07-29 12:38:32,int-1,lane-N,4,0.5,1,clear,2,12,0,0.03,GREEN,314.5,2.0,0.13
2026-07-29 12:38:32,int-1,lane-S,0,29.7,0,clear,2,12,0,0.0,RED,0.0,2.0,0.0
2026-07-29 12:38:32,int-1,lane-E,0,29.7,0,clear,2,12,0,0.0,RED,0.0,2.0,0.0
2026-07-29 12:38:32,int-1,lane-W,0,29.7,0,clear,2,12,0,0.0,RED,0.0,2.0,0.0
2026-07-29 12:38:38,int-1,lane-N,5,0.0,2,clear,2,12,0,0.07,YELLOW,315.5,1.0,0.17
2026-07-29 12:38:38,int-1,lane-S,1,29.099999999999998,1,clear,2,12,0,0.03,RED,0.0,1.0,0.03
2026-07-29 12:38:38,int-1,lane-E,1,29.099999999999998,1,clear,2,12,0,0.03,RED,0.0,1.0,0.03
2026-07-29 12:38:38,int-1,lane-W,2,29.099999999999998,2,clear,2,12,0,0.07,RED,0.0,1.0,0.07
2026-07-29 12:38:44,int-1,lane-N,7,0.0,4,clear,2,12,0,0.13,RED,317.5,6.0,0.23
2026-07-29 12:38:44,int-1,lane-S,0,30.0,0,clear,2,12,0,0.0,GREEN,0.0,6.0,0.0
2026-07-29 12:38:44,int-1,lane-E,1,29.4,1,clear,2,12,0,0.03,RED,0.0,6.0,0.03
2026-07-29 12:38:44,int-1,lane-W,2,29.4,2,clear,2,12,0,0.07,RED,0.0,6.0,0.07
2026-07-29 12:38:51,int-1,lane-N,6,0.0,3,clear,2,12,0,0.1,RED,319.5,5.0,0.2
2026-07-29 12:38:51,int-1,lane-S,0,30.0,0,clear,2,12,0,0.0,GREEN,0.0,5.0,0.0
2026-07-29 12:38:51,int-1,lane-E,0,29.7,0,clear,2,12,0,0.0,RED,0.0,5.0,0.0
2026-07-29 12:38:51,int-1,lane-W,0,29.7,0,clear,2,12,0,0.0,RED,0.0,5.0,0.0
2026-07-29 12:38:57,int-1,lane-N,5,0.0,2,clear,2,12,0,0.07,RED,320.5,2.0,0.17
2026-07-29 12:38:57,int-1,lane-S,0,30.0,0,clear,2,12,0,0.0,GREEN,0.0,2.0,0.0
2026-07-29 12:38:57,int-1,lane-E,0,29.099999999999998,0,clear,2,12,0,0.0,RED,0.0,2.0,0.0
2026-07-29 12:38:57,int-1,lane-W,0,29.099999999999998,0,clear,2,12,0,0.0,RED,0.0,2.0,0.0
2026-07-29 12:39:03,int-1,lane-N,7,0.0,4,clear,2,12,0,0.13,RED,322.5,1.0,0.23
2026-07-29 12:39:03,int-1,lane-S,0,30.0,0,clear,2,12,0,0.0,YELLOW,0.0,1.0,0.0
2026-07-29 12:39:03,int-1,lane-E,0,29.4,0,clear,2,12,0,0.0,RED,0.0,1.0,0.0
2026-07-29 12:39:03,int-1,lane-W,2,29.4,2,clear,2,12,0,0.07,RED,0.0,1.0,0.07
2026-07-29 12:39:10,int-1,lane-N,4,0.5,1,clear,2,12,0,0.03,GREEN,324.5,4.0,0.13
2026-07-29 12:39:10,int-1,lane-S,1,29.7,1,clear,2,12,0,0.03,RED,0.0,4.0,0.03
2026-07-29 12:39:10,int-1,lane-E,0,29.7,0,clear,2,12,0,0.0,RED,0.0,4.0,0.0
2026-07-29 12:39:10,int-1,lane-W,0,29.7,0,clear,2,12,0,0.0,RED,0.0,4.0,0.0
2026-07-29 12:39:15,int-1,lane-N,2,1.5,0,clear,2,12,0,0.0,GREEN,325.5,1.0,0.07
2026-07-29 12:39:15,int-1,lane-S,1,29.099999999999998,1,clear,2,12,0,0.03,RED,0.0,1.0,0.03
2026-07-29 12:39:15,int-1,lane-E,3,29.099999999999998,3,clear,2,12,0,0.1,RED,0.0,1.0,0.1
2026-07-29 12:39:15,int-1,lane-W,1,29.099999999999998,1,clear,2,12,0,0.03,RED,0.0,1.0,0.03
2026-07-29 12:39:22,int-1,lane-N,11,0.0,4,clear,2,12,0,0.13,RED,327.5,6.0,0.37
2026-07-29 12:39:22,int-1,lane-S,13,31.0,4,clear,2,12,0,0.13,GREEN,0.0,6.0,0.43
2026-07-29 12:39:22,int-1,lane-E,17,29.4,7,clear,2,12,0,0.23,RED,0.0,6.0,0.57
2026-07-29 12:39:22,int-1,lane-W,13,29.4,6,clear,2,12,0,0.2,RED,0.0,6.0,0.43
2026-07-29 12:39:28,int-1,lane-N,5,0.0,2,clear,2,12,0,0.07,RED,329.5,6.0,0.17
2026-07-29 12:39:28,int-1,lane-S,0,30.0,0,clear,2,12,0,0.0,GREEN,0.0,6.0,0.0
2026-07-29 12:39:28,int-1,lane-E,1,29.7,1,clear,2,12,0,0.03,RED,0.0,6.0,0.03
2026-07-29 12:39:28,int-1,lane-W,1,29.7,1,clear,2,12,0,0.03,RED,0.0,6.0,0.03
2026-07-29 12:39:36,int-1,lane-N,5,0.0,2,clear,2,12,0,0.07,RED,330.5,3.0,0.17
2026-07-29 12:39:36,int-1,lane-S,0,30.0,0,clear,2,12,0,0.0,GREEN,0.0,3.0,0.0
2026-07-29 12:39:36,int-1,lane-E,1,29.099999999999998,1,clear,2,12,0,0.03,RED,0.0,3.0,0.03
2026-07-29 12:39:36,int-1,lane-W,3,29.099999999999998,3,clear,2,12,0,0.1,RED,0.0,3.0,0.1
2026-07-29 12:39:43,int-1,lane-N,5,0.0,2,clear,2,12,0,0.07,RED,332.5,2.0,0.17
2026-07-29 12:39:43,int-1,lane-S,0,30.0,0,clear,2,12,0,0.0,YELLOW,0.0,2.0,0.0
2026-07-29 12:39:43,int-1,lane-E,1,29.4,1,clear,2,12,0,0.03,RED,0.0,2.0,0.03
2026-07-29 12:39:43,int-1,lane-W,0,29.4,0,clear,2,12,0,0.0,RED,0.0,2.0,0.0
2026-07-29 12:39:52,int-1,lane-N,4,0.5,1,clear,2,12,0,0.03,GREEN,334.5,5.0,0.13
2026-07-29 12:39:52,int-1,lane-S,0,29.7,0,clear,2,12,0,0.0,RED,0.0,5.0,0.0
2026-07-29 12:39:52,int-1,lane-E,1,29.7,1,clear,2,12,0,0.03,RED,0.0,5.0,0.03
2026-07-29 12:39:52,int-1,lane-W,1,29.7,1,clear,2,12,0,0.03,RED,0.0,5.0,0.03
2026-07-29 12:39:59,int-1,lane-N,2,1.5,0,clear,2,12,0,0.0,GREEN,335.5,2.0,0.07
2026-07-29 12:39:59,int-1,lane-S,2,29.099999999999998,2,clear,2,12,0,0.07,RED,0.0,2.0,0.07
2026-07-29 12:39:59,int-1,lane-E,2,29.099999999999998,2,clear,2,12,0,0.07,RED,0.0,2.0,0.07
2026-07-29 12:39:59,int-1,lane-W,0,29.099999999999998,0,clear,2,12,0,0.0,RED,0.0,2.0,0.0
2026-07-29 12:40:08,int-1,lane-N,5,0.0,2,clear,2,12,0,0.07,YELLOW,337.5,1.0,0.17
2026-07-29 12:40:08,int-1,lane-S,0,29.4,0,clear,2,12,0,0.0,RED,0.0,1.0,0.0
2026-07-29 12:40:08,int-1,lane-E,1,29.4,1,clear,2,12,0,0.03,RED,0.0,1.0,0.03
2026-07-29 12:40:08,int-1,lane-W,0,29.4,0,clear,2,12,0,0.0,RED,0.0,1.0,0.0
2026-07-29 12:40:47,int-1,lane-N,12,35.5,3,clear,2,12,0,0.1,GREEN,0.0,6.0,0.4
2026-07-29 12:40:47,int-1,lane-S,14,31.7,3,clear,2,12,0,0.1,RED,0.0,6.0,0.47
2026-07-29 12:40:47,int-1,lane-E,20,27.7,5,clear,2,12,0,0.17,RED,0.0,6.0,0.67
2026-07-29 12:40:47,int-1,lane-W,7,39.7,2,clear,2,12,0,0.07,RED,0.0,6.0,0.23
2026-07-29 12:41:05,int-1,lane-N,3,1.2,0,clear,2,12,0,0.0,GREEN,1.5,6.0,0.1
2026-07-29 12:41:05,int-1,lane-S,1,29.4,1,clear,2,12,0,0.03,RED,0.0,6.0,0.03
2026-07-29 12:41:05,int-1,lane-E,1,29.4,1,clear,2,12,0,0.03,RED,0.0,6.0,0.03
2026-07-29 12:41:05,int-1,lane-W,1,29.4,1,clear,2,12,0,0.03,RED,0.0,6.0,0.03
2026-07-29 12:41:13,int-1,lane-N,4,0.6,1,clear,2,12,0,0.03,GREEN,2.5,3.0,0.13
2026-07-29 12:41:13,int-1,lane-S,0,29.7,0,clear,2,12,0,0.0,RED,0.0,3.0,0.0
2026-07-29 12:41:13,int-1,lane-E,1,29.7,1,clear,2,12,0,0.03,RED,0.0,3.0,0.03
2026-07-29 12:41:13,int-1,lane-W,1,29.7,1,clear,2,12,0,0.03,RED,0.0,3.0,0.03
2026-07-29 12:41:21,int-1,lane-N,4,0.5,1,clear,2,12,0,0.03,YELLOW,3.0,2.0,0.13
2026-07-29 12:41:21,int-1,lane-S,1,29.099999999999998,1,clear,2,12,0,0.03,RED,0.0,2.0,0.03
2026-07-29 12:41:21,int-1,lane-E,2,29.099999999999998,2,clear,2,12,0,0.07,RED,0.0,2.0,0.07
2026-07-29 12:41:21,int-1,lane-W,2,29.099999999999998,2,clear,2,12,0,0.07,RED,0.0,2.0,0.07
2026-07-29 12:41:28,int-1,lane-N,5,0.0,2,clear,2,12,1,0.07,RED,4.0,6.0,0.17
2026-07-29 12:41:28,int-1,lane-S,0,30.0,0,clear,2,12,0,0.0,GREEN,0.0,6.0,0.0
2026-07-29 12:41:28,int-1,lane-E,1,29.4,1,clear,2,12,0,0.03,RED,0.0,6.0,0.03
2026-07-29 12:41:28,int-1,lane-W,0,29.4,0,clear,2,12,0,0.0,RED,0.0,6.0,0.0
2026-07-29 12:41:35,int-1,lane-N,6,0.0,3,clear,2,12,1,0.1,RED,5.0,3.0,0.2
2026-07-29 12:41:35,int-1,lane-S,0,30.0,0,clear,2,12,0,0.0,GREEN,0.0,3.0,0.0
2026-07-29 12:41:35,int-1,lane-E,0,29.7,0,clear,2,12,0,0.0,RED,0.0,3.0,0.0
2026-07-29 12:41:35,int-1,lane-W,0,29.7,0,clear,2,12,0,0.0,RED,0.0,3.0,0.0
2026-07-29 12:41:50,int-1,lane-N,6,0.0,3,clear,2,12,1,0.1,RED,5.5,2.0,0.2
2026-07-29 12:41:50,int-1,lane-S,0,30.0,0,clear,2,12,0,0.0,YELLOW,0.0,2.0,0.0
2026-07-29 12:41:50,int-1,lane-E,1,29.099999999999998,1,clear,2,12,0,0.03,RED,0.0,2.0,0.03
2026-07-29 12:41:50,int-1,lane-W,1,29.099999999999998,1,clear,2,12,0,0.03,RED,0.0,2.0,0.03
2026-07-29 12:41:59,int-1,lane-N,3,1.0,0,clear,2,12,0,0.0,GREEN,7.5,6.0,0.1
2026-07-29 12:41:59,int-1,lane-S,0,29.4,0,clear,2,12,0,0.0,RED,0.0,6.0,0.0
2026-07-29 12:41:59,int-1,lane-E,1,29.4,1,clear,2,12,0,0.03,RED,0.0,6.0,0.03
2026-07-29 12:41:59,int-1,lane-W,2,29.4,2,clear,2,12,0,0.07,RED,0.0,6.0,0.07
2026-07-29 12:42:07,int-1,lane-N,4,0.5,1,clear,2,12,0,0.03,GREEN,9.5,4.0,0.13
2026-07-29 12:42:07,int-1,lane-S,1,29.7,1,clear,2,12,0,0.03,RED,0.0,4.0,0.03
2026-07-29 12:42:07,int-1,lane-E,0,29.7,0,clear,2,12,0,0.0,RED,0.0,4.0,0.0
2026-07-29 12:42:07,int-1,lane-W,0,29.7,0,clear,2,12,0,0.0,RED,0.0,4.0,0.0
2026-07-29 12:42:15,int-1,lane-N,3,1.0,0,clear,2,12,0,0.0,YELLOW,10.5,2.0,0.1
2026-07-29 12:42:15,int-1,lane-S,0,29.099999999999998,0,clear,2,12,0,0.0,RED,0.0,2.0,0.0
2026-07-29 12:42:15,int-1,lane-E,2,29.099999999999998,2,clear,2,12,0,0.07,RED,0.0,2.0,0.07
2026-07-29 12:42:15,int-1,lane-W,1,29.099999999999998,1,clear,2,12,0,0.03,RED,0.0,2.0,0.03
2026-07-29 12:42:22,int-1,lane-N,5,0.0,2,clear,2,12,0,0.07,RED,12.5,4.0,0.17
2026-07-29 12:42:22,int-1,lane-S,0,29.4,0,clear,2,12,0,0.0,RED,0.0,4.0,0.0
2026-07-29 12:42:22,int-1,lane-E,0,29.4,0,clear,2,12,0,0.0,RED,0.0,4.0,0.0
2026-07-29 12:42:22,int-1,lane-W,0,30.0,0,clear,2,12,0,0.0,GREEN,0.0,4.0,0.0
2026-07-29 12:42:28,int-1,lane-N,5,0.0,2,clear,2,12,0,0.07,RED,14.5,1.0,0.17
2026-07-29 12:42:28,int-1,lane-S,1,29.7,1,clear,2,12,0,0.03,RED,0.0,1.0,0.03
2026-07-29 12:42:28,int-1,lane-E,0,29.7,0,clear,2,12,0,0.0,RED,0.0,1.0,0.0
2026-07-29 12:42:28,int-1,lane-W,0,30.0,0,clear,2,12,0,0.0,GREEN,0.0,1.0,0.0
2026-07-29 12:42:34,int-1,lane-N,10,1.0,3,clear,2,12,0,0.1,GREEN,15.5,6.0,0.33
2026-07-29 12:42:34,int-1,lane-S,14,29.099999999999998,6,clear,2,12,0,0.2,RED,0.0,6.0,0.47
2026-07-29 12:42:34,int-1,lane-E,19,29.099999999999998,9,clear,2,12,0,0.3,RED,0.0,6.0,0.63
2026-07-29 12:42:34,int-1,lane-W,8,29.4,4,clear,2,12,0,0.13,RED,0.0,6.0,0.27
2026-07-29 12:42:40,int-1,lane-N,3,1.0,0,clear,2,12,0,0.0,GREEN,17.5,4.0,0.1
2026-07-29 12:42:40,int-1,lane-S,0,29.4,0,clear,2,12,0,0.0,RED,0.0,4.0,0.0
2026-07-29 12:42:40,int-1,lane-E,1,29.4,1,clear,2,12,0,0.03,RED,0.0,4.0,0.03
2026-07-29 12:42:40,int-1,lane-W,0,29.4,0,clear,2,12,0,0.0,RED,0.0,4.0,0.0
2026-07-29 12:42:47,int-1,lane-N,4,0.5,1,clear,2,12,0,0.03,GREEN,19.5,1.0,0.13
2026-07-29 12:42:47,int-1,lane-S,0,29.7,0,clear,2,12,0,0.0,RED,0.0,1.0,0.0
2026-07-29 12:42:47,int-1,lane-E,0,29.7,0,clear,2,12,0,0.0,RED,0.0,1.0,0.0
2026-07-29 12:42:47,int-1,lane-W,1,29.7,1,clear,2,12,0,0.03,RED,0.0,1.0,0.03
2026-07-29 12:42:53,int-1,lane-N,13,0.0,5,clear,2,12,0,0.17,RED,20.5,4.0,0.43
2026-07-29 12:42:53,int-1,lane-S,17,29.099999999999998,7,clear,2,12,0,0.23,RED,0.0,4.0,0.57
2026-07-29 12:42:53,int-1,lane-E,20,29.099999999999998,9,clear,2,12,0,0.3,RED,0.0,4.0,0.67
2026-07-29 12:42:53,int-1,lane-W,4,30.7,0,clear,2,12,0,0.0,GREEN,0.0,4.0,0.13
2026-07-29 12:43:00,int-1,lane-N,6,0.0,3,clear,2,12,0,0.1,RED,22.5,2.0,0.2
2026-07-29 12:43:00,int-1,lane-S,1,29.4,1,clear,2,12,0,0.03,RED,0.0,2.0,0.03
2026-07-29 12:43:00,int-1,lane-E,1,29.4,1,clear,2,12,0,0.03,RED,0.0,2.0,0.03
2026-07-29 12:43:00,int-1,lane-W,0,30.0,0,clear,2,12,0,0.0,YELLOW,0.0,2.0,0.0
2026-07-29 12:43:07,int-1,lane-N,4,0.5,1,clear,2,12,0,0.03,GREEN,24.5,6.0,0.13
2026-07-29 12:43:07,int-1,lane-S,0,29.7,0,clear,2,12,0,0.0,RED,0.0,6.0,0.0
2026-07-29 12:43:07,int-1,lane-E,1,29.7,1,clear,2,12,0,0.03,RED,0.0,6.0,0.03
2026-07-29 12:43:07,int-1,lane-W,0,29.7,0,clear,2,12,0,0.0,RED,0.0,6.0,0.0
2026-07-29 12:43:13,int-1,lane-N,2,1.5,0,clear,2,12,0,0.0,GREEN,25.5,3.0,0.07
2026-07-29 12:43:13,int-1,lane-S,0,29.099999999999998,0,clear,2,12,0,0.0,RED,0.0,3.0,0.0
2026-07-29 12:43:13,int-1,lane-E,2,29.099999999999998,2,clear,2,12,0,0.07,RED,0.0,3.0,0.07
2026-07-29 12:43:13,int-1,lane-W,3,29.099999999999998,3,clear,2,12,0,0.1,RED,0.0,3.0,0.1
2026-07-29 12:43:19,int-1,lane-N,5,0.0,2,clear,2,12,0,0.07,YELLOW,27.5,2.0,0.17
2026-07-29 12:43:19,int-1,lane-S,0,29.4,0,clear,2,12,0,0.0,RED,0.0,2.0,0.0
2026-07-29 12:43:19,int-1,lane-E,0,29.4,0,clear,2,12,0,0.0,RED,0.0,2.0,0.0
2026-07-29 12:43:19,int-1,lane-W,1,29.4,1,clear,2,12,0,0.03,RED,0.0,2.0,0.03
2026-07-29 12:43:26,int-1,lane-N,5,0.0,2,clear,2,12,0,0.07,RED,29.5,6.0,0.17
2026-07-29 12:43:26,int-1,lane-S,0,30.0,0,clear,2,12,0,0.0,GREEN,0.0,6.0,0.0
2026-07-29 12:43:26,int-1,lane-E,0,29.7,0,clear,2,12,0,0.0,RED,0.0,6.0,0.0
2026-07-29 12:43:26,int-1,lane-W,0,29.7,0,clear,2,12,0,0.0,RED,0.0,6.0,0.0
2026-07-29 12:43:32,int-1,lane-N,7,0.0,4,clear,2,12,0,0.13,RED,30.5,3.0,0.23
2026-07-29 12:43:32,int-1,lane-S,0,30.0,0,clear,2,12,0,0.0,GREEN,0.0,3.0,0.0
2026-07-29 12:43:32,int-1,lane-E,1,29.099999999999998,1,clear,2,12,0,0.03,RED,0.0,3.0,0.03
2026-07-29 12:43:32,int-1,lane-W,1,29.099999999999998,1,clear,2,12,0,0.03,RED,0.0,3.0,0.03
2026-07-29 12:43:39,int-1,lane-N,7,0.0,4,clear,2,12,0,0.13,RED,32.5,2.0,0.23
2026-07-29 12:43:39,int-1,lane-S,0,30.0,0,clear,2,12,0,0.0,YELLOW,0.0,2.0,0.0
2026-07-29 12:43:39,int-1,lane-E,1,29.4,1,clear,2,12,0,0.03,RED,0.0,2.0,0.03
2026-07-29 12:43:39,int-1,lane-W,0,29.4,0,clear,2,12,0,0.0,RED,0.0,2.0,0.0
2026-07-29 12:43:45,int-1,lane-N,4,0.5,1,clear,2,12,0,0.03,GREEN,34.5,6.0,0.13
2026-07-29 12:43:45,int-1,lane-S,1,29.7,1,clear,2,12,0,0.03,RED,0.0,6.0,0.03
2026-07-29 12:43:45,int-1,lane-E,1,29.7,1,clear,2,12,0,0.03,RED,0.0,6.0,0.03
2026-07-29 12:43:45,int-1,lane-W,1,29.7,1,clear,2,12,0,0.03,RED,0.0,6.0,0.03
2026-07-29 12:43:51,int-1,lane-N,2,1.5,0,clear,2,12,0,0.0,GREEN,35.5,3.0,0.07
2026-07-29 12:43:51,int-1,lane-S,0,29.099999999999998,0,clear,2,12,0,0.0,RED,0.0,3.0,0.0
2026-07-29 12:43:51,int-1,lane-E,0,29.099999999999998,0,clear,2,12,0,0.0,RED,0.0,3.0,0.0
2026-07-29 12:43:51,int-1,lane-W,2,29.099999999999998,2,clear,2,12,0,0.07,RED,0.0,3.0,0.07
2026-07-29 12:43:58,int-1,lane-N,5,0.0,2,clear,2,12,0,0.07,YELLOW,37.5,2.0,0.17
2026-07-29 12:43:58,int-1,lane-S,1,29.4,1,clear,2,12,0,0.03,RED,0.0,2.0,0.03
2026-07-29 12:43:58,int-1,lane-E,1,29.4,1,clear,2,12,0,0.03,RED,0.0,2.0,0.03
2026-07-29 12:43:58,int-1,lane-W,2,29.4,2,clear,2,12,0,0.07,RED,0.0,2.0,0.07
2026-07-29 12:44:05,int-1,lane-N,6,0.0,3,clear,2,12,0,0.1,RED,39.5,6.0,0.2
2026-07-29 12:44:05,int-1,lane-S,0,30.0,0,clear,2,12,0,0.0,GREEN,0.0,6.0,0.0
2026-07-29 12:44:05,int-1,lane-E,0,29.7,0,clear,2,12,0,0.0,RED,0.0,6.0,0.0
2026-07-29 12:44:05,int-1,lane-W,0,29.7,0,clear,2,12,0,0.0,RED,0.0,6.0,0.0
2026-07-29 12:44:12,int-1,lane-N,6,0.0,3,clear,2,12,0,0.1,RED,40.5,5.0,0.2
2026-07-29 12:44:12,int-1,lane-S,0,30.0,0,clear,2,12,0,0.0,GREEN,0.0,5.0,0.0
2026-07-29 12:44:12,int-1,lane-E,3,29.099999999999998,3,clear,2,12,0,0.1,RED,0.0,5.0,0.1
2026-07-29 12:44:12,int-1,lane-W,1,29.099999999999998,1,clear,2,12,0,0.03,RED,0.0,5.0,0.03
2026-07-29 12:44:18,int-1,lane-N,7,0.0,4,clear,2,12,0,0.13,RED,42.5,2.0,0.23
2026-07-29 12:44:18,int-1,lane-S,0,30.0,0,clear,2,12,0,0.0,GREEN,0.0,2.0,0.0
2026-07-29 12:44:18,int-1,lane-E,2,29.4,2,clear,2,12,0,0.07,RED,0.0,2.0,0.07
2026-07-29 12:44:18,int-1,lane-W,1,29.4,1,clear,2,12,0,0.03,RED,0.0,2.0,0.03
2026-07-29 12:44:24,int-1,lane-N,13,0.5,5,clear,2,12,0,0.17,GREEN,44.5,6.0,0.43
2026-07-29 12:44:24,int-1,lane-S,14,29.7,6,clear,2,12,0,0.2,RED,0.0,6.0,0.47
2026-07-29 12:44:24,int-1,lane-E,20,29.7,8,clear,2,12,0,0.27,RED,0.0,6.0,0.67
2026-07-29 12:44:24,int-1,lane-W,8,29.7,3,clear,2,12,0,0.1,RED,0.0,6.0,0.27
2026-07-29 12:44:31,int-1,lane-N,2,1.5,0,clear,2,12,0,0.0,GREEN,45.5,6.0,0.07
2026-07-29 12:44:31,int-1,lane-S,3,29.099999999999998,3,clear,2,12,0,0.1,RED,0.0,6.0,0.1
2026-07-29 12:44:31,int-1,lane-E,1,29.099999999999998,1,clear,2,12,0,0.03,RED,0.0,6.0,0.03
2026-07-29 12:44:31,int-1,lane-W,2,29.099999999999998,2,clear,2,12,0,0.07,RED,0.0,6.0,0.07
2026-07-29 12:44:37,int-1,lane-N,3,1.0,0,clear,2,12,0,0.0,GREEN,47.5,3.0,0.1
2026-07-29 12:44:37,int-1,lane-S,2,29.4,2,clear,2,12,0,0.07,RED,0.0,3.0,0.07
2026-07-29 12:44:37,int-1,lane-E,0,29.4,0,clear,2,12,0,0.0,RED,0.0,3.0,0.0
2026-07-29 12:44:37,int-1,lane-W,0,29.4,0,clear,2,12,0,0.0,RED,0.0,3.0,0.0
2026-07-29 12:44:46,int-1,lane-N,5,0.0,2,clear,2,12,1,0.07,YELLOW,49.5,2.0,0.17
2026-07-29 12:44:46,int-1,lane-S,1,29.7,1,clear,2,12,0,0.03,RED,0.0,2.0,0.03
2026-07-29 12:44:46,int-1,lane-E,0,29.7,0,clear,2,12,0,0.0,RED,0.0,2.0,0.0
2026-07-29 12:44:46,int-1,lane-W,0,29.7,0,clear,2,12,0,0.0,RED,0.0,2.0,0.0
2026-07-29 12:44:52,int-1,lane-N,2,1.5,0,clear,2,12,1,0.0,GREEN,50.5,6.0,0.07
2026-07-29 12:44:52,int-1,lane-S,2,29.099999999999998,2,clear,2,12,0,0.07,RED,0.0,6.0,0.07
2026-07-29 12:44:52,int-1,lane-E,2,29.099999999999998,2,clear,2,12,0,0.07,RED,0.0,6.0,0.07
2026-07-29 12:44:52,int-1,lane-W,2,29.099999999999998,2,clear,2,12,0,0.07,RED,0.0,6.0,0.07
2026-07-29 12:44:59,int-1,lane-N,3,1.0,0,clear,2,12,1,0.0,GREEN,52.5,5.0,0.1
2026-07-29 12:44:59,int-1,lane-S,1,29.4,1,clear,2,12,0,0.03,RED,0.0,5.0,0.03
2026-07-29 12:44:59,int-1,lane-E,1,29.4,1,clear,2,12,0,0.03,RED,0.0,5.0,0.03
2026-07-29 12:44:59,int-1,lane-W,0,29.4,0,clear,2,12,0,0.0,RED,0.0,5.0,0.0
2026-07-29 12:45:06,int-1,lane-N,4,0.5,1,clear,2,12,0,0.03,GREEN,54.5,2.0,0.13
2026-07-29 12:45:06,int-1,lane-S,1,29.7,1,clear,2,12,0,0.03,RED,0.0,2.0,0.03
2026-07-29 12:45:06,int-1,lane-E,0,29.7,0,clear,2,12,0,0.0,RED,0.0,2.0,0.0
2026-07-29 12:45:06,int-1,lane-W,1,29.7,1,clear,2,12,0,0.03,RED,0.0,2.0,0.03
2026-07-29 12:45:13,int-1,lane-N,14,0.0,6,clear,2,12,0,0.2,RED,55.5,7.0,0.47
2026-07-29 12:45:13,int-1,lane-S,16,29.099999999999998,6,clear,2,12,0,0.2,RED,0.0,7.0,0.53
2026-07-29 12:45:13,int-1,lane-E,20,29.9,7,clear,2,12,0,0.23,GREEN,0.0,7.0,0.67
2026-07-29 12:45:13,int-1,lane-W,7,29.099999999999998,3,clear,2,12,0,0.1,RED,0.0,7.0,0.23
2026-07-29 12:45:19,int-1,lane-N,5,0.0,2,clear,2,12,0,0.07,RED,57.5,6.0,0.17
2026-07-29 12:45:19,int-1,lane-S,0,29.4,0,clear,2,12,0,0.0,RED,0.0,6.0,0.0
2026-07-29 12:45:19,int-1,lane-E,0,30.0,0,clear,2,12,0,0.0,GREEN,0.0,6.0,0.0
2026-07-29 12:45:19,int-1,lane-W,1,29.4,1,clear,2,12,0,0.03,RED,0.0,6.0,0.03
2026-07-29 12:45:27,int-1,lane-N,5,0.0,2,clear,2,12,0,0.07,RED,59.5,6.0,0.17
2026-07-29 12:45:27,int-1,lane-S,1,29.7,1,clear,2,12,0,0.03,RED,0.0,6.0,0.03
2026-07-29 12:45:27,int-1,lane-E,0,30.0,0,clear,2,12,0,0.0,GREEN,0.0,6.0,0.0
2026-07-29 12:45:27,int-1,lane-W,0,29.7,0,clear,2,12,0,0.0,RED,0.0,6.0,0.0
2026-07-29 12:45:33,int-1,lane-N,6,0.0,3,clear,2,12,0,0.1,RED,60.5,4.0,0.2
2026-07-29 12:45:33,int-1,lane-S,1,29.099999999999998,1,clear,2,12,0,0.03,RED,0.0,4.0,0.03
2026-07-29 12:45:33,int-1,lane-E,0,30.0,0,clear,2,12,0,0.0,GREEN,0.0,4.0,0.0
2026-07-29 12:45:33,int-1,lane-W,2,29.099999999999998,2,clear,2,12,0,0.07,RED,0.0,4.0,0.07
2026-07-29 12:45:40,int-1,lane-N,6,0.0,3,clear,2,12,0,0.1,RED,62.5,1.0,0.2
2026-07-29 12:45:40,int-1,lane-S,0,29.4,0,clear,2,12,0,0.0,RED,0.0,1.0,0.0
2026-07-29 12:45:40,int-1,lane-E,0,30.0,0,clear,2,12,0,0.0,GREEN,0.0,1.0,0.0
2026-07-29 12:45:40,int-1,lane-W,0,29.4,0,clear,2,12,0,0.0,RED,0.0,1.0,0.0
2026-07-29 12:45:46,int-1,lane-N,4,0.5,1,clear,2,12,1,0.03,GREEN,64.5,6.0,0.13
2026-07-29 12:45:46,int-1,lane-S,0,29.7,0,clear,2,12,0,0.0,RED,0.0,6.0,0.0
2026-07-29 12:45:46,int-1,lane-E,1,29.7,1,clear,2,12,0,0.03,RED,0.0,6.0,0.03
2026-07-29 12:45:46,int-1,lane-W,1,29.7,1,clear,2,12,0,0.03,RED,0.0,6.0,0.03
2026-07-29 12:45:52,int-1,lane-N,2,1.5,0,clear,2,12,1,0.0,GREEN,65.5,5.0,0.07
2026-07-29 12:45:52,int-1,lane-S,2,29.099999999999998,2,clear,2,12,0,0.07,RED,0.0,5.0,0.07
2026-07-29 12:45:52,int-1,lane-E,1,29.099999999999998,1,clear,2,12,0,0.03,RED,0.0,5.0,0.03
2026-07-29 12:45:52,int-1,lane-W,2,29.099999999999998,2,clear,2,12,0,0.07,RED,0.0,5.0,0.07
2026-07-29 12:45:59,int-1,lane-N,3,1.0,0,clear,2,12,1,0.0,GREEN,67.5,2.0,0.1
2026-07-29 12:45:59,int-1,lane-S,0,29.4,0,clear,2,12,0,0.0,RED,0.0,2.0,0.0
2026-07-29 12:45:59,int-1,lane-E,0,29.4,0,clear,2,12,0,0.0,RED,0.0,2.0,0.0
2026-07-29 12:45:59,int-1,lane-W,1,29.4,1,clear,2,12,0,0.03,RED,0.0,2.0,0.03
2026-07-29 12:46:09,int-1,lane-N,14,0.0,6,clear,2,12,0,0.2,RED,69.5,6.0,0.47
2026-07-29 12:46:09,int-1,lane-S,14,30.5,5,clear,2,12,0,0.17,GREEN,0.0,6.0,0.47
2026-07-29 12:46:09,int-1,lane-E,22,29.7,9,clear,2,12,0,0.3,RED,0.0,6.0,0.73
2026-07-29 12:46:09,int-1,lane-W,7,29.7,3,clear,2,12,0,0.1,RED,0.0,6.0,0.23
2026-07-29 12:46:16,int-1,lane-N,6,0.0,3,clear,2,12,0,0.1,RED,70.5,6.0,0.2
2026-07-29 12:46:16,int-1,lane-S,0,30.0,0,clear,2,12,0,0.0,GREEN,0.0,6.0,0.0
2026-07-29 12:46:16,int-1,lane-E,2,29.099999999999998,2,clear,2,12,0,0.07,RED,0.0,6.0,0.07
2026-07-29 12:46:16,int-1,lane-W,2,29.099999999999998,2,clear,2,12,0,0.07,RED,0.0,6.0,0.07
2026-07-29 12:46:22,int-1,lane-N,7,0.0,4,clear,2,12,0,0.13,RED,72.5,4.0,0.23
2026-07-29 12:46:22,int-1,lane-S,0,30.0,0,clear,2,12,0,0.0,GREEN,0.0,4.0,0.0
2026-07-29 12:46:22,int-1,lane-E,1,29.4,1,clear,2,12,0,0.03,RED,0.0,4.0,0.03
2026-07-29 12:46:22,int-1,lane-W,1,29.4,1,clear,2,12,0,0.03,RED,0.0,4.0,0.03
2026-07-29 12:46:28,int-1,lane-N,5,0.0,2,clear,2,12,0,0.07,RED,74.5,2.0,0.17
2026-07-29 12:46:28,int-1,lane-S,0,30.0,0,clear,2,12,0,0.0,YELLOW,0.0,2.0,0.0
2026-07-29 12:46:28,int-1,lane-E,0,29.7,0,clear,2,12,0,0.0,RED,0.0,2.0,0.0
2026-07-29 12:46:28,int-1,lane-W,0,29.7,0,clear,2,12,0,0.0,RED,0.0,2.0,0.0
2026-07-29 12:46:35,int-1,lane-N,11,1.5,3,clear,2,12,0,0.1,GREEN,75.5,6.0,0.37
2026-07-29 12:46:35,int-1,lane-S,15,29.099999999999998,7,clear,2,12,0,0.23,RED,0.0,6.0,0.5
2026-07-29 12:46:35,int-1,lane-E,20,29.099999999999998,8,clear,2,12,0,0.27,RED,0.0,6.0,0.67
2026-07-29 12:46:35,int-1,lane-W,9,29.099999999999998,4,clear,2,12,0,0.13,RED,0.0,6.0,0.3
2026-07-29 12:46:42,int-1,lane-N,3,1.0,0,clear,2,12,1,0.0,GREEN,77.5,5.0,0.1
2026-07-29 12:46:42,int-1,lane-S,1,29.4,1,clear,2,12,0,0.03,RED,0.0,5.0,0.03
2026-07-29 12:46:42,int-1,lane-E,1,29.4,1,clear,2,12,0,0.03,RED,0.0,5.0,0.03
2026-07-29 12:46:42,int-1,lane-W,0,29.4,0,clear,2,12,0,0.0,RED,0.0,5.0,0.0
2026-07-29 12:46:51,int-1,lane-N,4,0.5,1,clear,2,12,1,0.03,GREEN,79.5,2.0,0.13
2026-07-29 12:46:51,int-1,lane-S,0,29.7,0,clear,2,12,0,0.0,RED,0.0,2.0,0.0
2026-07-29 12:46:51,int-1,lane-E,0,29.7,0,clear,2,12,0,0.0,RED,0.0,2.0,0.0
2026-07-29 12:46:51,int-1,lane-W,0,29.7,0,clear,2,12,0,0.0,RED,0.0,2.0,0.0
2026-07-29 12:46:58,int-1,lane-N,10,0.5,3,clear,2,12,1,0.1,GREEN,80.5,6.0,0.33
2026-07-29 12:46:58,int-1,lane-S,15,29.099999999999998,7,clear,2,12,0,0.23,RED,0.0,6.0,0.5
2026-07-29 12:46:58,int-1,lane-E,22,29.099999999999998,9,clear,2,12,0,0.3,RED,0.0,6.0,0.73
2026-07-29 12:46:58,int-1,lane-W,7,29.099999999999998,3,clear,2,12,0,0.1,RED,0.0,6.0,0.23
2026-07-29 12:47:06,int-1,lane-N,3,1.0,0,clear,2,12,0,0.0,GREEN,82.5,4.0,0.1
2026-07-29 12:47:06,int-1,lane-S,1,29.4,1,clear,2,12,0,0.03,RED,0.0,4.0,0.03
2026-07-29 12:47:06,int-1,lane-E,1,29.4,1,clear,2,12,0,0.03,RED,0.0,4.0,0.03
2026-07-29 12:47:06,int-1,lane-W,2,29.4,2,clear,2,12,0,0.07,RED,0.0,4.0,0.07
2026-07-29 12:47:12,int-1,lane-N,4,0.5,1,clear,2,12,0,0.03,GREEN,84.5,1.0,0.13
2026-07-29 12:47:12,int-1,lane-S,1,29.7,1,clear,2,12,0,0.03,RED,0.0,1.0,0.03
2026-07-29 12:47:12,int-1,lane-E,1,29.7,1,clear,2,12,0,0.03,RED,0.0,1.0,0.03
2026-07-29 12:47:12,int-1,lane-W,1,29.7,1,clear,2,12,0,0.03,RED,0.0,1.0,0.03
2026-07-29 12:47:19,int-1,lane-N,15,0.0,7,clear,2,12,0,0.23,RED,85.5,6.0,0.5
2026-07-29 12:47:19,int-1,lane-S,13,30.7,4,clear,2,12,0,0.13,GREEN,0.0,6.0,0.43
2026-07-29 12:47:19,int-1,lane-E,21,29.099999999999998,9,clear,2,12,0,0.3,RED,0.0,6.0,0.7
2026-07-29 12:47:19,int-1,lane-W,6,29.099999999999998,2,clear,2,12,0,0.07,RED,0.0,6.0,0.2
2026-07-29 12:47:25,int-1,lane-N,5,0.0,2,clear,2,12,0,0.07,RED,87.5,6.0,0.17
2026-07-29 12:47:25,int-1,lane-S,0,30.0,0,clear,2,12,0,0.0,GREEN,0.0,6.0,0.0
2026-07-29 12:47:25,int-1,lane-E,0,29.4,0,clear,2,12,0,0.0,RED,0.0,6.0,0.0
2026-07-29 12:47:25,int-1,lane-W,2,29.4,2,clear,2,12,0,0.07,RED,0.0,6.0,0.07
2026-07-29 12:47:32,int-1,lane-N,6,0.0,3,clear,2,12,0,0.1,RED,89.5,3.0,0.2
2026-07-29 12:47:32,int-1,lane-S,0,30.0,0,clear,2,12,0,0.0,GREEN,0.0,3.0,0.0
2026-07-29 12:47:32,int-1,lane-E,0,29.7,0,clear,2,12,0,0.0,RED,0.0,3.0,0.0
2026-07-29 12:47:32,int-1,lane-W,1,29.7,1,clear,2,12,0,0.03,RED,0.0,3.0,0.03
2026-07-29 12:47:38,int-1,lane-N,7,0.0,4,clear,2,12,0,0.13,RED,90.5,2.0,0.23
2026-07-29 12:47:38,int-1,lane-S,0,30.0,0,clear,2,12,0,0.0,YELLOW,0.0,2.0,0.0
2026-07-29 12:47:38,int-1,lane-E,2,29.099999999999998,2,clear,2,12,0,0.07,RED,0.0,2.0,0.07
2026-07-29 12:47:38,int-1,lane-W,1,29.099999999999998,1,clear,2,12,0,0.03,RED,0.0,2.0,0.03
2026-07-29 12:47:46,int-1,lane-N,3,1.0,0,clear,2,12,0,0.0,GREEN,92.5,6.0,0.1
2026-07-29 12:47:46,int-1,lane-S,0,29.4,0,clear,2,12,0,0.0,RED,0.0,6.0,0.0
2026-07-29 12:47:46,int-1,lane-E,1,29.4,1,clear,2,12,0,0.03,RED,0.0,6.0,0.03
2026-07-29 12:47:46,int-1,lane-W,0,29.4,0,clear,2,12,0,0.0,RED,0.0,6.0,0.0
2026-07-29 12:47:53,int-1,lane-N,4,0.5,1,clear,2,12,0,0.03,GREEN,94.5,4.0,0.13
2026-07-29 12:47:53,int-1,lane-S,1,29.7,1,clear,2,12,0,0.03,RED,0.0,4.0,0.03
2026-07-29 12:47:53,int-1,lane-E,1,29.7,1,clear,2,12,0,0.03,RED,0.0,4.0,0.03
2026-07-29 12:47:53,int-1,lane-W,1,29.7,1,clear,2,12,0,0.03,RED,0.0,4.0,0.03
2026-07-29 12:47:59,int-1,lane-N,3,1.0,0,clear,2,12,0,0.0,YELLOW,95.5,2.0,0.1
2026-07-29 12:47:59,int-1,lane-S,0,29.099999999999998,0,clear,2,12,0,0.0,RED,0.0,2.0,0.0
2026-07-29 12:47:59,int-1,lane-E,2,29.099999999999998,2,clear,2,12,0,0.07,RED,0.0,2.0,0.07
2026-07-29 12:47:59,int-1,lane-W,1,29.099999999999998,1,clear,2,12,0,0.03,RED,0.0,2.0,0.03
2026-07-29 12:48:24,int-1,lane-N,5,0.0,2,clear,2,12,0,0.07,RED,97.5,6.0,0.17
2026-07-29 12:48:24,int-1,lane-S,0,30.0,0,clear,2,12,0,0.0,GREEN,0.0,6.0,0.0
2026-07-29 12:48:24,int-1,lane-E,1,29.4,1,clear,2,12,0,0.03,RED,0.0,6.0,0.03
2026-07-29 12:48:24,int-1,lane-W,1,29.4,1,clear,2,12,0,0.03,RED,0.0,6.0,0.03
2026-07-29 12:48:47,int-1,lane-N,5,0.0,2,clear,2,12,0,0.07,RED,99.5,5.0,0.17
2026-07-29 12:48:47,int-1,lane-S,0,30.0,0,clear,2,12,0,0.0,GREEN,0.0,5.0,0.0
2026-07-29 12:48:47,int-1,lane-E,0,29.7,0,clear,2,12,0,0.0,RED,0.0,5.0,0.0
2026-07-29 12:48:47,int-1,lane-W,0,29.7,0,clear,2,12,0,0.0,RED,0.0,5.0,0.0
2026-07-29 12:48:58,int-1,lane-N,5,0.0,2,clear,2,12,0,0.07,RED,100.5,2.0,0.17
2026-07-29 12:48:58,int-1,lane-S,0,30.0,0,clear,2,12,0,0.0,GREEN,0.0,2.0,0.0
2026-07-29 12:48:58,int-1,lane-E,0,29.099999999999998,0,clear,2,12,0,0.0,RED,0.0,2.0,0.0
2026-07-29 12:48:58,int-1,lane-W,1,29.099999999999998,1,clear,2,12,0,0.03,RED,0.0,2.0,0.03
2026-07-29 12:49:20,int-1,lane-N,11,0.5,4,clear,2,12,0,0.13,GREEN,102.5,6.0,0.37
2026-07-29 12:49:20,int-1,lane-S,14,29.7,6,clear,2,12,0,0.2,RED,0.0,6.0,0.47
2026-07-29 12:49:20,int-1,lane-E,20,29.4,8,clear,2,12,0,0.27,RED,0.0,6.0,0.67
2026-07-29 12:49:20,int-1,lane-W,8,29.4,4,clear,2,12,0,0.13,RED,0.0,6.0,0.27
2026-07-29 12:49:34,int-1,lane-N,4,0.5,1,clear,2,12,0,0.03,GREEN,104.5,5.0,0.13
2026-07-29 12:49:34,int-1,lane-S,0,29.7,0,clear,2,12,0,0.0,RED,0.0,5.0,0.0
2026-07-29 12:49:34,int-1,lane-E,0,29.7,0,clear,2,12,0,0.0,RED,0.0,5.0,0.0
2026-07-29 12:49:34,int-1,lane-W,0,29.7,0,clear,2,12,0,0.0,RED,0.0,5.0,0.0
2026-07-29 12:49:48,int-1,lane-N,2,1.5,0,clear,2,12,0,0.0,GREEN,105.5,2.0,0.07
2026-07-29 12:49:48,int-1,lane-S,0,29.099999999999998,0,clear,2,12,0,0.0,RED,0.0,2.0,0.0
2026-07-29 12:49:48,int-1,lane-E,1,29.099999999999998,1,clear,2,12,0,0.03,RED,0.0,2.0,0.03
2026-07-29 12:49:48,int-1,lane-W,2,29.099999999999998,2,clear,2,12,0,0.07,RED,0.0,2.0,0.07
2026-07-29 12:49:57,int-1,lane-N,12,0.0,5,clear,2,12,0,0.17,RED,107.5,6.0,0.4
2026-07-29 12:49:57,int-1,lane-S,15,30.2,5,clear,2,12,0,0.17,GREEN,0.0,6.0,0.5
2026-07-29 12:49:57,int-1,lane-E,21,29.4,9,clear,2,12,0,0.3,RED,0.0,6.0,0.7
2026-07-29 12:49:57,int-1,lane-W,6,29.4,2,clear,2,12,0,0.07,RED,0.0,6.0,0.2
2026-07-29 12:50:07,int-1,lane-N,5,0.0,2,clear,2,12,0,0.07,RED,109.5,6.0,0.17
2026-07-29 12:50:07,int-1,lane-S,0,30.0,0,clear,2,12,0,0.0,GREEN,0.0,6.0,0.0
2026-07-29 12:50:07,int-1,lane-E,0,29.7,0,clear,2,12,0,0.0,RED,0.0,6.0,0.0
2026-07-29 12:50:07,int-1,lane-W,1,29.7,1,clear,2,12,0,0.03,RED,0.0,6.0,0.03
2026-07-29 12:50:16,int-1,lane-N,6,0.0,3,clear,2,12,0,0.1,RED,110.5,4.0,0.2
2026-07-29 12:50:16,int-1,lane-S,0,30.0,0,clear,2,12,0,0.0,GREEN,0.0,4.0,0.0
2026-07-29 12:50:16,int-1,lane-E,0,29.099999999999998,0,clear,2,12,0,0.0,RED,0.0,4.0,0.0
2026-07-29 12:50:16,int-1,lane-W,1,29.099999999999998,1,clear,2,12,0,0.03,RED,0.0,4.0,0.03
2026-07-29 12:50:25,int-1,lane-N,5,0.0,2,clear,2,12,0,0.07,RED,112.5,1.0,0.17
2026-07-29 12:50:25,int-1,lane-S,0,30.0,0,clear,2,12,0,0.0,GREEN,0.0,1.0,0.0
2026-07-29 12:50:25,int-1,lane-E,1,29.4,1,clear,2,12,0,0.03,RED,0.0,1.0,0.03
2026-07-29 12:50:25,int-1,lane-W,1,29.4,1,clear,2,12,0,0.03,RED,0.0,1.0,0.03
2026-07-29 12:50:33,int-1,lane-N,4,0.5,1,clear,2,12,0,0.03,GREEN,114.5,6.0,0.13
2026-07-29 12:50:33,int-1,lane-S,1,29.7,1,clear,2,12,0,0.03,RED,0.0,6.0,0.03
2026-07-29 12:50:33,int-1,lane-E,1,29.7,1,clear,2,12,0,0.03,RED,0.0,6.0,0.03
2026-07-29 12:50:33,int-1,lane-W,1,29.7,1,clear,2,12,0,0.03,RED,0.0,6.0,0.03
2026-07-29 12:50:38,int-1,lane-N,2,1.5,0,clear,2,12,0,0.0,GREEN,115.5,4.0,0.07
2026-07-29 12:50:38,int-1,lane-S,1,29.099999999999998,1,clear,2,12,0,0.03,RED,0.0,4.0,0.03
2026-07-29 12:50:38,int-1,lane-E,1,29.099999999999998,1,clear,2,12,0,0.03,RED,0.0,4.0,0.03
2026-07-29 12:50:38,int-1,lane-W,1,29.099999999999998,1,clear,2,12,0,0.03,RED,0.0,4.0,0.03
2026-07-29 12:50:46,int-1,lane-N,3,1.0,0,clear,2,12,0,0.0,GREEN,117.5,1.0,0.1
2026-07-29 12:50:46,int-1,lane-S,1,29.4,1,clear,2,12,0,0.03,RED,0.0,1.0,0.03
2026-07-29 12:50:46,int-1,lane-E,2,29.4,2,clear,2,12,0,0.07,RED,0.0,1.0,0.07
2026-07-29 12:50:46,int-1,lane-W,0,29.4,0,clear,2,12,0,0.0,RED,0.0,1.0,0.0
2026-07-29 12:50:54,int-1,lane-N,6,0.0,3,clear,2,12,0,0.1,RED,119.5,7.0,0.2
2026-07-29 12:50:54,int-1,lane-S,0,29.7,0,clear,2,12,0,0.0,RED,0.0,7.0,0.0
2026-07-29 12:50:54,int-1,lane-E,0,30.0,0,clear,2,12,0,0.0,GREEN,0.0,7.0,0.0
2026-07-29 12:50:54,int-1,lane-W,1,29.7,1,clear,2,12,0,0.03,RED,0.0,7.0,0.03
2026-07-29 12:51:00,int-1,lane-N,6,0.0,3,clear,2,12,0,0.1,RED,120.5,6.0,0.2
2026-07-29 12:51:00,int-1,lane-S,2,29.099999999999998,2,clear,2,12,0,0.07,RED,0.0,6.0,0.07
2026-07-29 12:51:00,int-1,lane-E,0,30.0,0,clear,2,12,0,0.0,GREEN,0.0,6.0,0.0
2026-07-29 12:51:00,int-1,lane-W,1,29.099999999999998,1,clear,2,12,0,0.03,RED,0.0,6.0,0.03
2026-07-29 12:51:07,int-1,lane-N,5,0.0,2,clear,2,12,0,0.07,RED,122.5,6.0,0.17
2026-07-29 12:51:07,int-1,lane-S,2,29.4,2,clear,2,12,0,0.07,RED,0.0,6.0,0.07
2026-07-29 12:51:07,int-1,lane-E,0,30.0,0,clear,2,12,0,0.0,GREEN,0.0,6.0,0.0
2026-07-29 12:51:07,int-1,lane-W,0,29.4,0,clear,2,12,0,0.0,RED,0.0,6.0,0.0
2026-07-29 12:51:13,int-1,lane-N,5,0.0,2,clear,2,12,0,0.07,RED,124.5,4.0,0.17
2026-07-29 12:51:13,int-1,lane-S,1,29.7,1,clear,2,12,0,0.03,RED,0.0,4.0,0.03
2026-07-29 12:51:13,int-1,lane-E,0,30.0,0,clear,2,12,0,0.0,GREEN,0.0,4.0,0.0
2026-07-29 12:51:13,int-1,lane-W,0,29.7,0,clear,2,12,0,0.0,RED,0.0,4.0,0.0
2026-07-29 12:51:19,int-1,lane-N,6,0.0,3,clear,2,12,0,0.1,RED,125.5,1.0,0.2
2026-07-29 12:51:19,int-1,lane-S,0,29.099999999999998,0,clear,2,12,0,0.0,RED,0.0,1.0,0.0
2026-07-29 12:51:19,int-1,lane-E,0,30.0,0,clear,2,12,0,0.0,GREEN,0.0,1.0,0.0
2026-07-29 12:51:19,int-1,lane-W,1,29.099999999999998,1,clear,2,12,0,0.03,RED,0.0,1.0,0.03
2026-07-29 12:51:26,int-1,lane-N,12,1.0,4,clear,2,12,0,0.13,GREEN,127.5,6.0,0.4
2026-07-29 12:51:26,int-1,lane-S,15,29.4,7,clear,2,12,0,0.23,RED,0.0,6.0,0.5
2026-07-29 12:51:26,int-1,lane-E,23,29.4,10,clear,2,12,0,0.33,RED,0.0,6.0,0.77
2026-07-29 12:51:26,int-1,lane-W,8,29.4,4,clear,2,12,0,0.13,RED,0.0,6.0,0.27
2026-07-29 12:51:38,int-1,lane-N,4,0.5,1,clear,2,12,0,0.03,GREEN,129.5,5.0,0.13
2026-07-29 12:51:38,int-1,lane-S,1,29.7,1,clear,2,12,0,0.03,RED,0.0,5.0,0.03
2026-07-29 12:51:38,int-1,lane-E,0,29.7,0,clear,2,12,0,0.0,RED,0.0,5.0,0.0
2026-07-29 12:51:38,int-1,lane-W,0,29.7,0,clear,2,12,0,0.0,RED,0.0,5.0,0.0
2026-07-29 12:51:44,int-1,lane-N,2,1.5,0,clear,2,12,0,0.0,GREEN,130.5,2.0,0.07
2026-07-29 12:51:44,int-1,lane-S,0,29.099999999999998,0,clear,2,12,0,0.0,RED,0.0,2.0,0.0
2026-07-29 12:51:44,int-1,lane-E,1,29.099999999999998,1,clear,2,12,0,0.03,RED,0.0,2.0,0.03
2026-07-29 12:51:44,int-1,lane-W,1,29.099999999999998,1,clear,2,12,0,0.03,RED,0.0,2.0,0.03
2026-07-29 12:51:50,int-1,lane-N,5,0.0,2,clear,2,12,0,0.07,YELLOW,132.5,1.0,0.17
2026-07-29 12:51:50,int-1,lane-S,1,29.4,1,clear,2,12,0,0.03,RED,0.0,1.0,0.03
2026-07-29 12:51:50,int-1,lane-E,0,29.4,0,clear,2,12,0,0.0,RED,0.0,1.0,0.0
2026-07-29 12:51:50,int-1,lane-W,1,29.4,1,clear,2,12,0,0.03,RED,0.0,1.0,0.03
2026-07-29 12:51:57,int-1,lane-N,6,0.0,3,clear,2,12,0,0.1,RED,134.5,5.0,0.2
2026-07-29 12:51:57,int-1,lane-S,0,30.0,0,clear,2,12,0,0.0,GREEN,0.0,5.0,0.0
2026-07-29 12:51:57,int-1,lane-E,0,29.7,0,clear,2,12,0,0.0,RED,0.0,5.0,0.0
2026-07-29 12:51:57,int-1,lane-W,1,29.7,1,clear,2,12,0,0.03,RED,0.0,5.0,0.03
2026-07-29 12:52:03,int-1,lane-N,8,0.0,5,clear,2,12,0,0.17,RED,135.5,2.0,0.27
2026-07-29 12:52:03,int-1,lane-S,0,30.0,0,clear,2,12,0,0.0,GREEN,0.0,2.0,0.0
2026-07-29 12:52:03,int-1,lane-E,0,29.099999999999998,0,clear,2,12,0,0.0,RED,0.0,2.0,0.0
2026-07-29 12:52:03,int-1,lane-W,1,29.099999999999998,1,clear,2,12,0,0.03,RED,0.0,2.0,0.03
2026-07-29 12:52:09,int-1,lane-N,6,0.0,3,clear,2,12,0,0.1,RED,137.5,1.0,0.2
2026-07-29 12:52:09,int-1,lane-S,0,30.0,0,clear,2,12,0,0.0,YELLOW,0.0,1.0,0.0
2026-07-29 12:52:09,int-1,lane-E,0,29.4,0,clear,2,12,0,0.0,RED,0.0,1.0,0.0
2026-07-29 12:52:09,int-1,lane-W,0,29.4,0,clear,2,12,0,0.0,RED,0.0,1.0,0.0
2026-07-29 12:52:16,int-1,lane-N,4,0.5,1,clear,2,12,0,0.03,GREEN,139.5,6.0,0.13
2026-07-29 12:52:16,int-1,lane-S,1,29.7,1,clear,2,12,0,0.03,RED,0.0,6.0,0.03
2026-07-29 12:52:16,int-1,lane-E,1,29.7,1,clear,2,12,0,0.03,RED,0.0,6.0,0.03
2026-07-29 12:52:16,int-1,lane-W,1,29.7,1,clear,2,12,0,0.03,RED,0.0,6.0,0.03
2026-07-29 12:52:22,int-1,lane-N,2,1.5,0,clear,2,12,0,0.0,GREEN,140.5,3.0,0.07
2026-07-29 12:52:22,int-1,lane-S,3,29.099999999999998,3,clear,2,12,0,0.1,RED,0.0,3.0,0.1
2026-07-29 12:52:22,int-1,lane-E,0,29.099999999999998,0,clear,2,12,0,0.0,RED,0.0,3.0,0.0
2026-07-29 12:52:22,int-1,lane-W,1,29.099999999999998,1,clear,2,12,0,0.03,RED,0.0,3.0,0.03
2026-07-29 12:52:30,int-1,lane-N,5,0.0,2,clear,2,12,0,0.07,YELLOW,142.5,2.0,0.17
2026-07-29 12:52:30,int-1,lane-S,1,29.4,1,clear,2,12,0,0.03,RED,0.0,2.0,0.03
2026-07-29 12:52:30,int-1,lane-E,2,29.4,2,clear,2,12,0,0.07,RED,0.0,2.0,0.07
2026-07-29 12:52:30,int-1,lane-W,1,29.4,1,clear,2,12,0,0.03,RED,0.0,2.0,0.03
2026-07-29 12:52:36,int-1,lane-N,5,0.0,2,clear,2,12,0,0.07,RED,144.5,6.0,0.17
2026-07-29 12:52:36,int-1,lane-S,0,30.0,0,clear,2,12,0,0.0,GREEN,0.0,6.0,0.0
2026-07-29 12:52:36,int-1,lane-E,0,29.7,0,clear,2,12,0,0.0,RED,0.0,6.0,0.0
2026-07-29 12:52:36,int-1,lane-W,0,29.7,0,clear,2,12,0,0.0,RED,0.0,6.0,0.0
2026-07-29 12:52:42,int-1,lane-N,7,0.0,4,clear,2,12,0,0.13,RED,145.5,4.0,0.23
2026-07-29 12:52:42,int-1,lane-S,0,30.0,0,clear,2,12,0,0.0,GREEN,0.0,4.0,0.0
2026-07-29 12:52:42,int-1,lane-E,2,29.099999999999998,2,clear,2,12,0,0.07,RED,0.0,4.0,0.07
2026-07-29 12:52:42,int-1,lane-W,1,29.099999999999998,1,clear,2,12,0,0.03,RED,0.0,4.0,0.03
2026-07-29 12:52:48,int-1,lane-N,6,0.0,3,clear,2,12,0,0.1,RED,147.5,1.0,0.2
2026-07-29 12:52:48,int-1,lane-S,0,30.0,0,clear,2,12,0,0.0,GREEN,0.0,1.0,0.0
2026-07-29 12:52:48,int-1,lane-E,1,29.4,1,clear,2,12,0,0.03,RED,0.0,1.0,0.03
2026-07-29 12:52:48,int-1,lane-W,1,29.4,1,clear,2,12,0,0.03,RED,0.0,1.0,0.03
2026-07-29 12:52:55,int-1,lane-N,4,0.5,1,clear,2,12,0,0.03,GREEN,149.5,6.0,0.13
2026-07-29 12:52:55,int-1,lane-S,0,29.7,0,clear,2,12,0,0.0,RED,0.0,6.0,0.0
2026-07-29 12:52:55,int-1,lane-E,0,29.7,0,clear,2,12,0,0.0,RED,0.0,6.0,0.0
2026-07-29 12:52:55,int-1,lane-W,0,29.7,0,clear,2,12,0,0.0,RED,0.0,6.0,0.0
2026-07-29 12:53:01,int-1,lane-N,2,1.5,0,clear,2,12,0,0.0,GREEN,150.5,5.0,0.07
2026-07-29 12:53:01,int-1,lane-S,1,29.099999999999998,1,clear,2,12,0,0.03,RED,0.0,5.0,0.03
2026-07-29 12:53:01,int-1,lane-E,0,29.099999999999998,0,clear,2,12,0,0.0,RED,0.0,5.0,0.0
2026-07-29 12:53:01,int-1,lane-W,1,29.099999999999998,1,clear,2,12,0,0.03,RED,0.0,5.0,0.03
2026-07-29 12:53:07,int-1,lane-N,3,1.0,0,clear,2,12,0,0.0,GREEN,152.5,2.0,0.1
2026-07-29 12:53:07,int-1,lane-S,0,29.4,0,clear,2,12,0,0.0,RED,0.0,2.0,0.0
2026-07-29 12:53:07,int-1,lane-E,1,29.4,1,clear,2,12,0,0.03,RED,0.0,2.0,0.03
2026-07-29 12:53:07,int-1,lane-W,1,29.4,1,clear,2,12,0,0.03,RED,0.0,2.0,0.03
2026-07-29 12:53:14,int-1,lane-N,13,0.0,6,clear,2,12,0,0.2,RED,154.5,6.0,0.43
2026-07-29 12:53:14,int-1,lane-S,12,30.5,4,clear,2,12,0,0.13,GREEN,0.0,6.0,0.4
2026-07-29 12:53:14,int-1,lane-E,18,29.7,8,clear,2,12,0,0.27,RED,0.0,6.0,0.6
2026-07-29 12:53:14,int-1,lane-W,8,29.7,4,clear,2,12,0,0.13,RED,0.0,6.0,0.27
2026-07-29 12:53:20,int-1,lane-N,5,0.0,2,clear,2,12,0,0.07,RED,155.5,5.0,0.17
2026-07-29 12:53:20,int-1,lane-S,0,30.0,0,clear,2,12,0,0.0,GREEN,0.0,5.0,0.0
2026-07-29 12:53:20,int-1,lane-E,1,29.099999999999998,1,clear,2,12,0,0.03,RED,0.0,5.0,0.03
2026-07-29 12:53:20,int-1,lane-W,2,29.099999999999998,2,clear,2,12,0,0.07,RED,0.0,5.0,0.07
2026-07-29 12:53:27,int-1,lane-N,5,0.0,2,clear,2,12,0,0.07,RED,157.5,2.0,0.17
2026-07-29 12:53:27,int-1,lane-S,0,30.0,0,clear,2,12,0,0.0,GREEN,0.0,2.0,0.0
2026-07-29 12:53:27,int-1,lane-E,2,29.4,2,clear,2,12,0,0.07,RED,0.0,2.0,0.07
2026-07-29 12:53:27,int-1,lane-W,0,29.4,0,clear,2,12,0,0.0,RED,0.0,2.0,0.0
2026-07-29 12:53:33,int-1,lane-N,6,0.0,3,clear,2,12,0,0.1,RED,159.5,1.0,0.2
2026-07-29 12:53:33,int-1,lane-S,0,30.0,0,clear,2,12,0,0.0,YELLOW,0.0,1.0,0.0
2026-07-29 12:53:33,int-1,lane-E,0,29.7,0,clear,2,12,0,0.0,RED,0.0,1.0,0.0
2026-07-29 12:53:33,int-1,lane-W,1,29.7,1,clear,2,12,0,0.03,RED,0.0,1.0,0.03
2026-07-29 12:53:39,int-1,lane-N,2,1.5,0,clear,2,12,0,0.0,GREEN,160.5,5.0,0.07
2026-07-29 12:53:39,int-1,lane-S,2,29.099999999999998,2,clear,2,12,0,0.07,RED,0.0,5.0,0.07
2026-07-29 12:53:39,int-1,lane-E,2,29.099999999999998,2,clear,2,12,0,0.07,RED,0.0,5.0,0.07
2026-07-29 12:53:39,int-1,lane-W,1,29.099999999999998,1,clear,2,12,0,0.03,RED,0.0,5.0,0.03
2026-07-29 12:53:45,int-1,lane-N,3,1.0,0,clear,2,12,1,0.0,GREEN,162.5,2.0,0.1
2026-07-29 12:53:45,int-1,lane-S,1,29.4,1,clear,2,12,0,0.03,RED,0.0,2.0,0.03
2026-07-29 12:53:45,int-1,lane-E,0,29.4,0,clear,2,12,0,0.0,RED,0.0,2.0,0.0
2026-07-29 12:53:45,int-1,lane-W,1,29.4,1,clear,2,12,0,0.03,RED,0.0,2.0,0.03
2026-07-29 12:53:51,int-1,lane-N,5,0.0,2,clear,2,12,1,0.07,YELLOW,164.5,1.0,0.17
2026-07-29 12:53:51,int-1,lane-S,1,29.7,1,clear,2,12,0,0.03,RED,0.0,1.0,0.03
2026-07-29 12:53:51,int-1,lane-E,0,29.7,0,clear,2,12,0,0.0,RED,0.0,1.0,0.0
2026-07-29 12:53:51,int-1,lane-W,0,29.7,0,clear,2,12,0,0.0,RED,0.0,1.0,0.0
2026-07-29 12:53:57,int-1,lane-N,2,1.5,0,clear,2,12,1,0.0,GREEN,165.5,5.0,0.07
2026-07-29 12:53:57,int-1,lane-S,0,29.099999999999998,0,clear,2,12,0,0.0,RED,0.0,5.0,0.0
2026-07-29 12:53:57,int-1,lane-E,0,29.099999999999998,0,clear,2,12,0,0.0,RED,0.0,5.0,0.0
2026-07-29 12:53:57,int-1,lane-W,2,29.099999999999998,2,clear,2,12,0,0.07,RED,0.0,5.0,0.07
2026-07-29 12:54:06,int-1,lane-N,3,1.0,0,clear,2,12,1,0.0,GREEN,167.5,2.0,0.1
2026-07-29 12:54:06,int-1,lane-S,1,29.4,1,clear,2,12,0,0.03,RED,0.0,2.0,0.03
2026-07-29 12:54:06,int-1,lane-E,1,29.4,1,clear,2,12,0,0.03,RED,0.0,2.0,0.03
2026-07-29 12:54:06,int-1,lane-W,1,29.4,1,clear,2,12,0,0.03,RED,0.0,2.0,0.03
2026-07-29 12:54:13,int-1,lane-N,5,0.0,2,clear,2,12,0,0.07,YELLOW,169.5,1.0,0.17
2026-07-29 12:54:13,int-1,lane-S,1,29.7,1,clear,2,12,0,0.03,RED,0.0,1.0,0.03
2026-07-29 12:54:13,int-1,lane-E,1,29.7,1,clear,2,12,0,0.03,RED,0.0,1.0,0.03
2026-07-29 12:54:13,int-1,lane-W,1,29.7,1,clear,2,12,0,0.03,RED,0.0,1.0,0.03
2026-07-29 12:54:19,int-1,lane-N,6,0.0,3,clear,2,12,0,0.1,RED,170.5,6.0,0.2
2026-07-29 12:54:19,int-1,lane-S,0,30.0,0,clear,2,12,0,0.0,GREEN,0.0,6.0,0.0
2026-07-29 12:54:19,int-1,lane-E,1,29.099999999999998,1,clear,2,12,0,0.03,RED,0.0,6.0,0.03
2026-07-29 12:54:19,int-1,lane-W,0,29.099999999999998,0,clear,2,12,0,0.0,RED,0.0,6.0,0.0
2026-07-29 12:54:26,int-1,lane-N,6,0.0,3,clear,2,12,0,0.1,RED,172.5,3.0,0.2
2026-07-29 12:54:26,int-1,lane-S,0,30.0,0,clear,2,12,0,0.0,GREEN,0.0,3.0,0.0
2026-07-29 12:54:26,int-1,lane-E,1,29.4,1,clear,2,12,0,0.03,RED,0.0,3.0,0.03
2026-07-29 12:54:26,int-1,lane-W,1,29.4,1,clear,2,12,0,0.03,RED,0.0,3.0,0.03
2026-07-29 12:54:35,int-1,lane-N,5,0.0,2,clear,2,12,0,0.07,RED,174.5,2.0,0.17
2026-07-29 12:54:35,int-1,lane-S,0,30.0,0,clear,2,12,0,0.0,YELLOW,0.0,2.0,0.0
2026-07-29 12:54:35,int-1,lane-E,0,29.7,0,clear,2,12,0,0.0,RED,0.0,2.0,0.0
2026-07-29 12:54:35,int-1,lane-W,0,29.7,0,clear,2,12,0,0.0,RED,0.0,2.0,0.0
2026-07-29 12:54:41,int-1,lane-N,2,1.5,0,clear,2,12,0,0.0,GREEN,175.5,6.0,0.07
2026-07-29 12:54:41,int-1,lane-S,1,29.099999999999998,1,clear,2,12,0,0.03,RED,0.0,6.0,0.03
2026-07-29 12:54:41,int-1,lane-E,2,29.099999999999998,2,clear,2,12,0,0.07,RED,0.0,6.0,0.07
2026-07-29 12:54:41,int-1,lane-W,0,29.099999999999998,0,clear,2,12,0,0.0,RED,0.0,6.0,0.0
2026-07-29 12:54:48,int-1,lane-N,3,1.0,0,clear,2,12,0,0.0,GREEN,177.5,5.0,0.1
2026-07-29 12:54:48,int-1,lane-S,0,29.4,0,clear,2,12,0,0.0,RED,0.0,5.0,0.0
2026-07-29 12:54:48,int-1,lane-E,1,29.4,1,clear,2,12,0,0.03,RED,0.0,5.0,0.03
2026-07-29 12:54:48,int-1,lane-W,1,29.4,1,clear,2,12,0,0.03,RED,0.0,5.0,0.03
2026-07-29 12:54:55,int-1,lane-N,4,0.5,1,clear,2,12,0,0.03,GREEN,179.5,2.0,0.13
2026-07-29 12:54:55,int-1,lane-S,1,29.7,1,clear,2,12,0,0.03,RED,0.0,2.0,0.03
2026-07-29 12:54:55,int-1,lane-E,1,29.7,1,clear,2,12,0,0.03,RED,0.0,2.0,0.03
2026-07-29 12:54:55,int-1,lane-W,1,29.7,1,clear,2,12,0,0.03,RED,0.0,2.0,0.03
2026-07-29 12:55:01,int-1,lane-N,13,0.0,5,clear,2,12,0,0.17,RED,180.5,6.0,0.43
2026-07-29 12:55:01,int-1,lane-S,11,29.9,4,clear,2,12,0,0.13,GREEN,0.0,6.0,0.37
2026-07-29 12:55:01,int-1,lane-E,21,29.099999999999998,8,clear,2,12,0,0.27,RED,0.0,6.0,0.7
2026-07-29 12:55:01,int-1,lane-W,8,29.099999999999998,4,clear,2,12,0,0.13,RED,0.0,6.0,0.27
2026-07-29 12:55:08,int-1,lane-N,6,0.0,3,clear,2,12,0,0.1,RED,182.5,5.0,0.2
2026-07-29 12:55:08,int-1,lane-S,0,30.0,0,clear,2,12,0,0.0,GREEN,0.0,5.0,0.0
2026-07-29 12:55:08,int-1,lane-E,0,29.4,0,clear,2,12,0,0.0,RED,0.0,5.0,0.0
2026-07-29 12:55:08,int-1,lane-W,1,29.4,1,clear,2,12,0,0.03,RED,0.0,5.0,0.03
2026-07-29 12:55:15,int-1,lane-N,6,0.0,3,clear,2,12,0,0.1,RED,184.5,2.0,0.2
2026-07-29 12:55:15,int-1,lane-S,0,30.0,0,clear,2,12,0,0.0,GREEN,0.0,2.0,0.0
2026-07-29 12:55:15,int-1,lane-E,0,29.7,0,clear,2,12,0,0.0,RED,0.0,2.0,0.0
2026-07-29 12:55:15,int-1,lane-W,1,29.7,1,clear,2,12,0,0.03,RED,0.0,2.0,0.03
2026-07-29 12:55:21,int-1,lane-N,12,0.5,4,clear,2,12,0,0.13,GREEN,185.5,6.0,0.4
2026-07-29 12:55:21,int-1,lane-S,16,29.7,7,clear,2,12,0,0.23,RED,0.0,6.0,0.53
2026-07-29 12:55:21,int-1,lane-E,23,29.099999999999998,10,clear,2,12,0,0.33,RED,0.0,6.0,0.77
2026-07-29 12:55:21,int-1,lane-W,8,29.099999999999998,4,clear,2,12,0,0.13,RED,0.0,6.0,0.27
2026-07-29 12:55:34,int-1,lane-N,3,1.0,0,clear,2,12,0,0.0,GREEN,187.5,5.0,0.1
2026-07-29 12:55:34,int-1,lane-S,1,29.4,1,clear,2,12,0,0.03,RED,0.0,5.0,0.03
2026-07-29 12:55:34,int-1,lane-E,0,29.4,0,clear,2,12,0,0.0,RED,0.0,5.0,0.0
2026-07-29 12:55:34,int-1,lane-W,0,29.4,0,clear,2,12,0,0.0,RED,0.0,5.0,0.0
2026-07-29 12:55:41,int-1,lane-N,4,0.5,1,clear,2,12,0,0.03,GREEN,189.5,2.0,0.13
2026-07-29 12:55:41,int-1,lane-S,0,29.7,0,clear,2,12,0,0.0,RED,0.0,2.0,0.0
2026-07-29 12:55:41,int-1,lane-E,1,29.7,1,clear,2,12,0,0.03,RED,0.0,2.0,0.03
2026-07-29 12:55:41,int-1,lane-W,1,29.7,1,clear,2,12,0,0.03,RED,0.0,2.0,0.03
2026-07-29 12:55:48,int-1,lane-N,5,0.0,2,clear,2,12,0,0.07,YELLOW,190.5,1.0,0.17
2026-07-29 12:55:48,int-1,lane-S,2,29.099999999999998,2,clear,2,12,0,0.07,RED,0.0,1.0,0.07
2026-07-29 12:55:48,int-1,lane-E,0,29.099999999999998,0,clear,2,12,0,0.0,RED,0.0,1.0,0.0
2026-07-29 12:55:48,int-1,lane-W,2,29.099999999999998,2,clear,2,12,0,0.07,RED,0.0,1.0,0.07
2026-07-29 12:55:55,int-1,lane-N,6,0.0,3,clear,2,12,0,0.1,RED,192.5,6.0,0.2
2026-07-29 12:55:55,int-1,lane-S,0,30.0,0,clear,2,12,0,0.0,GREEN,0.0,6.0,0.0
2026-07-29 12:55:55,int-1,lane-E,1,29.4,1,clear,2,12,0,0.03,RED,0.0,6.0,0.03
2026-07-29 12:55:55,int-1,lane-W,0,29.4,0,clear,2,12,0,0.0,RED,0.0,6.0,0.0
2026-07-29 12:56:04,int-1,lane-N,5,0.0,2,clear,2,12,0,0.07,RED,194.5,4.0,0.17
2026-07-29 12:56:04,int-1,lane-S,0,30.0,0,clear,2,12,0,0.0,GREEN,0.0,4.0,0.0
2026-07-29 12:56:04,int-1,lane-E,0,29.7,0,clear,2,12,0,0.0,RED,0.0,4.0,0.0
2026-07-29 12:56:04,int-1,lane-W,0,29.7,0,clear,2,12,0,0.0,RED,0.0,4.0,0.0
2026-07-29 12:56:12,int-1,lane-N,6,0.0,3,clear,2,12,1,0.1,RED,195.5,2.0,0.2
2026-07-29 12:56:12,int-1,lane-S,0,30.0,0,clear,2,12,0,0.0,YELLOW,0.0,2.0,0.0
2026-07-29 12:56:12,int-1,lane-E,1,29.099999999999998,1,clear,2,12,0,0.03,RED,0.0,2.0,0.03
2026-07-29 12:56:12,int-1,lane-W,1,29.099999999999998,1,clear,2,12,0,0.03,RED,0.0,2.0,0.03
2026-07-29 12:56:19,int-1,lane-N,3,1.0,0,clear,2,12,1,0.0,GREEN,197.5,6.0,0.1
2026-07-29 12:56:19,int-1,lane-S,1,29.4,1,clear,2,12,0,0.03,RED,0.0,6.0,0.03
2026-07-29 12:56:19,int-1,lane-E,0,29.4,0,clear,2,12,0,0.0,RED,0.0,6.0,0.0
2026-07-29 12:56:19,int-1,lane-W,0,29.4,0,clear,2,12,0,0.0,RED,0.0,6.0,0.0
2026-07-29 12:56:26,int-1,lane-N,4,0.5,1,clear,2,12,1,0.03,GREEN,199.5,4.0,0.13
2026-07-29 12:56:26,int-1,lane-S,0,29.7,0,clear,2,12,0,0.0,RED,0.0,4.0,0.0
2026-07-29 12:56:26,int-1,lane-E,1,29.7,1,clear,2,12,0,0.03,RED,0.0,4.0,0.03
2026-07-29 12:56:26,int-1,lane-W,1,29.7,1,clear,2,12,0,0.03,RED,0.0,4.0,0.03
2026-07-29 12:56:33,int-1,lane-N,2,1.5,0,clear,2,12,0,0.0,GREEN,200.5,1.0,0.07
2026-07-29 12:56:33,int-1,lane-S,1,29.099999999999998,1,clear,2,12,0,0.03,RED,0.0,1.0,0.03
2026-07-29 12:56:33,int-1,lane-E,1,29.099999999999998,1,clear,2,12,0,0.03,RED,0.0,1.0,0.03
2026-07-29 12:56:33,int-1,lane-W,2,29.099999999999998,2,clear,2,12,0,0.07,RED,0.0,1.0,0.07
2026-07-29 12:56:45,int-1,lane-N,13,0.0,5,clear,2,12,0,0.17,RED,202.5,6.0,0.43
2026-07-29 12:56:45,int-1,lane-S,10,31.0,3,clear,2,12,0,0.1,GREEN,0.0,6.0,0.33
2026-07-29 12:56:45,int-1,lane-E,18,29.4,8,clear,2,12,0,0.27,RED,0.0,6.0,0.6
2026-07-29 12:56:45,int-1,lane-W,9,29.4,4,clear,2,12,0,0.13,RED,0.0,6.0,0.3
2026-07-29 12:56:52,int-1,lane-N,6,0.0,3,clear,2,12,1,0.1,RED,204.5,4.0,0.2
2026-07-29 12:56:52,int-1,lane-S,0,30.0,0,clear,2,12,0,0.0,GREEN,0.0,4.0,0.0
2026-07-29 12:56:52,int-1,lane-E,0,29.7,0,clear,2,12,0,0.0,RED,0.0,4.0,0.0
2026-07-29 12:56:52,int-1,lane-W,0,29.7,0,clear,2,12,0,0.0,RED,0.0,4.0,0.0
2026-07-29 12:56:59,int-1,lane-N,5,0.0,2,clear,2,12,1,0.07,RED,205.5,1.0,0.17
2026-07-29 12:56:59,int-1,lane-S,0,30.0,0,clear,2,12,0,0.0,GREEN,0.0,1.0,0.0
2026-07-29 12:56:59,int-1,lane-E,1,29.099999999999998,1,clear,2,12,0,0.03,RED,0.0,1.0,0.03
2026-07-29 12:56:59,int-1,lane-W,2,29.099999999999998,2,clear,2,12,0,0.07,RED,0.0,1.0,0.07
2026-07-29 12:57:18,int-1,lane-N,10,1.0,3,clear,2,12,1,0.1,GREEN,207.5,6.0,0.33
2026-07-29 12:57:18,int-1,lane-S,12,29.4,5,clear,2,12,0,0.17,RED,0.0,6.0,0.4
2026-07-29 12:57:18,int-1,lane-E,18,29.4,7,clear,2,12,0,0.23,RED,0.0,6.0,0.6
2026-07-29 12:57:18,int-1,lane-W,7,29.4,3,clear,2,12,0,0.1,RED,0.0,6.0,0.23
2026-07-29 12:57:26,int-1,lane-N,4,0.5,1,clear,2,12,0,0.03,GREEN,209.5,4.0,0.13
2026-07-29 12:57:26,int-1,lane-S,0,29.7,0,clear,2,12,0,0.0,RED,0.0,4.0,0.0
2026-07-29 12:57:26,int-1,lane-E,0,29.7,0,clear,2,12,0,0.0,RED,0.0,4.0,0.0
2026-07-29 12:57:26,int-1,lane-W,0,29.7,0,clear,2,12,0,0.0,RED,0.0,4.0,0.0
2026-07-29 12:57:32,int-1,lane-N,2,1.5,0,clear,2,12,0,0.0,GREEN,210.5,1.0,0.07
2026-07-29 12:57:32,int-1,lane-S,3,29.099999999999998,3,clear,2,12,0,0.1,RED,0.0,1.0,0.1
2026-07-29 12:57:32,int-1,lane-E,1,29.099999999999998,1,clear,2,12,0,0.03,RED,0.0,1.0,0.03
2026-07-29 12:57:32,int-1,lane-W,0,29.099999999999998,0,clear,2,12,0,0.0,RED,0.0,1.0,0.0
2026-07-29 12:57:39,int-1,lane-N,14,0.0,7,clear,2,12,0,0.23,RED,212.5,6.0,0.47
2026-07-29 12:57:39,int-1,lane-S,11,31.0,3,clear,2,12,0,0.1,GREEN,0.0,6.0,0.37
2026-07-29 12:57:39,int-1,lane-E,22,29.4,9,clear,2,12,0,0.3,RED,0.0,6.0,0.73
2026-07-29 12:57:39,int-1,lane-W,9,29.4,5,clear,2,12,0,0.17,RED,0.0,6.0,0.3
2026-07-29 12:57:48,int-1,lane-N,5,0.0,2,clear,2,12,0,0.07,RED,214.5,5.0,0.17
2026-07-29 12:57:48,int-1,lane-S,0,30.0,0,clear,2,12,0,0.0,GREEN,0.0,5.0,0.0
2026-07-29 12:57:48,int-1,lane-E,0,29.7,0,clear,2,12,0,0.0,RED,0.0,5.0,0.0
2026-07-29 12:57:48,int-1,lane-W,0,29.7,0,clear,2,12,0,0.0,RED,0.0,5.0,0.0
2026-07-29 12:57:58,int-1,lane-N,5,0.0,2,clear,2,12,0,0.07,RED,215.5,2.0,0.17
2026-07-29 12:57:58,int-1,lane-S,0,30.0,0,clear,2,12,0,0.0,GREEN,0.0,2.0,0.0
2026-07-29 12:57:58,int-1,lane-E,1,29.099999999999998,1,clear,2,12,0,0.03,RED,0.0,2.0,0.03
2026-07-29 12:57:58,int-1,lane-W,2,29.099999999999998,2,clear,2,12,0,0.07,RED,0.0,2.0,0.07
2026-07-29 12:58:05,int-1,lane-N,14,0.5,5,clear,2,12,0,0.17,GREEN,217.5,6.0,0.47
2026-07-29 12:58:05,int-1,lane-S,16,29.7,7,clear,2,12,0,0.23,RED,0.0,6.0,0.53
2026-07-29 12:58:05,int-1,lane-E,18,29.4,7,clear,2,12,0,0.23,RED,0.0,6.0,0.6
2026-07-29 12:58:05,int-1,lane-W,8,29.4,4,clear,2,12,0,0.13,RED,0.0,6.0,0.27
2026-07-29 12:58:13,int-1,lane-N,4,0.5,1,clear,2,12,0,0.03,GREEN,219.5,6.0,0.13
2026-07-29 12:58:13,int-1,lane-S,1,29.7,1,clear,2,12,0,0.03,RED,0.0,6.0,0.03
2026-07-29 12:58:13,int-1,lane-E,0,29.7,0,clear,2,12,0,0.0,RED,0.0,6.0,0.0
2026-07-29 12:58:13,int-1,lane-W,0,29.7,0,clear,2,12,0,0.0,RED,0.0,6.0,0.0
2026-07-29 12:58:25,int-1,lane-N,2,1.5,0,clear,2,12,0,0.0,GREEN,220.5,4.0,0.07
2026-07-29 12:58:25,int-1,lane-S,0,29.099999999999998,0,clear,2,12,0,0.0,RED,0.0,4.0,0.0
2026-07-29 12:58:25,int-1,lane-E,1,29.099999999999998,1,clear,2,12,0,0.03,RED,0.0,4.0,0.03
2026-07-29 12:58:25,int-1,lane-W,2,29.099999999999998,2,clear,2,12,0,0.07,RED,0.0,4.0,0.07
2026-07-29 12:58:33,int-1,lane-N,4,0.5,1,clear,2,12,0,0.03,YELLOW,222.5,2.0,0.13
2026-07-29 12:58:33,int-1,lane-S,0,29.4,0,clear,2,12,0,0.0,RED,0.0,2.0,0.0
2026-07-29 12:58:33,int-1,lane-E,1,29.4,1,clear,2,12,0,0.03,RED,0.0,2.0,0.03
2026-07-29 12:58:33,int-1,lane-W,0,29.4,0,clear,2,12,0,0.0,RED,0.0,2.0,0.0
2026-07-29 12:58:40,int-1,lane-N,5,0.0,2,clear,2,12,1,0.07,RED,224.5,6.0,0.17
2026-07-29 12:58:40,int-1,lane-S,0,30.0,0,clear,2,12,0,0.0,GREEN,0.0,6.0,0.0
2026-07-29 12:58:40,int-1,lane-E,1,29.7,1,clear,2,12,0,0.03,RED,0.0,6.0,0.03
2026-07-29 12:58:40,int-1,lane-W,1,29.7,1,clear,2,12,0,0.03,RED,0.0,6.0,0.03
2026-07-29 12:58:49,int-1,lane-N,6,0.0,3,clear,2,12,1,0.1,RED,225.5,5.0,0.2
2026-07-29 12:58:49,int-1,lane-S,0,30.0,0,clear,2,12,0,0.0,GREEN,0.0,5.0,0.0
2026-07-29 12:58:49,int-1,lane-E,3,29.099999999999998,3,clear,2,12,0,0.1,RED,0.0,5.0,0.1
2026-07-29 12:58:49,int-1,lane-W,2,29.099999999999998,2,clear,2,12,0,0.07,RED,0.0,5.0,0.07
2026-07-29 12:59:00,int-1,lane-N,6,0.0,3,clear,2,12,1,0.1,RED,227.5,2.0,0.2
2026-07-29 12:59:00,int-1,lane-S,0,30.0,0,clear,2,12,0,0.0,GREEN,0.0,2.0,0.0
2026-07-29 12:59:00,int-1,lane-E,1,29.4,1,clear,2,12,0,0.03,RED,0.0,2.0,0.03
2026-07-29 12:59:00,int-1,lane-W,1,29.4,1,clear,2,12,0,0.03,RED,0.0,2.0,0.03
2026-07-29 12:59:08,int-1,lane-N,10,0.5,3,clear,2,12,0,0.1,GREEN,229.5,6.0,0.33
2026-07-29 12:59:08,int-1,lane-S,13,29.7,5,clear,2,12,0,0.17,RED,0.0,6.0,0.43
2026-07-29 12:59:08,int-1,lane-E,21,29.7,9,clear,2,12,0,0.3,RED,0.0,6.0,0.7
2026-07-29 12:59:08,int-1,lane-W,7,29.7,3,clear,2,12,0,0.1,RED,0.0,6.0,0.23
2026-07-29 12:59:14,int-1,lane-N,2,1.5,0,clear,2,12,0,0.0,GREEN,230.5,4.0,0.07
2026-07-29 12:59:14,int-1,lane-S,1,29.099999999999998,1,clear,2,12,0,0.03,RED,0.0,4.0,0.03
2026-07-29 12:59:14,int-1,lane-E,2,29.099999999999998,2,clear,2,12,0,0.07,RED,0.0,4.0,0.07
2026-07-29 12:59:14,int-1,lane-W,2,29.099999999999998,2,clear,2,12,0,0.07,RED,0.0,4.0,0.07
2026-07-29 12:59:21,int-1,lane-N,3,1.0,0,clear,2,12,0,0.0,GREEN,232.5,1.0,0.1
2026-07-29 12:59:21,int-1,lane-S,1,29.4,1,clear,2,12,0,0.03,RED,0.0,1.0,0.03
2026-07-29 12:59:21,int-1,lane-E,2,29.4,2,clear,2,12,0,0.07,RED,0.0,1.0,0.07
2026-07-29 12:59:21,int-1,lane-W,1,29.4,1,clear,2,12,0,0.03,RED,0.0,1.0,0.03
2026-07-29 12:59:29,int-1,lane-N,5,0.0,2,clear,2,12,0,0.07,RED,234.5,6.0,0.17
2026-07-29 12:59:29,int-1,lane-S,0,30.0,0,clear,2,12,0,0.0,GREEN,0.0,6.0,0.0
2026-07-29 12:59:29,int-1,lane-E,0,29.7,0,clear,2,12,0,0.0,RED,0.0,6.0,0.0
2026-07-29 12:59:29,int-1,lane-W,0,29.7,0,clear,2,12,0,0.0,RED,0.0,6.0,0.0
2026-07-29 12:59:36,int-1,lane-N,5,0.0,2,clear,2,12,0,0.07,RED,235.5,4.0,0.17
2026-07-29 12:59:36,int-1,lane-S,0,30.0,0,clear,2,12,0,0.0,GREEN,0.0,4.0,0.0
2026-07-29 12:59:36,int-1,lane-E,3,29.099999999999998,3,clear,2,12,0,0.1,RED,0.0,4.0,0.1
2026-07-29 12:59:36,int-1,lane-W,3,29.099999999999998,3,clear,2,12,0,0.1,RED,0.0,4.0,0.1
2026-07-29 12:59:43,int-1,lane-N,6,0.0,3,clear,2,12,0,0.1,RED,237.5,1.0,0.2
2026-07-29 12:59:43,int-1,lane-S,0,30.0,0,clear,2,12,0,0.0,GREEN,0.0,1.0,0.0
2026-07-29 12:59:43,int-1,lane-E,1,29.4,1,clear,2,12,0,0.03,RED,0.0,1.0,0.03
2026-07-29 12:59:43,int-1,lane-W,0,29.4,0,clear,2,12,0,0.0,RED,0.0,1.0,0.0
2026-07-29 12:59:52,int-1,lane-N,4,0.5,1,clear,2,12,0,0.03,GREEN,239.5,6.0,0.13
2026-07-29 12:59:52,int-1,lane-S,1,29.7,1,clear,2,12,0,0.03,RED,0.0,6.0,0.03
2026-07-29 12:59:52,int-1,lane-E,1,29.7,1,clear,2,12,0,0.03,RED,0.0,6.0,0.03
2026-07-29 12:59:52,int-1,lane-W,0,29.7,0,clear,2,12,0,0.0,RED,0.0,6.0,0.0
2026-07-29 12:59:58,int-1,lane-N,2,1.5,0,clear,2,12,0,0.0,GREEN,240.5,5.0,0.07
2026-07-29 12:59:58,int-1,lane-S,2,29.099999999999998,2,clear,2,12,0,0.07,RED,0.0,5.0,0.07
2026-07-29 12:59:58,int-1,lane-E,0,29.099999999999998,0,clear,2,12,0,0.0,RED,0.0,5.0,0.0
2026-07-29 12:59:58,int-1,lane-W,0,29.099999999999998,0,clear,2,12,0,0.0,RED,0.0,5.0,0.0
2026-07-29 13:00:05,int-1,lane-N,3,1.0,0,clear,2,13,0,0.0,GREEN,242.5,2.0,0.1
2026-07-29 13:00:05,int-1,lane-S,2,29.4,2,clear,2,13,0,0.07,RED,0.0,2.0,0.07
2026-07-29 13:00:05,int-1,lane-E,1,29.4,1,clear,2,13,0,0.03,RED,0.0,2.0,0.03
2026-07-29 13:00:05,int-1,lane-W,1,29.4,1,clear,2,13,0,0.03,RED,0.0,2.0,0.03
2026-07-29 13:00:14,int-1,lane-N,14,0.0,6,clear,2,13,0,0.2,RED,244.5,6.0,0.47
2026-07-29 13:00:14,int-1,lane-S,15,30.5,5,clear,2,13,0,0.17,GREEN,0.0,6.0,0.5
2026-07-29 13:00:14,int-1,lane-E,23,29.7,10,clear,2,13,0,0.33,RED,0.0,6.0,0.77
2026-07-29 13:00:14,int-1,lane-W,7,29.7,3,clear,2,13,0,0.1,RED,0.0,6.0,0.23
2026-07-29 13:00:20,int-1,lane-N,7,0.0,4,clear,2,13,0,0.13,RED,245.5,6.0,0.23
2026-07-29 13:00:20,int-1,lane-S,0,30.0,0,clear,2,13,0,0.0,GREEN,0.0,6.0,0.0
2026-07-29 13:00:20,int-1,lane-E,2,29.099999999999998,2,clear,2,13,0,0.07,RED,0.0,6.0,0.07
2026-07-29 13:00:20,int-1,lane-W,1,29.099999999999998,1,clear,2,13,0,0.03,RED,0.0,6.0,0.03
2026-07-29 13:00:27,int-1,lane-N,5,0.0,2,clear,2,13,0,0.07,RED,247.5,4.0,0.17
2026-07-29 13:00:27,int-1,lane-S,0,30.0,0,clear,2,13,0,0.0,GREEN,0.0,4.0,0.0
2026-07-29 13:00:27,int-1,lane-E,1,29.4,1,clear,2,13,0,0.03,RED,0.0,4.0,0.03
2026-07-29 13:00:27,int-1,lane-W,1,29.4,1,clear,2,13,0,0.03,RED,0.0,4.0,0.03
2026-07-29 13:00:38,int-1,lane-N,5,0.0,2,clear,2,13,0,0.07,RED,249.5,1.0,0.17
2026-07-29 13:00:38,int-1,lane-S,0,30.0,0,clear,2,13,0,0.0,GREEN,0.0,1.0,0.0
2026-07-29 13:00:38,int-1,lane-E,0,29.7,0,clear,2,13,0,0.0,RED,0.0,1.0,0.0
2026-07-29 13:00:38,int-1,lane-W,0,29.7,0,clear,2,13,0,0.0,RED,0.0,1.0,0.0
2026-07-29 13:00:44,int-1,lane-N,11,1.0,3,clear,2,13,0,0.1,GREEN,250.5,6.0,0.37
2026-07-29 13:00:44,int-1,lane-S,14,29.4,7,clear,2,13,0,0.23,RED,0.0,6.0,0.47
2026-07-29 13:00:44,int-1,lane-E,21,29.099999999999998,10,clear,2,13,0,0.33,RED,0.0,6.0,0.7
2026-07-29 13:00:44,int-1,lane-W,9,29.099999999999998,5,clear,2,13,0,0.17,RED,0.0,6.0,0.3
2026-07-29 13:00:51,int-1,lane-N,3,1.0,0,clear,2,13,0,0.0,GREEN,252.5,5.0,0.1
2026-07-29 13:00:51,int-1,lane-S,1,29.4,1,clear,2,13,0,0.03,RED,0.0,5.0,0.03
2026-07-29 13:00:51,int-1,lane-E,1,29.4,1,clear,2,13,0,0.03,RED,0.0,5.0,0.03
2026-07-29 13:00:51,int-1,lane-W,0,29.4,0,clear,2,13,0,0.0,RED,0.0,5.0,0.0
2026-07-29 13:01:00,int-1,lane-N,4,0.5,1,clear,2,13,0,0.03,GREEN,254.5,2.0,0.13
2026-07-29 13:01:00,int-1,lane-S,1,29.7,1,clear,2,13,0,0.03,RED,0.0,2.0,0.03
2026-07-29 13:01:00,int-1,lane-E,0,29.7,0,clear,2,13,0,0.0,RED,0.0,2.0,0.0
2026-07-29 13:01:00,int-1,lane-W,0,29.7,0,clear,2,13,0,0.0,RED,0.0,2.0,0.0
2026-07-29 13:01:06,int-1,lane-N,14,0.0,6,clear,2,13,0,0.2,RED,255.5,6.0,0.47
2026-07-29 13:01:06,int-1,lane-S,12,29.9,4,clear,2,13,0,0.13,GREEN,0.0,6.0,0.4
2026-07-29 13:01:06,int-1,lane-E,23,29.099999999999998,9,clear,2,13,0,0.3,RED,0.0,6.0,0.77
2026-07-29 13:01:06,int-1,lane-W,7,29.099999999999998,3,clear,2,13,0,0.1,RED,0.0,6.0,0.23
2026-07-29 13:01:13,int-1,lane-N,6,0.0,3,clear,2,13,0,0.1,RED,257.5,5.0,0.2
2026-07-29 13:01:13,int-1,lane-S,0,30.0,0,clear,2,13,0,0.0,GREEN,0.0,5.0,0.0
2026-07-29 13:01:13,int-1,lane-E,1,29.4,1,clear,2,13,0,0.03,RED,0.0,5.0,0.03
2026-07-29 13:01:13,int-1,lane-W,0,29.4,0,clear,2,13,0,0.0,RED,0.0,5.0,0.0
2026-07-29 13:01:21,int-1,lane-N,5,0.0,2,clear,2,13,0,0.07,RED,259.5,2.0,0.17
2026-07-29 13:01:21,int-1,lane-S,0,30.0,0,clear,2,13,0,0.0,GREEN,0.0,2.0,0.0
2026-07-29 13:01:21,int-1,lane-E,1,29.7,1,clear,2,13,0,0.03,RED,0.0,2.0,0.03
2026-07-29 13:01:21,int-1,lane-W,0,29.7,0,clear,2,13,0,0.0,RED,0.0,2.0,0.0
2026-07-29 13:01:27,int-1,lane-N,7,0.0,4,clear,2,13,0,0.13,RED,260.5,1.0,0.23
2026-07-29 13:01:27,int-1,lane-S,0,30.0,0,clear,2,13,0,0.0,YELLOW,0.0,1.0,0.0
2026-07-29 13:01:27,int-1,lane-E,3,29.099999999999998,3,clear,2,13,0,0.1,RED,0.0,1.0,0.1
2026-07-29 13:01:27,int-1,lane-W,0,29.099999999999998,0,clear,2,13,0,0.0,RED,0.0,1.0,0.0
2026-07-29 13:01:36,int-1,lane-N,3,1.0,0,clear,2,13,0,0.0,GREEN,262.5,6.0,0.1
2026-07-29 13:01:36,int-1,lane-S,1,29.4,1,clear,2,13,0,0.03,RED,0.0,6.0,0.03
2026-07-29 13:01:36,int-1,lane-E,1,29.4,1,clear,2,13,0,0.03,RED,0.0,6.0,0.03
2026-07-29 13:01:36,int-1,lane-W,1,29.4,1,clear,2,13,0,0.03,RED,0.0,6.0,0.03
2026-07-29 13:01:43,int-1,lane-N,4,0.5,1,clear,2,13,0,0.03,GREEN,264.5,4.0,0.13
2026-07-29 13:01:43,int-1,lane-S,0,29.7,0,clear,2,13,0,0.0,RED,0.0,4.0,0.0
2026-07-29 13:01:43,int-1,lane-E,1,29.7,1,clear,2,13,0,0.03,RED,0.0,4.0,0.03
2026-07-29 13:01:43,int-1,lane-W,1,29.7,1,clear,2,13,0,0.03,RED,0.0,4.0,0.03
2026-07-29 13:01:49,int-1,lane-N,3,1.0,0,clear,2,13,0,0.0,YELLOW,265.5,2.0,0.1
2026-07-29 13:01:49,int-1,lane-S,1,29.099999999999998,1,clear,2,13,0,0.03,RED,0.0,2.0,0.03
2026-07-29 13:01:49,int-1,lane-E,1,29.099999999999998,1,clear,2,13,0,0.03,RED,0.0,2.0,0.03
2026-07-29 13:01:49,int-1,lane-W,1,29.099999999999998,1,clear,2,13,0,0.03,RED,0.0,2.0,0.03
2026-07-29 13:01:58,int-1,lane-N,5,0.0,2,clear,2,13,0,0.07,RED,267.5,6.0,0.17
2026-07-29 13:01:58,int-1,lane-S,0,30.0,0,clear,2,13,0,0.0,GREEN,0.0,6.0,0.0
2026-07-29 13:01:58,int-1,lane-E,2,29.4,2,clear,2,13,0,0.07,RED,0.0,6.0,0.07
2026-07-29 13:01:58,int-1,lane-W,0,29.4,0,clear,2,13,0,0.0,RED,0.0,6.0,0.0
2026-07-29 13:02:05,int-1,lane-N,5,0.0,2,clear,2,13,0,0.07,RED,269.5,5.0,0.17
2026-07-29 13:02:05,int-1,lane-S,0,30.0,0,clear,2,13,0,0.0,GREEN,0.0,5.0,0.0
2026-07-29 13:02:05,int-1,lane-E,1,29.7,1,clear,2,13,0,0.03,RED,0.0,5.0,0.03
2026-07-29 13:02:05,int-1,lane-W,0,29.7,0,clear,2,13,0,0.0,RED,0.0,5.0,0.0
2026-07-29 13:02:11,int-1,lane-N,6,0.0,3,clear,2,13,0,0.1,RED,270.5,2.0,0.2
2026-07-29 13:02:11,int-1,lane-S,0,30.0,0,clear,2,13,0,0.0,GREEN,0.0,2.0,0.0
2026-07-29 13:02:11,int-1,lane-E,1,29.099999999999998,1,clear,2,13,0,0.03,RED,0.0,2.0,0.03
2026-07-29 13:02:11,int-1,lane-W,0,29.099999999999998,0,clear,2,13,0,0.0,RED,0.0,2.0,0.0
2026-07-29 13:02:18,int-1,lane-N,5,0.0,2,clear,2,13,0,0.07,RED,272.5,1.0,0.17
2026-07-29 13:02:18,int-1,lane-S,0,30.0,0,clear,2,13,0,0.0,YELLOW,0.0,1.0,0.0
2026-07-29 13:02:18,int-1,lane-E,1,29.4,1,clear,2,13,0,0.03,RED,0.0,1.0,0.03
2026-07-29 13:02:18,int-1,lane-W,1,29.4,1,clear,2,13,0,0.03,RED,0.0,1.0,0.03
2026-07-29 13:02:27,int-1,lane-N,4,0.5,1,clear,2,13,0,0.03,GREEN,274.5,6.0,0.13
2026-07-29 13:02:27,int-1,lane-S,1,29.7,1,clear,2,13,0,0.03,RED,0.0,6.0,0.03
2026-07-29 13:02:27,int-1,lane-E,0,29.7,0,clear,2,13,0,0.0,RED,0.0,6.0,0.0
2026-07-29 13:02:27,int-1,lane-W,1,29.7,1,clear,2,13,0,0.03,RED,0.0,6.0,0.03
2026-07-29 13:02:33,int-1,lane-N,2,1.5,0,clear,2,13,0,0.0,GREEN,275.5,4.0,0.07
2026-07-29 13:02:33,int-1,lane-S,1,29.099999999999998,1,clear,2,13,0,0.03,RED,0.0,4.0,0.03
2026-07-29 13:02:33,int-1,lane-E,1,29.099999999999998,1,clear,2,13,0,0.03,RED,0.0,4.0,0.03
2026-07-29 13:02:33,int-1,lane-W,2,29.099999999999998,2,clear,2,13,0,0.07,RED,0.0,4.0,0.07
2026-07-29 13:02:40,int-1,lane-N,4,0.5,1,clear,2,13,0,0.03,YELLOW,277.5,2.0,0.13
2026-07-29 13:02:40,int-1,lane-S,0,29.4,0,clear,2,13,0,0.0,RED,0.0,2.0,0.0
2026-07-29 13:02:40,int-1,lane-E,0,29.4,0,clear,2,13,0,0.0,RED,0.0,2.0,0.0
2026-07-29 13:02:40,int-1,lane-W,1,29.4,1,clear,2,13,0,0.03,RED,0.0,2.0,0.03
2026-07-29 13:02:47,int-1,lane-N,5,0.0,2,clear,2,13,0,0.07,RED,279.5,6.0,0.17
2026-07-29 13:02:47,int-1,lane-S,0,30.0,0,clear,2,13,0,0.0,GREEN,0.0,6.0,0.0
2026-07-29 13:02:47,int-1,lane-E,0,29.7,0,clear,2,13,0,0.0,RED,0.0,6.0,0.0
2026-07-29 13:02:47,int-1,lane-W,0,29.7,0,clear,2,13,0,0.0,RED,0.0,6.0,0.0
2026-07-29 13:02:53,int-1,lane-N,6,0.0,3,clear,2,13,0,0.1,RED,280.5,4.0,0.2
2026-07-29 13:02:53,int-1,lane-S,0,30.0,0,clear,2,13,0,0.0,GREEN,0.0,4.0,0.0
2026-07-29 13:02:53,int-1,lane-E,1,29.099999999999998,1,clear,2,13,0,0.03,RED,0.0,4.0,0.03
2026-07-29 13:02:53,int-1,lane-W,1,29.099999999999998,1,clear,2,13,0,0.03,RED,0.0,4.0,0.03
2026-07-29 13:03:02,int-1,lane-N,6,0.0,3,clear,2,13,0,0.1,RED,282.5,2.0,0.2
2026-07-29 13:03:02,int-1,lane-S,0,30.0,0,clear,2,13,0,0.0,YELLOW,0.0,2.0,0.0
2026-07-29 13:03:02,int-1,lane-E,0,29.4,0,clear,2,13,0,0.0,RED,0.0,2.0,0.0
2026-07-29 13:03:02,int-1,lane-W,2,29.4,2,clear,2,13,0,0.07,RED,0.0,2.0,0.07
2026-07-29 13:03:09,int-1,lane-N,4,0.5,1,clear,2,13,0,0.03,GREEN,284.5,6.0,0.13
2026-07-29 13:03:09,int-1,lane-S,1,29.7,1,clear,2,13,0,0.03,RED,0.0,6.0,0.03
2026-07-29 13:03:09,int-1,lane-E,0,29.7,0,clear,2,13,0,0.0,RED,0.0,6.0,0.0
2026-07-29 13:03:09,int-1,lane-W,1,29.7,1,clear,2,13,0,0.03,RED,0.0,6.0,0.03
2026-07-29 13:03:17,int-1,lane-N,2,1.5,0,clear,2,13,0,0.0,GREEN,285.5,4.0,0.07
2026-07-29 13:03:17,int-1,lane-S,2,29.099999999999998,2,clear,2,13,0,0.07,RED,0.0,4.0,0.07
2026-07-29 13:03:17,int-1,lane-E,2,29.099999999999998,2,clear,2,13,0,0.07,RED,0.0,4.0,0.07
2026-07-29 13:03:17,int-1,lane-W,0,29.099999999999998,0,clear,2,13,0,0.0,RED,0.0,4.0,0.0
2026-07-29 13:03:41,int-1,lane-N,3,1.0,0,clear,2,13,0,0.0,GREEN,287.5,1.0,0.1
2026-07-29 13:03:41,int-1,lane-S,0,29.4,0,clear,2,13,0,0.0,RED,0.0,1.0,0.0
2026-07-29 13:03:41,int-1,lane-E,2,29.4,2,clear,2,13,0,0.07,RED,0.0,1.0,0.07
2026-07-29 13:03:41,int-1,lane-W,1,29.4,1,clear,2,13,0,0.03,RED,0.0,1.0,0.03
2026-07-29 13:04:04,int-1,lane-N,5,0.0,2,clear,2,13,0,0.07,RED,289.5,7.0,0.17
2026-07-29 13:04:04,int-1,lane-S,1,29.7,1,clear,2,13,0,0.03,RED,0.0,7.0,0.03
2026-07-29 13:04:04,int-1,lane-E,0,30.0,0,clear,2,13,0,0.0,GREEN,0.0,7.0,0.0
2026-07-29 13:04:04,int-1,lane-W,0,29.7,0,clear,2,13,0,0.0,RED,0.0,7.0,0.0
2026-07-29 13:04:22,int-1,lane-N,5,0.0,2,clear,2,13,0,0.07,RED,290.5,6.0,0.17
2026-07-29 13:04:22,int-1,lane-S,3,29.099999999999998,3,clear,2,13,0,0.1,RED,0.0,6.0,0.1
2026-07-29 13:04:22,int-1,lane-E,0,30.0,0,clear,2,13,0,0.0,GREEN,0.0,6.0,0.0
2026-07-29 13:04:22,int-1,lane-W,1,29.099999999999998,1,clear,2,13,0,0.03,RED,0.0,6.0,0.03
2026-07-29 13:06:24,int-1,lane-N,6,0.0,3,clear,2,13,0,0.1,RED,292.5,6.0,0.2
2026-07-29 13:06:24,int-1,lane-S,1,29.4,1,clear,2,13,0,0.03,RED,0.0,6.0,0.03
2026-07-29 13:06:24,int-1,lane-E,0,30.0,0,clear,2,13,0,0.0,GREEN,0.0,6.0,0.0
2026-07-29 13:06:24,int-1,lane-W,2,29.4,2,clear,2,13,0,0.07,RED,0.0,6.0,0.07
2026-07-29 13:07:38,int-1,lane-N,5,0.0,2,clear,2,13,0,0.07,RED,294.5,5.0,0.17
2026-07-29 13:07:38,int-1,lane-S,1,29.7,1,clear,2,13,0,0.03,RED,0.0,5.0,0.03
2026-07-29 13:07:38,int-1,lane-E,0,30.0,0,clear,2,13,0,0.0,GREEN,0.0,5.0,0.0
2026-07-29 13:07:38,int-1,lane-W,0,29.7,0,clear,2,13,0,0.0,RED,0.0,5.0,0.0
2026-07-29 13:08:01,int-1,lane-N,7,0.0,4,clear,2,13,0,0.13,RED,295.5,2.0,0.23
2026-07-29 13:08:01,int-1,lane-S,2,29.099999999999998,2,clear,2,13,0,0.07,RED,0.0,2.0,0.07
2026-07-29 13:08:01,int-1,lane-E,0,30.0,0,clear,2,13,0,0.0,GREEN,0.0,2.0,0.0
2026-07-29 13:08:01,int-1,lane-W,2,29.099999999999998,2,clear,2,13,0,0.07,RED,0.0,2.0,0.07
2026-07-29 13:08:34,int-1,lane-N,13,0.5,5,clear,2,13,0,0.17,GREEN,297.5,6.0,0.43
2026-07-29 13:08:34,int-1,lane-S,15,29.4,6,clear,2,13,0,0.2,RED,0.0,6.0,0.5
2026-07-29 13:08:34,int-1,lane-E,22,29.7,9,clear,2,13,0,0.3,RED,0.0,6.0,0.73
2026-07-29 13:08:34,int-1,lane-W,8,29.4,4,clear,2,13,0,0.13,RED,0.0,6.0,0.27
2026-07-29 13:09:02,int-1,lane-N,4,0.5,1,clear,2,13,0,0.03,GREEN,299.5,6.0,0.13
2026-07-29 13:09:02,int-1,lane-S,1,29.7,1,clear,2,13,0,0.03,RED,0.0,6.0,0.03
2026-07-29 13:09:02,int-1,lane-E,0,29.7,0,clear,2,13,0,0.0,RED,0.0,6.0,0.0
2026-07-29 13:09:02,int-1,lane-W,1,29.7,1,clear,2,13,0,0.03,RED,0.0,6.0,0.03
2026-07-29 13:09:19,int-1,lane-N,2,1.5,0,clear,2,13,0,0.0,GREEN,300.5,3.0,0.07
2026-07-29 13:09:19,int-1,lane-S,3,29.099999999999998,3,clear,2,13,0,0.1,RED,0.0,3.0,0.1
2026-07-29 13:09:19,int-1,lane-E,3,29.099999999999998,3,clear,2,13,0,0.1,RED,0.0,3.0,0.1
2026-07-29 13:09:19,int-1,lane-W,1,29.099999999999998,1,clear,2,13,0,0.03,RED,0.0,3.0,0.03
2026-07-29 13:09:47,int-1,lane-N,5,0.0,2,clear,2,13,0,0.07,YELLOW,302.5,2.0,0.17
2026-07-29 13:09:47,int-1,lane-S,0,29.4,0,clear,2,13,0,0.0,RED,0.0,2.0,0.0
2026-07-29 13:09:47,int-1,lane-E,1,29.4,1,clear,2,13,0,0.03,RED,0.0,2.0,0.03
2026-07-29 13:09:47,int-1,lane-W,1,29.4,1,clear,2,13,0,0.03,RED,0.0,2.0,0.03
2026-07-29 13:10:24,int-1,lane-N,6,0.0,3,clear,2,13,0,0.1,RED,304.5,6.0,0.2
2026-07-29 13:10:24,int-1,lane-S,0,30.0,0,clear,2,13,0,0.0,GREEN,0.0,6.0,0.0
2026-07-29 13:10:24,int-1,lane-E,1,29.7,1,clear,2,13,0,0.03,RED,0.0,6.0,0.03
2026-07-29 13:10:24,int-1,lane-W,0,29.7,0,clear,2,13,0,0.0,RED,0.0,6.0,0.0
2026-07-29 13:10:42,int-1,lane-N,7,0.0,4,clear,2,13,0,0.13,RED,305.5,5.0,0.23
2026-07-29 13:10:42,int-1,lane-S,0,30.0,0,clear,2,13,0,0.0,GREEN,0.0,5.0,0.0
2026-07-29 13:10:42,int-1,lane-E,0,29.099999999999998,0,clear,2,13,0,0.0,RED,0.0,5.0,0.0
2026-07-29 13:10:42,int-1,lane-W,0,29.099999999999998,0,clear,2,13,0,0.0,RED,0.0,5.0,0.0
2026-07-29 13:11:12,int-1,lane-N,6,0.0,3,clear,2,13,0,0.1,RED,307.5,2.0,0.2
2026-07-29 13:11:12,int-1,lane-S,0,30.0,0,clear,2,13,0,0.0,GREEN,0.0,2.0,0.0
2026-07-29 13:11:12,int-1,lane-E,1,29.4,1,clear,2,13,0,0.03,RED,0.0,2.0,0.03
2026-07-29 13:11:12,int-1,lane-W,1,29.4,1,clear,2,13,0,0.03,RED,0.0,2.0,0.03
2026-07-29 13:11:40,int-1,lane-N,12,0.5,4,clear,2,13,1,0.13,GREEN,309.5,6.0,0.4
2026-07-29 13:11:40,int-1,lane-S,17,29.7,7,clear,2,13,0,0.23,RED,0.0,6.0,0.57
2026-07-29 13:11:40,int-1,lane-E,23,29.7,10,clear,2,13,0,0.33,RED,0.0,6.0,0.77
2026-07-29 13:11:40,int-1,lane-W,9,29.7,4,clear,2,13,0,0.13,RED,0.0,6.0,0.3
2026-07-29 13:11:57,int-1,lane-N,2,1.5,0,clear,2,13,1,0.0,GREEN,310.5,5.0,0.07
2026-07-29 13:11:57,int-1,lane-S,2,29.099999999999998,2,clear,2,13,0,0.07,RED,0.0,5.0,0.07
2026-07-29 13:11:57,int-1,lane-E,0,29.099999999999998,0,clear,2,13,0,0.0,RED,0.0,5.0,0.0
2026-07-29 13:11:57,int-1,lane-W,1,29.099999999999998,1,clear,2,13,0,0.03,RED,0.0,5.0,0.03
2026-07-29 13:12:25,int-1,lane-N,3,1.0,0,clear,2,13,1,0.0,GREEN,312.5,2.0,0.1
2026-07-29 13:12:25,int-1,lane-S,1,29.4,1,clear,2,13,0,0.03,RED,0.0,2.0,0.03
2026-07-29 13:12:25,int-1,lane-E,1,29.4,1,clear,2,13,0,0.03,RED,0.0,2.0,0.03
2026-07-29 13:12:25,int-1,lane-W,1,29.4,1,clear,2,13,0,0.03,RED,0.0,2.0,0.03
2026-07-29 13:12:54,int-1,lane-N,5,0.0,2,clear,2,13,0,0.07,YELLOW,314.5,1.0,0.17
2026-07-29 13:12:54,int-1,lane-S,0,29.7,0,clear,2,13,0,0.0,RED,0.0,1.0,0.0
2026-07-29 13:12:54,int-1,lane-E,0,29.7,0,clear,2,13,0,0.0,RED,0.0,1.0,0.0
2026-07-29 13:12:54,int-1,lane-W,1,29.7,1,clear,2,13,0,0.03,RED,0.0,1.0,0.03
2026-07-29 13:13:11,int-1,lane-N,6,0.0,3,clear,2,13,0,0.1,RED,315.5,2.0,0.2
2026-07-29 13:13:11,int-1,lane-S,2,29.099999999999998,2,clear,2,13,0,0.07,RED,0.0,2.0,0.07
2026-07-29 13:13:11,int-1,lane-E,1,29.099999999999998,1,clear,2,13,0,0.03,RED,0.0,2.0,0.03
2026-07-29 13:13:11,int-1,lane-W,0,30.0,0,clear,2,13,0,0.0,GREEN,0.0,2.0,0.0
2026-07-29 13:13:40,int-1,lane-N,6,0.0,3,clear,2,13,0,0.1,RED,317.5,1.0,0.2
2026-07-29 13:13:40,int-1,lane-S,2,29.4,2,clear,2,13,0,0.07,RED,0.0,1.0,0.07
2026-07-29 13:13:40,int-1,lane-E,0,29.4,0,clear,2,13,0,0.0,RED,0.0,1.0,0.0
2026-07-29 13:13:40,int-1,lane-W,0,30.0,0,clear,2,13,0,0.0,YELLOW,0.0,1.0,0.0
2026-07-29 13:14:08,int-1,lane-N,4,0.5,1,clear,2,13,0,0.03,GREEN,319.5,5.0,0.13
2026-07-29 13:14:08,int-1,lane-S,0,29.7,0,clear,2,13,0,0.0,RED,0.0,5.0,0.0
2026-07-29 13:14:08,int-1,lane-E,1,29.7,1,clear,2,13,0,0.03,RED,0.0,5.0,0.03
2026-07-29 13:14:08,int-1,lane-W,1,29.7,1,clear,2,13,0,0.03,RED,0.0,5.0,0.03
2026-07-29 13:14:24,int-1,lane-N,2,1.5,0,clear,2,13,0,0.0,GREEN,320.5,2.0,0.07
2026-07-29 13:14:24,int-1,lane-S,2,29.099999999999998,2,clear,2,13,0,0.07,RED,0.0,2.0,0.07
2026-07-29 13:14:24,int-1,lane-E,0,29.099999999999998,0,clear,2,13,0,0.0,RED,0.0,2.0,0.0
2026-07-29 13:14:24,int-1,lane-W,1,29.099999999999998,1,clear,2,13,0,0.03,RED,0.0,2.0,0.03
2026-07-29 13:14:52,int-1,lane-N,5,0.0,2,clear,2,13,0,0.07,YELLOW,322.5,1.0,0.17
2026-07-29 13:14:52,int-1,lane-S,1,29.4,1,clear,2,13,0,0.03,RED,0.0,1.0,0.03
2026-07-29 13:14:52,int-1,lane-E,1,29.4,1,clear,2,13,0,0.03,RED,0.0,1.0,0.03
2026-07-29 13:14:52,int-1,lane-W,0,29.4,0,clear,2,13,0,0.0,RED,0.0,1.0,0.0
2026-07-29 13:15:20,int-1,lane-N,6,0.0,3,clear,2,13,0,0.1,RED,324.5,5.0,0.2
2026-07-29 13:15:20,int-1,lane-S,0,30.0,0,clear,2,13,0,0.0,GREEN,0.0,5.0,0.0
2026-07-29 13:15:20,int-1,lane-E,1,29.7,1,clear,2,13,0,0.03,RED,0.0,5.0,0.03
2026-07-29 13:15:20,int-1,lane-W,0,29.7,0,clear,2,13,0,0.0,RED,0.0,5.0,0.0
2026-07-29 13:15:38,int-1,lane-N,5,0.0,2,clear,2,13,0,0.07,RED,325.5,2.0,0.17
2026-07-29 13:15:38,int-1,lane-S,0,30.0,0,clear,2,13,0,0.0,GREEN,0.0,2.0,0.0
2026-07-29 13:15:38,int-1,lane-E,2,29.099999999999998,2,clear,2,13,0,0.07,RED,0.0,2.0,0.07
2026-07-29 13:15:38,int-1,lane-W,1,29.099999999999998,1,clear,2,13,0,0.03,RED,0.0,2.0,0.03
2026-07-29 13:16:04,int-1,lane-N,6,0.0,3,clear,2,13,0,0.1,RED,327.5,1.0,0.2
2026-07-29 13:16:04,int-1,lane-S,0,30.0,0,clear,2,13,0,0.0,YELLOW,0.0,1.0,0.0
2026-07-29 13:16:04,int-1,lane-E,2,29.4,2,clear,2,13,0,0.07,RED,0.0,1.0,0.07
2026-07-29 13:16:04,int-1,lane-W,1,29.4,1,clear,2,13,0,0.03,RED,0.0,1.0,0.03
2026-07-29 13:16:24,int-1,lane-N,4,0.5,1,clear,2,13,0,0.03,GREEN,329.5,6.0,0.13
2026-07-29 13:16:24,int-1,lane-S,0,29.7,0,clear,2,13,0,0.0,RED,0.0,6.0,0.0
2026-07-29 13:16:24,int-1,lane-E,1,29.7,1,clear,2,13,0,0.03,RED,0.0,6.0,0.03
2026-07-29 13:16:24,int-1,lane-W,1,29.7,1,clear,2,13,0,0.03,RED,0.0,6.0,0.03
2026-07-29 13:16:36,int-1,lane-N,2,1.5,0,clear,2,13,0,0.0,GREEN,330.5,3.0,0.07
2026-07-29 13:16:36,int-1,lane-S,0,29.099999999999998,0,clear,2,13,0,0.0,RED,0.0,3.0,0.0
2026-07-29 13:16:36,int-1,lane-E,2,29.099999999999998,2,clear,2,13,0,0.07,RED,0.0,3.0,0.07
2026-07-29 13:16:36,int-1,lane-W,1,29.099999999999998,1,clear,2,13,0,0.03,RED,0.0,3.0,0.03
2026-07-29 13:17:08,int-1,lane-N,5,0.0,2,clear,2,13,0,0.07,YELLOW,332.5,2.0,0.17
2026-07-29 13:17:08,int-1,lane-S,1,29.4,1,clear,2,13,0,0.03,RED,0.0,2.0,0.03
2026-07-29 13:17:08,int-1,lane-E,2,29.4,2,clear,2,13,0,0.07,RED,0.0,2.0,0.07
2026-07-29 13:17:08,int-1,lane-W,1,29.4,1,clear,2,13,0,0.03,RED,0.0,2.0,0.03
2026-07-29 13:17:50,int-1,lane-N,5,0.0,2,clear,2,13,0,0.07,RED,334.5,6.0,0.17
2026-07-29 13:17:50,int-1,lane-S,0,30.0,0,clear,2,13,0,0.0,GREEN,0.0,6.0,0.0
2026-07-29 13:17:50,int-1,lane-E,0,29.7,0,clear,2,13,0,0.0,RED,0.0,6.0,0.0
2026-07-29 13:17:50,int-1,lane-W,0,29.7,0,clear,2,13,0,0.0,RED,0.0,6.0,0.0
2026-07-29 13:18:10,int-1,lane-N,6,0.0,3,clear,2,13,0,0.1,RED,335.5,5.0,0.2
2026-07-29 13:18:10,int-1,lane-S,0,30.0,0,clear,2,13,0,0.0,GREEN,0.0,5.0,0.0
2026-07-29 13:18:10,int-1,lane-E,0,29.099999999999998,0,clear,2,13,0,0.0,RED,0.0,5.0,0.0
2026-07-29 13:18:10,int-1,lane-W,2,29.099999999999998,2,clear,2,13,0,0.07,RED,0.0,5.0,0.07
2026-07-29 13:18:41,int-1,lane-N,7,0.0,4,clear,2,13,0,0.13,RED,337.5,2.0,0.23
2026-07-29 13:18:41,int-1,lane-S,0,30.0,0,clear,2,13,0,0.0,GREEN,0.0,2.0,0.0
2026-07-29 13:18:41,int-1,lane-E,1,29.4,1,clear,2,13,0,0.03,RED,0.0,2.0,0.03
2026-07-29 13:18:41,int-1,lane-W,0,29.4,0,clear,2,13,0,0.0,RED,0.0,2.0,0.0
2026-07-29 13:19:15,int-1,lane-N,6,0.0,3,clear,2,13,0,0.1,RED,339.5,1.0,0.2
2026-07-29 13:19:15,int-1,lane-S,0,30.0,0,clear,2,13,0,0.0,YELLOW,0.0,1.0,0.0
2026-07-29 13:19:15,int-1,lane-E,0,29.7,0,clear,2,13,0,0.0,RED,0.0,1.0,0.0
2026-07-29 13:19:15,int-1,lane-W,0,29.7,0,clear,2,13,0,0.0,RED,0.0,1.0,0.0
2026-07-29 13:19:33,int-1,lane-N,2,1.5,0,clear,2,13,0,0.0,GREEN,340.5,5.0,0.07
2026-07-29 13:19:33,int-1,lane-S,2,29.099999999999998,2,clear,2,13,0,0.07,RED,0.0,5.0,0.07
2026-07-29 13:19:33,int-1,lane-E,2,29.099999999999998,2,clear,2,13,0,0.07,RED,0.0,5.0,0.07
2026-07-29 13:19:33,int-1,lane-W,2,29.099999999999998,2,clear,2,13,0,0.07,RED,0.0,5.0,0.07
2026-07-29 13:20:01,int-1,lane-N,3,1.0,0,clear,2,13,0,0.0,GREEN,342.5,2.0,0.1
2026-07-29 13:20:01,int-1,lane-S,0,29.4,0,clear,2,13,0,0.0,RED,0.0,2.0,0.0
2026-07-29 13:20:01,int-1,lane-E,0,29.4,0,clear,2,13,0,0.0,RED,0.0,2.0,0.0
2026-07-29 13:20:01,int-1,lane-W,0,29.4,0,clear,2,13,0,0.0,RED,0.0,2.0,0.0
2026-07-29 13:20:30,int-1,lane-N,5,0.0,2,clear,2,13,0,0.07,YELLOW,344.5,1.0,0.17
2026-07-29 13:20:30,int-1,lane-S,1,29.7,1,clear,2,13,0,0.03,RED,0.0,1.0,0.03
2026-07-29 13:20:30,int-1,lane-E,1,29.7,1,clear,2,13,0,0.03,RED,0.0,1.0,0.03
2026-07-29 13:20:30,int-1,lane-W,0,29.7,0,clear,2,13,0,0.0,RED,0.0,1.0,0.0
2026-07-29 13:20:46,int-1,lane-N,5,0.0,2,clear,2,13,0,0.07,RED,345.5,6.0,0.17
2026-07-29 13:20:46,int-1,lane-S,0,30.0,0,clear,2,13,0,0.0,GREEN,0.0,6.0,0.0
2026-07-29 13:20:46,int-1,lane-E,1,29.099999999999998,1,clear,2,13,0,0.03,RED,0.0,6.0,0.03
2026-07-29 13:20:46,int-1,lane-W,1,29.099999999999998,1,clear,2,13,0,0.03,RED,0.0,6.0,0.03
2026-07-29 13:21:14,int-1,lane-N,5,0.0,2,clear,2,13,0,0.07,RED,347.5,3.0,0.17
2026-07-29 13:21:14,int-1,lane-S,0,30.0,0,clear,2,13,0,0.0,GREEN,0.0,3.0,0.0
2026-07-29 13:21:14,int-1,lane-E,0,29.4,0,clear,2,13,0,0.0,RED,0.0,3.0,0.0
2026-07-29 13:21:14,int-1,lane-W,2,29.4,2,clear,2,13,0,0.07,RED,0.0,3.0,0.07
2026-07-29 13:21:43,int-1,lane-N,6,0.0,3,clear,2,13,0,0.1,RED,349.5,2.0,0.2
2026-07-29 13:21:43,int-1,lane-S,0,30.0,0,clear,2,13,0,0.0,YELLOW,0.0,2.0,0.0
2026-07-29 13:21:43,int-1,lane-E,0,29.7,0,clear,2,13,0,0.0,RED,0.0,2.0,0.0
2026-07-29 13:21:43,int-1,lane-W,1,29.7,1,clear,2,13,0,0.03,RED,0.0,2.0,0.03
2026-07-29 13:22:00,int-1,lane-N,2,1.5,0,clear,2,13,0,0.0,GREEN,350.5,6.0,0.07
2026-07-29 13:22:00,int-1,lane-S,2,29.099999999999998,2,clear,2,13,0,0.07,RED,0.0,6.0,0.07
2026-07-29 13:22:00,int-1,lane-E,1,29.099999999999998,1,clear,2,13,0,0.03,RED,0.0,6.0,0.03
2026-07-29 13:22:00,int-1,lane-W,1,29.099999999999998,1,clear,2,13,0,0.03,RED,0.0,6.0,0.03
2026-07-29 13:22:37,int-1,lane-N,3,1.0,0,clear,2,13,0,0.0,GREEN,352.5,4.0,0.1
2026-07-29 13:22:37,int-1,lane-S,0,29.4,0,clear,2,13,0,0.0,RED,0.0,4.0,0.0
2026-07-29 13:22:37,int-1,lane-E,0,29.4,0,clear,2,13,0,0.0,RED,0.0,4.0,0.0
2026-07-29 13:22:37,int-1,lane-W,0,29.4,0,clear,2,13,0,0.0,RED,0.0,4.0,0.0
2026-07-29 13:23:16,int-1,lane-N,5,0.0,2,clear,2,13,0,0.07,YELLOW,354.5,2.0,0.17
2026-07-29 13:23:16,int-1,lane-S,0,29.7,0,clear,2,13,0,0.0,RED,0.0,2.0,0.0
2026-07-29 13:23:16,int-1,lane-E,1,29.7,1,clear,2,13,0,0.03,RED,0.0,2.0,0.03
2026-07-29 13:23:16,int-1,lane-W,0,29.7,0,clear,2,13,0,0.0,RED,0.0,2.0,0.0
2026-07-29 13:23:36,int-1,lane-N,14,0.0,6,clear,2,13,0,0.2,RED,355.5,6.0,0.47
2026-07-29 13:23:36,int-1,lane-S,12,31.5,3,clear,2,13,0,0.1,GREEN,0.0,6.0,0.4
2026-07-29 13:23:36,int-1,lane-E,26,29.099999999999998,12,clear,2,13,0,0.4,RED,0.0,6.0,0.87
2026-07-29 13:23:36,int-1,lane-W,7,29.099999999999998,3,clear,2,13,0,0.1,RED,0.0,6.0,0.23
2026-07-29 13:24:04,int-1,lane-N,6,0.0,3,clear,2,13,0,0.1,RED,357.5,5.0,0.2
2026-07-29 13:24:04,int-1,lane-S,0,30.0,0,clear,2,13,0,0.0,GREEN,0.0,5.0,0.0
2026-07-29 13:24:04,int-1,lane-E,0,29.4,0,clear,2,13,0,0.0,RED,0.0,5.0,0.0
2026-07-29 13:24:04,int-1,lane-W,1,29.4,1,clear,2,13,0,0.03,RED,0.0,5.0,0.03
2026-07-29 13:24:32,int-1,lane-N,6,0.0,3,clear,2,13,0,0.1,RED,359.5,2.0,0.2
2026-07-29 13:24:32,int-1,lane-S,0,30.0,0,clear,2,13,0,0.0,GREEN,0.0,2.0,0.0
2026-07-29 13:24:32,int-1,lane-E,1,29.7,1,clear,2,13,0,0.03,RED,0.0,2.0,0.03
2026-07-29 13:24:32,int-1,lane-W,0,29.7,0,clear,2,13,0,0.0,RED,0.0,2.0,0.0
2026-07-29 13:24:50,int-1,lane-N,5,0.0,2,clear,2,13,0,0.07,RED,360.5,1.0,0.17
2026-07-29 13:24:50,int-1,lane-S,0,30.0,0,clear,2,13,0,0.0,YELLOW,0.0,1.0,0.0
2026-07-29 13:24:50,int-1,lane-E,2,29.099999999999998,2,clear,2,13,0,0.07,RED,0.0,1.0,0.07
2026-07-29 13:24:50,int-1,lane-W,2,29.099999999999998,2,clear,2,13,0,0.07,RED,0.0,1.0,0.07
2026-07-29 13:25:19,int-1,lane-N,3,1.0,0,clear,2,13,0,0.0,GREEN,362.5,6.0,0.1
2026-07-29 13:25:19,int-1,lane-S,0,29.4,0,clear,2,13,0,0.0,RED,0.0,6.0,0.0
2026-07-29 13:25:19,int-1,lane-E,0,29.4,0,clear,2,13,0,0.0,RED,0.0,6.0,0.0
2026-07-29 13:25:19,int-1,lane-W,0,29.4,0,clear,2,13,0,0.0,RED,0.0,6.0,0.0
2026-07-29 13:25:49,int-1,lane-N,4,0.5,1,clear,2,13,0,0.03,GREEN,364.5,3.0,0.13
2026-07-29 13:25:49,int-1,lane-S,0,29.7,0,clear,2,13,0,0.0,RED,0.0,3.0,0.0
2026-07-29 13:25:49,int-1,lane-E,0,29.7,0,clear,2,13,0,0.0,RED,0.0,3.0,0.0
2026-07-29 13:25:49,int-1,lane-W,0,29.7,0,clear,2,13,0,0.0,RED,0.0,3.0,0.0
2026-07-29 13:26:05,int-1,lane-N,4,0.5,1,clear,2,13,0,0.03,YELLOW,365.5,2.0,0.13
2026-07-29 13:26:05,int-1,lane-S,0,29.099999999999998,0,clear,2,13,0,0.0,RED,0.0,2.0,0.0
2026-07-29 13:26:05,int-1,lane-E,2,29.099999999999998,2,clear,2,13,0,0.07,RED,0.0,2.0,0.07
2026-07-29 13:26:05,int-1,lane-W,1,29.099999999999998,1,clear,2,13,0,0.03,RED,0.0,2.0,0.03
2026-07-29 13:26:33,int-1,lane-N,6,0.0,3,clear,2,13,0,0.1,RED,367.5,6.0,0.2
2026-07-29 13:26:33,int-1,lane-S,0,30.0,0,clear,2,13,0,0.0,GREEN,0.0,6.0,0.0
2026-07-29 13:26:33,int-1,lane-E,1,29.4,1,clear,2,13,0,0.03,RED,0.0,6.0,0.03
2026-07-29 13:26:33,int-1,lane-W,0,29.4,0,clear,2,13,0,0.0,RED,0.0,6.0,0.0
2026-07-29 13:27:02,int-1,lane-N,5,0.0,2,clear,2,13,1,0.07,RED,369.5,4.0,0.17
2026-07-29 13:27:02,int-1,lane-S,0,30.0,0,clear,2,13,0,0.0,GREEN,0.0,4.0,0.0
2026-07-29 13:27:02,int-1,lane-E,0,29.7,0,clear,2,13,0,0.0,RED,0.0,4.0,0.0
2026-07-29 13:27:02,int-1,lane-W,1,29.7,1,clear,2,13,0,0.03,RED,0.0,4.0,0.03
2026-07-29 13:27:19,int-1,lane-N,6,0.0,3,clear,2,13,1,0.1,RED,370.5,1.0,0.2
2026-07-29 13:27:19,int-1,lane-S,0,30.0,0,clear,2,13,0,0.0,GREEN,0.0,1.0,0.0
2026-07-29 13:27:19,int-1,lane-E,1,29.099999999999998,1,clear,2,13,0,0.03,RED,0.0,1.0,0.03
2026-07-29 13:27:19,int-1,lane-W,0,29.099999999999998,0,clear,2,13,0,0.0,RED,0.0,1.0,0.0
2026-07-29 13:27:47,int-1,lane-N,11,1.0,3,clear,2,13,1,0.1,GREEN,372.5,6.0,0.37
2026-07-29 13:27:47,int-1,lane-S,15,29.4,7,clear,2,13,0,0.23,RED,0.0,6.0,0.5
2026-07-29 13:27:47,int-1,lane-E,24,29.4,11,clear,2,13,0,0.37,RED,0.0,6.0,0.8
2026-07-29 13:27:47,int-1,lane-W,8,29.4,4,clear,2,13,0,0.13,RED,0.0,6.0,0.27
2026-07-29 13:28:16,int-1,lane-N,4,0.5,1,clear,2,13,1,0.03,GREEN,374.5,5.0,0.13
2026-07-29 13:28:16,int-1,lane-S,1,29.7,1,clear,2,13,0,0.03,RED,0.0,5.0,0.03
2026-07-29 13:28:16,int-1,lane-E,1,29.7,1,clear,2,13,0,0.03,RED,0.0,5.0,0.03
2026-07-29 13:28:16,int-1,lane-W,0,29.7,0,clear,2,13,0,0.0,RED,0.0,5.0,0.0
2026-07-29 13:28:32,int-1,lane-N,2,1.5,0,clear,2,13,1,0.0,GREEN,375.5,2.0,0.07
2026-07-29 13:28:32,int-1,lane-S,0,29.099999999999998,0,clear,2,13,0,0.0,RED,0.0,2.0,0.0
2026-07-29 13:28:32,int-1,lane-E,2,29.099999999999998,2,clear,2,13,0,0.07,RED,0.0,2.0,0.07
2026-07-29 13:28:32,int-1,lane-W,1,29.099999999999998,1,clear,2,13,0,0.03,RED,0.0,2.0,0.03
2026-07-29 13:29:01,int-1,lane-N,13,0.0,5,clear,2,13,0,0.17,RED,377.5,7.0,0.43
2026-07-29 13:29:01,int-1,lane-S,15,29.4,7,clear,2,13,0,0.23,RED,0.0,7.0,0.5
2026-07-29 13:29:01,int-1,lane-E,21,30.2,8,clear,2,13,0,0.27,GREEN,0.0,7.0,0.7
2026-07-29 13:29:01,int-1,lane-W,7,29.4,3,clear,2,13,0,0.1,RED,0.0,7.0,0.23
2026-07-29 13:29:29,int-1,lane-N,6,0.0,3,clear,2,13,0,0.1,RED,379.5,6.0,0.2
2026-07-29 13:29:29,int-1,lane-S,1,29.7,1,clear,2,13,0,0.03,RED,0.0,6.0,0.03
2026-07-29 13:29:29,int-1,lane-E,0,30.0,0,clear,2,13,0,0.0,GREEN,0.0,6.0,0.0
2026-07-29 13:29:29,int-1,lane-W,0,29.7,0,clear,2,13,0,0.0,RED,0.0,6.0,0.0
2026-07-29 13:29:46,int-1,lane-N,7,0.0,4,clear,2,13,0,0.13,RED,380.5,6.0,0.23
2026-07-29 13:29:46,int-1,lane-S,3,29.099999999999998,3,clear,2,13,0,0.1,RED,0.0,6.0,0.1
2026-07-29 13:29:46,int-1,lane-E,0,30.0,0,clear,2,13,0,0.0,GREEN,0.0,6.0,0.0
2026-07-29 13:29:46,int-1,lane-W,1,29.099999999999998,1,clear,2,13,0,0.03,RED,0.0,6.0,0.03
2026-07-29 13:30:14,int-1,lane-N,6,0.0,3,clear,2,13,0,0.1,RED,382.5,5.0,0.2
2026-07-29 13:30:14,int-1,lane-S,1,29.4,1,clear,2,13,0,0.03,RED,0.0,5.0,0.03
2026-07-29 13:30:14,int-1,lane-E,0,30.0,0,clear,2,13,0,0.0,GREEN,0.0,5.0,0.0
2026-07-29 13:30:14,int-1,lane-W,0,29.4,0,clear,2,13,0,0.0,RED,0.0,5.0,0.0
2026-07-29 13:30:43,int-1,lane-N,6,0.0,3,clear,2,13,0,0.1,RED,384.5,2.0,0.2
2026-07-29 13:30:43,int-1,lane-S,0,29.7,0,clear,2,13,0,0.0,RED,0.0,2.0,0.0
2026-07-29 13:30:43,int-1,lane-E,0,30.0,0,clear,2,13,0,0.0,GREEN,0.0,2.0,0.0
2026-07-29 13:30:43,int-1,lane-W,0,29.7,0,clear,2,13,0,0.0,RED,0.0,2.0,0.0
2026-07-29 13:30:59,int-1,lane-N,11,0.5,4,clear,2,13,0,0.13,GREEN,385.5,6.0,0.37
2026-07-29 13:30:59,int-1,lane-S,13,29.099999999999998,5,clear,2,13,0,0.17,RED,0.0,6.0,0.43
2026-07-29 13:30:59,int-1,lane-E,19,29.7,8,clear,2,13,0,0.27,RED,0.0,6.0,0.63
2026-07-29 13:30:59,int-1,lane-W,8,29.099999999999998,3,clear,2,13,0,0.1,RED,0.0,6.0,0.27
2026-07-29 13:31:27,int-1,lane-N,3,1.0,0,clear,2,13,0,0.0,GREEN,387.5,5.0,0.1
2026-07-29 13:31:27,int-1,lane-S,1,29.4,1,clear,2,13,0,0.03,RED,0.0,5.0,0.03
2026-07-29 13:31:27,int-1,lane-E,1,29.4,1,clear,2,13,0,0.03,RED,0.0,5.0,0.03
2026-07-29 13:31:27,int-1,lane-W,1,29.4,1,clear,2,13,0,0.03,RED,0.0,5.0,0.03
2026-07-29 13:31:56,int-1,lane-N,4,0.5,1,clear,2,13,0,0.03,GREEN,389.5,2.0,0.13
2026-07-29 13:31:56,int-1,lane-S,0,29.7,0,clear,2,13,0,0.0,RED,0.0,2.0,0.0
2026-07-29 13:31:56,int-1,lane-E,1,29.7,1,clear,2,13,0,0.03,RED,0.0,2.0,0.03
2026-07-29 13:31:56,int-1,lane-W,0,29.7,0,clear,2,13,0,0.0,RED,0.0,2.0,0.0
2026-07-29 13:32:12,int-1,lane-N,15,0.0,6,clear,2,13,0,0.2,RED,390.5,7.0,0.5
2026-07-29 13:32:12,int-1,lane-S,13,29.099999999999998,5,clear,2,13,0,0.17,RED,0.0,7.0,0.43
2026-07-29 13:32:12,int-1,lane-E,19,29.9,7,clear,2,13,0,0.23,GREEN,0.0,7.0,0.63
2026-07-29 13:32:12,int-1,lane-W,8,29.099999999999998,4,clear,2,13,0,0.13,RED,0.0,7.0,0.27
2026-07-29 13:32:41,int-1,lane-N,7,0.0,4,clear,2,13,0,0.13,RED,392.5,6.0,0.23
2026-07-29 13:32:41,int-1,lane-S,2,29.4,2,clear,2,13,0,0.07,RED,0.0,6.0,0.07
2026-07-29 13:32:41,int-1,lane-E,0,30.0,0,clear,2,13,0,0.0,GREEN,0.0,6.0,0.0
2026-07-29 13:32:41,int-1,lane-W,2,29.4,2,clear,2,13,0,0.07,RED,0.0,6.0,0.07
2026-07-29 13:33:09,int-1,lane-N,6,0.0,3,clear,2,13,0,0.1,RED,394.5,6.0,0.2
2026-07-29 13:33:09,int-1,lane-S,0,29.7,0,clear,2,13,0,0.0,RED,0.0,6.0,0.0
2026-07-29 13:33:09,int-1,lane-E,0,30.0,0,clear,2,13,0,0.0,GREEN,0.0,6.0,0.0
2026-07-29 13:33:09,int-1,lane-W,1,29.7,1,clear,2,13,0,0.03,RED,0.0,6.0,0.03
2026-07-29 13:33:25,int-1,lane-N,6,0.0,3,clear,2,13,1,0.1,RED,395.5,4.0,0.2
2026-07-29 13:33:25,int-1,lane-S,1,29.099999999999998,1,clear,2,13,0,0.03,RED,0.0,4.0,0.03
2026-07-29 13:33:25,int-1,lane-E,0,30.0,0,clear,2,13,0,0.0,GREEN,0.0,4.0,0.0
2026-07-29 13:33:25,int-1,lane-W,2,29.099999999999998,2,clear,2,13,0,0.07,RED,0.0,4.0,0.07
2026-07-29 13:33:54,int-1,lane-N,5,0.0,2,clear,2,13,1,0.07,RED,397.5,2.0,0.17
2026-07-29 13:33:54,int-1,lane-S,0,29.4,0,clear,2,13,0,0.0,RED,0.0,2.0,0.0
2026-07-29 13:33:54,int-1,lane-E,0,30.0,0,clear,2,13,0,0.0,YELLOW,0.0,2.0,0.0
2026-07-29 13:33:54,int-1,lane-W,1,29.4,1,clear,2,13,0,0.03,RED,0.0,2.0,0.03
2026-07-29 13:34:23,int-1,lane-N,4,0.5,1,clear,2,13,1,0.03,GREEN,399.5,6.0,0.13
2026-07-29 13:34:23,int-1,lane-S,0,29.7,0,clear,2,13,0,0.0,RED,0.0,6.0,0.0
2026-07-29 13:34:23,int-1,lane-E,0,29.7,0,clear,2,13,0,0.0,RED,0.0,6.0,0.0
2026-07-29 13:34:23,int-1,lane-W,1,29.7,1,clear,2,13,0,0.03,RED,0.0,6.0,0.03
2026-07-29 13:34:40,int-1,lane-N,2,1.5,0,clear,2,13,0,0.0,GREEN,400.5,4.0,0.07
2026-07-29 13:34:40,int-1,lane-S,1,29.099999999999998,1,clear,2,13,0,0.03,RED,0.0,4.0,0.03
2026-07-29 13:34:40,int-1,lane-E,1,29.099999999999998,1,clear,2,13,0,0.03,RED,0.0,4.0,0.03
2026-07-29 13:34:40,int-1,lane-W,1,29.099999999999998,1,clear,2,13,0,0.03,RED,0.0,4.0,0.03
2026-07-29 13:35:08,int-1,lane-N,3,1.0,0,clear,2,13,0,0.0,GREEN,402.5,1.0,0.1
2026-07-29 13:35:08,int-1,lane-S,0,29.4,0,clear,2,13,0,0.0,RED,0.0,1.0,0.0
2026-07-29 13:35:08,int-1,lane-E,2,29.4,2,clear,2,13,0,0.07,RED,0.0,1.0,0.07
2026-07-29 13:35:08,int-1,lane-W,1,29.4,1,clear,2,13,0,0.03,RED,0.0,1.0,0.03
2026-07-29 13:35:39,int-1,lane-N,5,0.0,2,clear,2,13,0,0.07,RED,404.5,4.0,0.17
2026-07-29 13:35:39,int-1,lane-S,0,29.7,0,clear,2,13,0,0.0,RED,0.0,4.0,0.0
2026-07-29 13:35:39,int-1,lane-E,1,29.7,1,clear,2,13,0,0.03,RED,0.0,4.0,0.03
2026-07-29 13:35:39,int-1,lane-W,0,30.0,0,clear,2,13,0,0.0,GREEN,0.0,4.0,0.0
2026-07-29 13:35:59,int-1,lane-N,8,0.0,5,clear,2,13,0,0.17,RED,405.5,1.0,0.27
2026-07-29 13:35:59,int-1,lane-S,2,29.099999999999998,2,clear,2,13,0,0.07,RED,0.0,1.0,0.07
2026-07-29 13:35:59,int-1,lane-E,1,29.099999999999998,1,clear,2,13,0,0.03,RED,0.0,1.0,0.03
2026-07-29 13:35:59,int-1,lane-W,0,30.0,0,clear,2,13,0,0.0,GREEN,0.0,1.0,0.0
2026-07-29 13:36:29,int-1,lane-N,11,1.0,3,clear,2,13,0,0.1,GREEN,407.5,6.0,0.37
2026-07-29 13:36:29,int-1,lane-S,15,29.4,6,clear,2,13,0,0.2,RED,0.0,6.0,0.5
2026-07-29 13:36:29,int-1,lane-E,22,29.4,9,clear,2,13,0,0.3,RED,0.0,6.0,0.73
2026-07-29 13:36:29,int-1,lane-W,8,29.4,3,clear,2,13,0,0.1,RED,0.0,6.0,0.27
2026-07-29 13:36:57,int-1,lane-N,4,0.5,1,clear,2,13,1,0.03,GREEN,409.5,5.0,0.13
2026-07-29 13:36:57,int-1,lane-S,0,29.7,0,clear,2,13,0,0.0,RED,0.0,5.0,0.0
2026-07-29 13:36:57,int-1,lane-E,1,29.7,1,clear,2,13,0,0.03,RED,0.0,5.0,0.03
2026-07-29 13:36:57,int-1,lane-W,0,29.7,0,clear,2,13,0,0.0,RED,0.0,5.0,0.0
2026-07-29 13:37:14,int-1,lane-N,2,1.5,0,clear,2,13,1,0.0,GREEN,410.5,2.0,0.07
2026-07-29 13:37:14,int-1,lane-S,1,29.099999999999998,1,clear,2,13,0,0.03,RED,0.0,2.0,0.03
2026-07-29 13:37:14,int-1,lane-E,2,29.099999999999998,2,clear,2,13,0,0.07,RED,0.0,2.0,0.07
2026-07-29 13:37:14,int-1,lane-W,1,29.099999999999998,1,clear,2,13,0,0.03,RED,0.0,2.0,0.03
2026-07-29 13:37:43,int-1,lane-N,13,0.5,5,clear,2,13,1,0.17,GREEN,412.5,6.0,0.43
2026-07-29 13:37:43,int-1,lane-S,14,29.4,6,clear,2,13,0,0.2,RED,0.0,6.0,0.47
2026-07-29 13:37:43,int-1,lane-E,21,29.4,8,clear,2,13,0,0.27,RED,0.0,6.0,0.7
2026-07-29 13:37:43,int-1,lane-W,7,29.4,3,clear,2,13,0,0.1,RED,0.0,6.0,0.23
2026-07-29 13:38:06,int-1,lane-N,4,0.5,1,clear,2,13,1,0.03,GREEN,414.5,6.0,0.13
2026-07-29 13:38:06,int-1,lane-S,0,29.7,0,clear,2,13,0,0.0,RED,0.0,6.0,0.0
2026-07-29 13:38:06,int-1,lane-E,0,29.7,0,clear,2,13,0,0.0,RED,0.0,6.0,0.0
2026-07-29 13:38:06,int-1,lane-W,0,29.7,0,clear,2,13,0,0.0,RED,0.0,6.0,0.0
2026-07-29 13:38:18,int-1,lane-N,2,1.5,0,clear,2,13,1,0.0,GREEN,415.5,3.0,0.07
2026-07-29 13:38:18,int-1,lane-S,3,29.099999999999998,3,clear,2,13,0,0.1,RED,0.0,3.0,0.1
2026-07-29 13:38:18,int-1,lane-E,1,29.099999999999998,1,clear,2,13,0,0.03,RED,0.0,3.0,0.03
2026-07-29 13:38:18,int-1,lane-W,2,29.099999999999998,2,clear,2,13,0,0.07,RED,0.0,3.0,0.07
2026-07-29 13:38:36,int-1,lane-N,5,0.0,2,clear,2,13,0,0.07,YELLOW,417.5,2.0,0.17
2026-07-29 13:38:36,int-1,lane-S,0,29.4,0,clear,2,13,0,0.0,RED,0.0,2.0,0.0
2026-07-29 13:38:36,int-1,lane-E,0,29.4,0,clear,2,13,0,0.0,RED,0.0,2.0,0.0
2026-07-29 13:38:36,int-1,lane-W,1,29.4,1,clear,2,13,0,0.03,RED,0.0,2.0,0.03
2026-07-29 13:38:58,int-1,lane-N,5,0.0,2,clear,2,13,0,0.07,RED,419.5,6.0,0.17
2026-07-29 13:38:58,int-1,lane-S,0,30.0,0,clear,2,13,0,0.0,GREEN,0.0,6.0,0.0
2026-07-29 13:38:58,int-1,lane-E,1,29.7,1,clear,2,13,0,0.03,RED,0.0,6.0,0.03
2026-07-29 13:38:58,int-1,lane-W,1,29.7,1,clear,2,13,0,0.03,RED,0.0,6.0,0.03
2026-07-29 13:39:18,int-1,lane-N,7,0.0,4,clear,2,13,0,0.13,RED,420.5,3.0,0.23
2026-07-29 13:39:18,int-1,lane-S,0,30.0,0,clear,2,13,0,0.0,GREEN,0.0,3.0,0.0
2026-07-29 13:39:18,int-1,lane-E,3,29.099999999999998,3,clear,2,13,0,0.1,RED,0.0,3.0,0.1
2026-07-29 13:39:18,int-1,lane-W,1,29.099999999999998,1,clear,2,13,0,0.03,RED,0.0,3.0,0.03
2026-07-29 13:39:39,int-1,lane-N,6,0.0,3,clear,2,13,0,0.1,RED,422.5,2.0,0.2
2026-07-29 13:39:39,int-1,lane-S,0,30.0,0,clear,2,13,0,0.0,YELLOW,0.0,2.0,0.0
2026-07-29 13:39:39,int-1,lane-E,0,29.4,0,clear,2,13,0,0.0,RED,0.0,2.0,0.0
2026-07-29 13:39:39,int-1,lane-W,0,29.4,0,clear,2,13,0,0.0,RED,0.0,2.0,0.0
2026-07-29 13:40:10,int-1,lane-N,4,0.5,1,clear,2,13,0,0.03,GREEN,424.5,6.0,0.13
2026-07-29 13:40:10,int-1,lane-S,1,29.7,1,clear,2,13,0,0.03,RED,0.0,6.0,0.03
2026-07-29 13:40:10,int-1,lane-E,0,29.7,0,clear,2,13,0,0.0,RED,0.0,6.0,0.0
2026-07-29 13:40:10,int-1,lane-W,1,29.7,1,clear,2,13,0,0.03,RED,0.0,6.0,0.03
2026-07-29 13:40:23,int-1,lane-N,2,1.5,0,clear,2,13,0,0.0,GREEN,425.5,4.0,0.07
2026-07-29 13:40:23,int-1,lane-S,0,29.099999999999998,0,clear,2,13,0,0.0,RED,0.0,4.0,0.0
2026-07-29 13:40:23,int-1,lane-E,2,29.099999999999998,2,clear,2,13,0,0.07,RED,0.0,4.0,0.07
2026-07-29 13:40:23,int-1,lane-W,3,29.099999999999998,3,clear,2,13,0,0.1,RED,0.0,4.0,0.1
2026-07-29 13:40:41,int-1,lane-N,3,1.0,0,clear,2,13,0,0.0,GREEN,427.5,1.0,0.1
2026-07-29 13:40:41,int-1,lane-S,1,29.4,1,clear,2,13,0,0.03,RED,0.0,1.0,0.03
2026-07-29 13:40:41,int-1,lane-E,1,29.4,1,clear,2,13,0,0.03,RED,0.0,1.0,0.03
2026-07-29 13:40:41,int-1,lane-W,1,29.4,1,clear,2,13,0,0.03,RED,0.0,1.0,0.03
2026-07-29 13:40:58,int-1,lane-N,4,0.5,1,clear,2,13,1,0.03,GREEN,429.5,6.0,0.13
2026-07-29 13:40:58,int-1,lane-S,0,29.7,0,clear,2,13,0,0.0,RED,0.0,6.0,0.0
2026-07-29 13:40:58,int-1,lane-E,0,29.7,0,clear,2,13,0,0.0,RED,0.0,6.0,0.0
2026-07-29 13:40:58,int-1,lane-W,1,29.7,1,clear,2,13,0,0.03,RED,0.0,6.0,0.03
2026-07-29 13:41:07,int-1,lane-N,2,1.5,0,clear,2,13,1,0.0,GREEN,430.5,5.0,0.07
2026-07-29 13:41:07,int-1,lane-S,2,29.099999999999998,2,clear,2,13,0,0.07,RED,0.0,5.0,0.07
2026-07-29 13:41:07,int-1,lane-E,1,29.099999999999998,1,clear,2,13,0,0.03,RED,0.0,5.0,0.03
2026-07-29 13:41:07,int-1,lane-W,2,29.099999999999998,2,clear,2,13,0,0.07,RED,0.0,5.0,0.07
2026-07-29 13:41:20,int-1,lane-N,3,1.0,0,clear,2,13,1,0.0,GREEN,432.5,2.0,0.1
2026-07-29 13:41:20,int-1,lane-S,1,29.4,1,clear,2,13,0,0.03,RED,0.0,2.0,0.03
2026-07-29 13:41:20,int-1,lane-E,1,29.4,1,clear,2,13,0,0.03,RED,0.0,2.0,0.03
2026-07-29 13:41:20,int-1,lane-W,0,29.4,0,clear,2,13,0,0.0,RED,0.0,2.0,0.0
2026-07-29 13:41:31,int-1,lane-N,15,0.0,6,clear,2,13,0,0.2,RED,434.5,6.0,0.5
2026-07-29 13:41:31,int-1,lane-S,13,30.5,5,clear,2,13,0,0.17,GREEN,0.0,6.0,0.43
2026-07-29 13:41:31,int-1,lane-E,18,29.7,7,clear,2,13,0,0.23,RED,0.0,6.0,0.6
2026-07-29 13:41:31,int-1,lane-W,7,29.7,3,clear,2,13,0,0.1,RED,0.0,6.0,0.23
2026-07-29 13:41:40,int-1,lane-N,6,0.0,3,clear,2,13,1,0.1,RED,435.5,6.0,0.2
2026-07-29 13:41:40,int-1,lane-S,0,30.0,0,clear,2,13,0,0.0,GREEN,0.0,6.0,0.0
2026-07-29 13:41:40,int-1,lane-E,1,29.099999999999998,1,clear,2,13,0,0.03,RED,0.0,6.0,0.03
2026-07-29 13:41:40,int-1,lane-W,0,29.099999999999998,0,clear,2,13,0,0.0,RED,0.0,6.0,0.0
2026-07-29 13:41:47,int-1,lane-N,6,0.0,3,clear,2,13,1,0.1,RED,437.5,3.0,0.2
2026-07-29 13:41:47,int-1,lane-S,0,30.0,0,clear,2,13,0,0.0,GREEN,0.0,3.0,0.0
2026-07-29 13:41:47,int-1,lane-E,0,29.4,0,clear,2,13,0,0.0,RED,0.0,3.0,0.0
2026-07-29 13:41:47,int-1,lane-W,2,29.4,2,clear,2,13,0,0.07,RED,0.0,3.0,0.07
2026-07-29 13:42:02,int-1,lane-N,5,0.0,2,clear,2,13,1,0.07,RED,439.5,2.0,0.17
2026-07-29 13:42:02,int-1,lane-S,0,30.0,0,clear,2,13,0,0.0,YELLOW,0.0,2.0,0.0
2026-07-29 13:42:02,int-1,lane-E,0,29.7,0,clear,2,13,0,0.0,RED,0.0,2.0,0.0
2026-07-29 13:42:02,int-1,lane-W,0,29.7,0,clear,2,13,0,0.0,RED,0.0,2.0,0.0
2026-07-29 13:42:10,int-1,lane-N,2,1.5,0,clear,2,13,0,0.0,GREEN,440.5,6.0,0.07
2026-07-29 13:42:10,int-1,lane-S,1,29.099999999999998,1,clear,2,13,0,0.03,RED,0.0,6.0,0.03
2026-07-29 13:42:10,int-1,lane-E,2,29.099999999999998,2,clear,2,13,0,0.07,RED,0.0,6.0,0.07
2026-07-29 13:42:10,int-1,lane-W,1,29.099999999999998,1,clear,2,13,0,0.03,RED,0.0,6.0,0.03
2026-07-29 13:42:18,int-1,lane-N,3,1.0,0,clear,2,13,1,0.0,GREEN,442.5,4.0,0.1
2026-07-29 13:42:18,int-1,lane-S,0,29.4,0,clear,2,13,0,0.0,RED,0.0,4.0,0.0
2026-07-29 13:42:18,int-1,lane-E,2,29.4,2,clear,2,13,0,0.07,RED,0.0,4.0,0.07
2026-07-29 13:42:18,int-1,lane-W,1,29.4,1,clear,2,13,0,0.03,RED,0.0,4.0,0.03
2026-07-29 13:42:26,int-1,lane-N,4,0.5,1,clear,2,13,1,0.03,GREEN,444.5,1.0,0.13
2026-07-29 13:42:26,int-1,lane-S,0,29.7,0,clear,2,13,0,0.0,RED,0.0,1.0,0.0
2026-07-29 13:42:26,int-1,lane-E,0,29.7,0,clear,2,13,0,0.0,RED,0.0,1.0,0.0
2026-07-29 13:42:26,int-1,lane-W,0,29.7,0,clear,2,13,0,0.0,RED,0.0,1.0,0.0
2026-07-29 13:42:32,int-1,lane-N,11,1.0,3,clear,2,13,1,0.1,GREEN,445.5,6.0,0.37
2026-07-29 13:42:32,int-1,lane-S,13,29.099999999999998,5,clear,2,13,0,0.17,RED,0.0,6.0,0.43
2026-07-29 13:42:32,int-1,lane-E,19,29.099999999999998,8,clear,2,13,0,0.27,RED,0.0,6.0,0.63
2026-07-29 13:42:32,int-1,lane-W,7,29.099999999999998,3,clear,2,13,0,0.1,RED,0.0,6.0,0.23
2026-07-29 13:42:40,int-1,lane-N,3,1.0,0,clear,2,13,0,0.0,GREEN,447.5,5.0,0.1
2026-07-29 13:42:40,int-1,lane-S,2,29.4,2,clear,2,13,0,0.07,RED,0.0,5.0,0.07
2026-07-29 13:42:40,int-1,lane-E,1,29.4,1,clear,2,13,0,0.03,RED,0.0,5.0,0.03
2026-07-29 13:42:40,int-1,lane-W,1,29.4,1,clear,2,13,0,0.03,RED,0.0,5.0,0.03
2026-07-29 13:42:47,int-1,lane-N,4,0.5,1,clear,2,13,0,0.03,GREEN,449.5,2.0,0.13
2026-07-29 13:42:47,int-1,lane-S,0,29.7,0,clear,2,13,0,0.0,RED,0.0,2.0,0.0
2026-07-29 13:42:47,int-1,lane-E,0,29.7,0,clear,2,13,0,0.0,RED,0.0,2.0,0.0
2026-07-29 13:42:47,int-1,lane-W,1,29.7,1,clear,2,13,0,0.03,RED,0.0,2.0,0.03
2026-07-29 13:42:53,int-1,lane-N,15,0.0,6,clear,2,13,0,0.2,RED,450.5,7.0,0.5
2026-07-29 13:42:53,int-1,lane-S,15,29.099999999999998,6,clear,2,13,0,0.2,RED,0.0,7.0,0.5
2026-07-29 13:42:53,int-1,lane-E,19,29.9,7,clear,2,13,0,0.23,GREEN,0.0,7.0,0.63
2026-07-29 13:42:53,int-1,lane-W,8,29.099999999999998,4,clear,2,13,0,0.13,RED,0.0,7.0,0.27
2026-07-29 13:43:03,int-1,lane-N,5,0.0,2,clear,2,13,1,0.07,RED,452.5,6.0,0.17
2026-07-29 13:43:03,int-1,lane-S,1,29.4,1,clear,2,13,0,0.03,RED,0.0,6.0,0.03
2026-07-29 13:43:03,int-1,lane-E,0,30.0,0,clear,2,13,0,0.0,GREEN,0.0,6.0,0.0
2026-07-29 13:43:03,int-1,lane-W,0,29.4,0,clear,2,13,0,0.0,RED,0.0,6.0,0.0
2026-07-29 13:43:18,int-1,lane-N,6,0.0,3,clear,2,13,1,0.1,RED,454.5,6.0,0.2
2026-07-29 13:43:18,int-1,lane-S,1,29.7,1,clear,2,13,0,0.03,RED,0.0,6.0,0.03
2026-07-29 13:43:18,int-1,lane-E,0,30.0,0,clear,2,13,0,0.0,GREEN,0.0,6.0,0.0
2026-07-29 13:43:18,int-1,lane-W,1,29.7,1,clear,2,13,0,0.03,RED,0.0,6.0,0.03
2026-07-29 13:43:24,int-1,lane-N,5,0.0,2,clear,2,13,1,0.07,RED,455.5,4.0,0.17
2026-07-29 13:43:24,int-1,lane-S,2,29.099999999999998,2,clear,2,13,0,0.07,RED,0.0,4.0,0.07
2026-07-29 13:43:24,int-1,lane-E,0,30.0,0,clear,2,13,0,0.0,GREEN,0.0,4.0,0.0
2026-07-29 13:43:24,int-1,lane-W,0,29.099999999999998,0,clear,2,13,0,0.0,RED,0.0,4.0,0.0
2026-07-29 13:43:44,int-1,lane-N,6,0.0,3,clear,2,13,0,0.1,RED,457.5,2.0,0.2
2026-07-29 13:43:44,int-1,lane-S,2,29.4,2,clear,2,13,0,0.07,RED,0.0,2.0,0.07
2026-07-29 13:43:44,int-1,lane-E,0,30.0,0,clear,2,13,0,0.0,YELLOW,0.0,2.0,0.0
2026-07-29 13:43:44,int-1,lane-W,0,29.4,0,clear,2,13,0,0.0,RED,0.0,2.0,0.0
2026-07-29 13:43:56,int-1,lane-N,4,0.5,1,clear,2,13,0,0.03,GREEN,459.5,6.0,0.13
2026-07-29 13:43:56,int-1,lane-S,1,29.7,1,clear,2,13,0,0.03,RED,0.0,6.0,0.03
2026-07-29 13:43:56,int-1,lane-E,0,29.7,0,clear,2,13,0,0.0,RED,0.0,6.0,0.0
2026-07-29 13:43:56,int-1,lane-W,1,29.7,1,clear,2,13,0,0.03,RED,0.0,6.0,0.03
2026-07-29 13:44:07,int-1,lane-N,2,1.5,0,clear,2,13,0,0.0,GREEN,460.5,4.0,0.07
2026-07-29 13:44:07,int-1,lane-S,1,29.099999999999998,1,clear,2,13,0,0.03,RED,0.0,4.0,0.03
2026-07-29 13:44:07,int-1,lane-E,1,29.099999999999998,1,clear,2,13,0,0.03,RED,0.0,4.0,0.03
2026-07-29 13:44:07,int-1,lane-W,1,29.099999999999998,1,clear,2,13,0,0.03,RED,0.0,4.0,0.03
2026-07-29 13:44:15,int-1,lane-N,3,1.0,0,clear,2,13,0,0.0,GREEN,462.5,1.0,0.1
2026-07-29 13:44:15,int-1,lane-S,1,29.4,1,clear,2,13,0,0.03,RED,0.0,1.0,0.03
2026-07-29 13:44:15,int-1,lane-E,0,29.4,0,clear,2,13,0,0.0,RED,0.0,1.0,0.0
2026-07-29 13:44:15,int-1,lane-W,1,29.4,1,clear,2,13,0,0.03,RED,0.0,1.0,0.03
2026-07-29 13:44:23,int-1,lane-N,5,0.0,2,clear,2,13,0,0.07,RED,464.5,4.0,0.17
2026-07-29 13:44:23,int-1,lane-S,1,29.7,1,clear,2,13,0,0.03,RED,0.0,4.0,0.03
2026-07-29 13:44:23,int-1,lane-E,0,29.7,0,clear,2,13,0,0.0,RED,0.0,4.0,0.0
2026-07-29 13:44:23,int-1,lane-W,0,30.0,0,clear,2,13,0,0.0,GREEN,0.0,4.0,0.0
2026-07-29 13:44:30,int-1,lane-N,7,0.0,4,clear,2,13,0,0.13,RED,465.5,2.0,0.23
2026-07-29 13:44:30,int-1,lane-S,2,29.099999999999998,2,clear,2,13,0,0.07,RED,0.0,2.0,0.07
2026-07-29 13:44:30,int-1,lane-E,0,29.099999999999998,0,clear,2,13,0,0.0,RED,0.0,2.0,0.0
2026-07-29 13:44:30,int-1,lane-W,0,30.0,0,clear,2,13,0,0.0,YELLOW,0.0,2.0,0.0
2026-07-29 13:44:38,int-1,lane-N,3,1.0,0,clear,2,13,0,0.0,GREEN,467.5,6.0,0.1
2026-07-29 13:44:38,int-1,lane-S,0,29.4,0,clear,2,13,0,0.0,RED,0.0,6.0,0.0
2026-07-29 13:44:38,int-1,lane-E,0,29.4,0,clear,2,13,0,0.0,RED,0.0,6.0,0.0
2026-07-29 13:44:38,int-1,lane-W,2,29.4,2,clear,2,13,0,0.07,RED,0.0,6.0,0.07
2026-07-29 13:44:45,int-1,lane-N,4,0.5,1,clear,2,13,0,0.03,GREEN,469.5,4.0,0.13
2026-07-29 13:44:45,int-1,lane-S,0,29.7,0,clear,2,13,0,0.0,RED,0.0,4.0,0.0
2026-07-29 13:44:45,int-1,lane-E,0,29.7,0,clear,2,13,0,0.0,RED,0.0,4.0,0.0
2026-07-29 13:44:45,int-1,lane-W,1,29.7,1,clear,2,13,0,0.03,RED,0.0,4.0,0.03
2026-07-29 13:44:52,int-1,lane-N,2,1.5,0,clear,2,13,0,0.0,GREEN,470.5,1.0,0.07
2026-07-29 13:44:52,int-1,lane-S,1,29.099999999999998,1,clear,2,13,0,0.03,RED,0.0,1.0,0.03
2026-07-29 13:44:52,int-1,lane-E,1,29.099999999999998,1,clear,2,13,0,0.03,RED,0.0,1.0,0.03
2026-07-29 13:44:52,int-1,lane-W,1,29.099999999999998,1,clear,2,13,0,0.03,RED,0.0,1.0,0.03
2026-07-29 13:45:01,int-1,lane-N,12,0.0,5,clear,2,13,0,0.17,RED,472.5,6.0,0.4
2026-07-29 13:45:01,int-1,lane-S,13,31.0,4,clear,2,13,0,0.13,GREEN,0.0,6.0,0.43
2026-07-29 13:45:01,int-1,lane-E,21,29.4,8,clear,2,13,0,0.27,RED,0.0,6.0,0.7
2026-07-29 13:45:01,int-1,lane-W,7,29.4,3,clear,2,13,0,0.1,RED,0.0,6.0,0.23
2026-07-29 13:45:12,int-1,lane-N,5,0.0,2,clear,2,13,0,0.07,RED,474.5,6.0,0.17
2026-07-29 13:45:12,int-1,lane-S,0,30.0,0,clear,2,13,0,0.0,GREEN,0.0,6.0,0.0
2026-07-29 13:45:12,int-1,lane-E,0,29.7,0,clear,2,13,0,0.0,RED,0.0,6.0,0.0
2026-07-29 13:45:12,int-1,lane-W,0,29.7,0,clear,2,13,0,0.0,RED,0.0,6.0,0.0
2026-07-29 13:45:18,int-1,lane-N,7,0.0,4,clear,2,13,0,0.13,RED,475.5,3.0,0.23
2026-07-29 13:45:18,int-1,lane-S,0,30.0,0,clear,2,13,0,0.0,GREEN,0.0,3.0,0.0
2026-07-29 13:45:18,int-1,lane-E,0,29.099999999999998,0,clear,2,13,0,0.0,RED,0.0,3.0,0.0
2026-07-29 13:45:18,int-1,lane-W,1,29.099999999999998,1,clear,2,13,0,0.03,RED,0.0,3.0,0.03
2026-07-29 13:45:26,int-1,lane-N,6,0.0,3,clear,2,13,0,0.1,RED,477.5,2.0,0.2
2026-07-29 13:45:26,int-1,lane-S,0,30.0,0,clear,2,13,0,0.0,YELLOW,0.0,2.0,0.0
2026-07-29 13:45:26,int-1,lane-E,1,29.4,1,clear,2,13,0,0.03,RED,0.0,2.0,0.03
2026-07-29 13:45:26,int-1,lane-W,0,29.4,0,clear,2,13,0,0.0,RED,0.0,2.0,0.0
2026-07-29 13:45:33,int-1,lane-N,4,0.5,1,clear,2,13,1,0.03,GREEN,479.5,6.0,0.13
2026-07-29 13:45:33,int-1,lane-S,0,29.7,0,clear,2,13,0,0.0,RED,0.0,6.0,0.0
2026-07-29 13:45:33,int-1,lane-E,1,29.7,1,clear,2,13,0,0.03,RED,0.0,6.0,0.03
2026-07-29 13:45:33,int-1,lane-W,0,29.7,0,clear,2,13,0,0.0,RED,0.0,6.0,0.0
2026-07-29 13:45:39,int-1,lane-N,2,1.5,0,clear,2,13,1,0.0,GREEN,480.5,4.0,0.07
2026-07-29 13:45:39,int-1,lane-S,1,29.099999999999998,1,clear,2,13,0,0.03,RED,0.0,4.0,0.03
2026-07-29 13:45:39,int-1,lane-E,1,29.099999999999998,1,clear,2,13,0,0.03,RED,0.0,4.0,0.03
2026-07-29 13:45:39,int-1,lane-W,1,29.099999999999998,1,clear,2,13,0,0.03,RED,0.0,4.0,0.03
2026-07-29 13:45:47,int-1,lane-N,4,0.5,1,clear,2,13,1,0.03,YELLOW,482.5,2.0,0.13
2026-07-29 13:45:47,int-1,lane-S,0,29.4,0,clear,2,13,0,0.0,RED,0.0,2.0,0.0
2026-07-29 13:45:47,int-1,lane-E,1,29.4,1,clear,2,13,0,0.03,RED,0.0,2.0,0.03
2026-07-29 13:45:47,int-1,lane-W,1,29.4,1,clear,2,13,0,0.03,RED,0.0,2.0,0.03
2026-07-29 13:45:55,int-1,lane-N,5,0.0,2,clear,2,13,0,0.07,RED,484.5,4.0,0.17
2026-07-29 13:45:55,int-1,lane-S,0,29.7,0,clear,2,13,0,0.0,RED,0.0,4.0,0.0
2026-07-29 13:45:55,int-1,lane-E,0,29.7,0,clear,2,13,0,0.0,RED,0.0,4.0,0.0
2026-07-29 13:45:55,int-1,lane-W,0,30.0,0,clear,2,13,0,0.0,GREEN,0.0,4.0,0.0
2026-07-29 13:46:01,int-1,lane-N,7,0.0,4,clear,2,13,0,0.13,RED,485.5,2.0,0.23
2026-07-29 13:46:01,int-1,lane-S,1,29.099999999999998,1,clear,2,13,0,0.03,RED,0.0,2.0,0.03
2026-07-29 13:46:01,int-1,lane-E,1,29.099999999999998,1,clear,2,13,0,0.03,RED,0.0,2.0,0.03
2026-07-29 13:46:01,int-1,lane-W,0,30.0,0,clear,2,13,0,0.0,YELLOW,0.0,2.0,0.0
2026-07-29 13:46:08,int-1,lane-N,3,1.0,0,clear,2,13,0,0.0,GREEN,487.5,6.0,0.1
2026-07-29 13:46:08,int-1,lane-S,1,29.4,1,clear,2,13,0,0.03,RED,0.0,6.0,0.03
2026-07-29 13:46:08,int-1,lane-E,0,29.4,0,clear,2,13,0,0.0,RED,0.0,6.0,0.0
2026-07-29 13:46:08,int-1,lane-W,1,29.4,1,clear,2,13,0,0.03,RED,0.0,6.0,0.03
2026-07-29 13:46:17,int-1,lane-N,4,0.5,1,clear,2,13,0,0.03,GREEN,489.5,4.0,0.13
2026-07-29 13:46:17,int-1,lane-S,1,29.7,1,clear,2,13,0,0.03,RED,0.0,4.0,0.03
2026-07-29 13:46:17,int-1,lane-E,0,29.7,0,clear,2,13,0,0.0,RED,0.0,4.0,0.0
2026-07-29 13:46:17,int-1,lane-W,1,29.7,1,clear,2,13,0,0.03,RED,0.0,4.0,0.03
2026-07-29 13:46:24,int-1,lane-N,2,1.5,0,clear,2,13,1,0.0,GREEN,490.5,1.0,0.07
2026-07-29 13:46:24,int-1,lane-S,2,29.099999999999998,2,clear,2,13,0,0.07,RED,0.0,1.0,0.07
2026-07-29 13:46:24,int-1,lane-E,1,29.099999999999998,1,clear,2,13,0,0.03,RED,0.0,1.0,0.03
2026-07-29 13:46:24,int-1,lane-W,1,29.099999999999998,1,clear,2,13,0,0.03,RED,0.0,1.0,0.03
2026-07-29 13:46:30,int-1,lane-N,13,1.0,4,clear,2,13,1,0.13,GREEN,492.5,6.0,0.43
2026-07-29 13:46:30,int-1,lane-S,15,29.4,7,clear,2,13,0,0.23,RED,0.0,6.0,0.5
2026-07-29 13:46:30,int-1,lane-E,24,29.4,10,clear,2,13,0,0.33,RED,0.0,6.0,0.8
2026-07-29 13:46:30,int-1,lane-W,8,29.4,3,clear,2,13,0,0.1,RED,0.0,6.0,0.27
2026-07-29 13:46:38,int-1,lane-N,4,0.5,1,clear,2,13,1,0.03,GREEN,494.5,6.0,0.13
2026-07-29 13:46:38,int-1,lane-S,0,29.7,0,clear,2,13,0,0.0,RED,0.0,6.0,0.0
2026-07-29 13:46:38,int-1,lane-E,0,29.7,0,clear,2,13,0,0.0,RED,0.0,6.0,0.0
2026-07-29 13:46:38,int-1,lane-W,1,29.7,1,clear,2,13,0,0.03,RED,0.0,6.0,0.03
2026-07-29 13:46:44,int-1,lane-N,2,1.5,0,clear,2,13,1,0.0,GREEN,495.5,3.0,0.07
2026-07-29 13:46:44,int-1,lane-S,1,29.099999999999998,1,clear,2,13,0,0.03,RED,0.0,3.0,0.03
2026-07-29 13:46:44,int-1,lane-E,1,29.099999999999998,1,clear,2,13,0,0.03,RED,0.0,3.0,0.03
2026-07-29 13:46:44,int-1,lane-W,2,29.099999999999998,2,clear,2,13,0,0.07,RED,0.0,3.0,0.07
2026-07-29 13:46:51,int-1,lane-N,5,0.0,2,clear,2,13,1,0.07,YELLOW,497.5,2.0,0.17
2026-07-29 13:46:51,int-1,lane-S,1,29.4,1,clear,2,13,0,0.03,RED,0.0,2.0,0.03
2026-07-29 13:46:51,int-1,lane-E,0,29.4,0,clear,2,13,0,0.0,RED,0.0,2.0,0.0
2026-07-29 13:46:51,int-1,lane-W,0,29.4,0,clear,2,13,0,0.0,RED,0.0,2.0,0.0
2026-07-29 13:47:00,int-1,lane-N,4,0.5,1,clear,2,13,0,0.03,GREEN,499.5,6.0,0.13
2026-07-29 13:47:00,int-1,lane-S,0,29.7,0,clear,2,13,0,0.0,RED,0.0,6.0,0.0
2026-07-29 13:47:00,int-1,lane-E,0,29.7,0,clear,2,13,0,0.0,RED,0.0,6.0,0.0
2026-07-29 13:47:00,int-1,lane-W,0,29.7,0,clear,2,13,0,0.0,RED,0.0,6.0,0.0
2026-07-29 13:47:06,int-1,lane-N,2,1.5,0,clear,2,13,0,0.0,GREEN,500.5,4.0,0.07
2026-07-29 13:47:06,int-1,lane-S,1,29.099999999999998,1,clear,2,13,0,0.03,RED,0.0,4.0,0.03
2026-07-29 13:47:06,int-1,lane-E,1,29.099999999999998,1,clear,2,13,0,0.03,RED,0.0,4.0,0.03
2026-07-29 13:47:06,int-1,lane-W,1,29.099999999999998,1,clear,2,13,0,0.03,RED,0.0,4.0,0.03
2026-07-29 13:47:13,int-1,lane-N,4,0.5,1,clear,2,13,0,0.03,YELLOW,502.5,2.0,0.13
2026-07-29 13:47:13,int-1,lane-S,2,29.4,2,clear,2,13,0,0.07,RED,0.0,2.0,0.07
2026-07-29 13:47:13,int-1,lane-E,1,29.4,1,clear,2,13,0,0.03,RED,0.0,2.0,0.03
2026-07-29 13:47:13,int-1,lane-W,0,29.4,0,clear,2,13,0,0.0,RED,0.0,2.0,0.0
2026-07-29 13:47:23,int-1,lane-N,5,0.0,2,clear,2,13,0,0.07,RED,504.5,6.0,0.17
2026-07-29 13:47:23,int-1,lane-S,0,30.0,0,clear,2,13,0,0.0,GREEN,0.0,6.0,0.0
2026-07-29 13:47:23,int-1,lane-E,0,29.7,0,clear,2,13,0,0.0,RED,0.0,6.0,0.0
2026-07-29 13:47:23,int-1,lane-W,0,29.7,0,clear,2,13,0,0.0,RED,0.0,6.0,0.0
2026-07-29 13:47:30,int-1,lane-N,5,0.0,2,clear,2,13,0,0.07,RED,505.5,5.0,0.17
2026-07-29 13:47:30,int-1,lane-S,0,30.0,0,clear,2,13,0,0.0,GREEN,0.0,5.0,0.0
2026-07-29 13:47:30,int-1,lane-E,0,29.099999999999998,0,clear,2,13,0,0.0,RED,0.0,5.0,0.0
2026-07-29 13:47:30,int-1,lane-W,1,29.099999999999998,1,clear,2,13,0,0.03,RED,0.0,5.0,0.03
2026-07-29 13:47:37,int-1,lane-N,6,0.0,3,clear,2,13,0,0.1,RED,507.5,2.0,0.2
2026-07-29 13:47:37,int-1,lane-S,0,30.0,0,clear,2,13,0,0.0,GREEN,0.0,2.0,0.0
2026-07-29 13:47:37,int-1,lane-E,0,29.4,0,clear,2,13,0,0.0,RED,0.0,2.0,0.0
2026-07-29 13:47:37,int-1,lane-W,0,29.4,0,clear,2,13,0,0.0,RED,0.0,2.0,0.0
2026-07-29 13:47:45,int-1,lane-N,12,0.5,4,clear,2,13,0,0.13,GREEN,509.5,6.0,0.4
2026-07-29 13:47:45,int-1,lane-S,17,29.7,7,clear,2,13,0,0.23,RED,0.0,6.0,0.57
2026-07-29 13:47:45,int-1,lane-E,19,29.7,8,clear,2,13,0,0.27,RED,0.0,6.0,0.63
2026-07-29 13:47:45,int-1,lane-W,9,29.7,4,clear,2,13,0,0.13,RED,0.0,6.0,0.3
2026-07-29 13:47:50,int-1,lane-N,2,1.5,0,clear,2,13,0,0.0,GREEN,510.5,5.0,0.07
2026-07-29 13:47:50,int-1,lane-S,0,29.099999999999998,0,clear,2,13,0,0.0,RED,0.0,5.0,0.0
2026-07-29 13:47:50,int-1,lane-E,0,29.099999999999998,0,clear,2,13,0,0.0,RED,0.0,5.0,0.0
2026-07-29 13:47:50,int-1,lane-W,2,29.099999999999998,2,clear,2,13,0,0.07,RED,0.0,5.0,0.07
2026-07-29 13:47:57,int-1,lane-N,3,1.0,0,clear,2,13,0,0.0,GREEN,512.5,2.0,0.1
2026-07-29 13:47:57,int-1,lane-S,0,29.4,0,clear,2,13,0,0.0,RED,0.0,2.0,0.0
2026-07-29 13:47:57,int-1,lane-E,1,29.4,1,clear,2,13,0,0.03,RED,0.0,2.0,0.03
2026-07-29 13:47:57,int-1,lane-W,1,29.4,1,clear,2,13,0,0.03,RED,0.0,2.0,0.03
2026-07-29 13:48:04,int-1,lane-N,5,0.0,2,clear,2,13,0,0.07,YELLOW,514.5,1.0,0.17
2026-07-29 13:48:04,int-1,lane-S,1,29.7,1,clear,2,13,0,0.03,RED,0.0,1.0,0.03
2026-07-29 13:48:04,int-1,lane-E,0,29.7,0,clear,2,13,0,0.0,RED,0.0,1.0,0.0
2026-07-29 13:48:04,int-1,lane-W,0,29.7,0,clear,2,13,0,0.0,RED,0.0,1.0,0.0
2026-07-29 13:48:11,int-1,lane-N,5,0.0,2,clear,2,13,0,0.07,RED,515.5,6.0,0.17
2026-07-29 13:48:11,int-1,lane-S,0,30.0,0,clear,2,13,0,0.0,GREEN,0.0,6.0,0.0
2026-07-29 13:48:11,int-1,lane-E,2,29.099999999999998,2,clear,2,13,0,0.07,RED,0.0,6.0,0.07
2026-07-29 13:48:11,int-1,lane-W,1,29.099999999999998,1,clear,2,13,0,0.03,RED,0.0,6.0,0.03
2026-07-29 13:48:20,int-1,lane-N,5,0.0,2,clear,2,13,0,0.07,RED,517.5,4.0,0.17
2026-07-29 13:48:20,int-1,lane-S,0,30.0,0,clear,2,13,0,0.0,GREEN,0.0,4.0,0.0
2026-07-29 13:48:20,int-1,lane-E,0,29.4,0,clear,2,13,0,0.0,RED,0.0,4.0,0.0
2026-07-29 13:48:20,int-1,lane-W,1,29.4,1,clear,2,13,0,0.03,RED,0.0,4.0,0.03
2026-07-29 13:48:48,int-1,lane-N,6,0.0,3,clear,2,13,0,0.1,RED,519.5,2.0,0.2
2026-07-29 13:48:48,int-1,lane-S,0,30.0,0,clear,2,13,0,0.0,YELLOW,0.0,2.0,0.0
2026-07-29 13:48:48,int-1,lane-E,0,29.7,0,clear,2,13,0,0.0,RED,0.0,2.0,0.0
2026-07-29 13:48:48,int-1,lane-W,0,29.7,0,clear,2,13,0,0.0,RED,0.0,2.0,0.0
2026-07-29 13:49:05,int-1,lane-N,10,1.5,2,clear,2,13,0,0.07,GREEN,520.5,6.0,0.33
2026-07-29 13:49:05,int-1,lane-S,15,29.099999999999998,7,clear,2,13,0,0.23,RED,0.0,6.0,0.5
2026-07-29 13:49:05,int-1,lane-E,20,29.099999999999998,10,clear,2,13,0,0.33,RED,0.0,6.0,0.67
2026-07-29 13:49:05,int-1,lane-W,8,29.099999999999998,4,clear,2,13,0,0.13,RED,0.0,6.0,0.27
2026-07-29 13:49:33,int-1,lane-N,3,1.0,0,clear,2,13,0,0.0,GREEN,522.5,4.0,0.1
2026-07-29 13:49:33,int-1,lane-S,1,29.4,1,clear,2,13,0,0.03,RED,0.0,4.0,0.03
2026-07-29 13:49:33,int-1,lane-E,1,29.4,1,clear,2,13,0,0.03,RED,0.0,4.0,0.03
2026-07-29 13:49:33,int-1,lane-W,0,29.4,0,clear,2,13,0,0.0,RED,0.0,4.0,0.0
2026-07-29 13:50:01,int-1,lane-N,4,0.5,1,clear,2,13,0,0.03,GREEN,524.5,1.0,0.13
2026-07-29 13:50:01,int-1,lane-S,0,29.7,0,clear,2,13,0,0.0,RED,0.0,1.0,0.0
2026-07-29 13:50:01,int-1,lane-E,1,29.7,1,clear,2,13,0,0.03,RED,0.0,1.0,0.03
2026-07-29 13:50:01,int-1,lane-W,0,29.7,0,clear,2,13,0,0.0,RED,0.0,1.0,0.0
2026-07-29 13:50:18,int-1,lane-N,10,1.0,3,clear,2,13,1,0.1,GREEN,525.5,6.0,0.33
2026-07-29 13:50:18,int-1,lane-S,14,29.099999999999998,6,clear,2,13,0,0.2,RED,0.0,6.0,0.47
2026-07-29 13:50:18,int-1,lane-E,24,29.099999999999998,10,clear,2,13,0,0.33,RED,0.0,6.0,0.8
2026-07-29 13:50:18,int-1,lane-W,7,29.099999999999998,3,clear,2,13,0,0.1,RED,0.0,6.0,0.23
2026-07-29 13:50:58,int-1,lane-N,3,1.0,0,clear,2,13,1,0.0,GREEN,527.5,4.0,0.1
2026-07-29 13:50:58,int-1,lane-S,0,29.4,0,clear,2,13,0,0.0,RED,0.0,4.0,0.0
2026-07-29 13:50:58,int-1,lane-E,1,29.4,1,clear,2,13,0,0.03,RED,0.0,4.0,0.03
2026-07-29 13:50:58,int-1,lane-W,2,29.4,2,clear,2,13,0,0.07,RED,0.0,4.0,0.07
2026-07-29 13:51:21,int-1,lane-N,4,0.5,1,clear,2,13,1,0.03,GREEN,529.5,1.0,0.13
2026-07-29 13:51:21,int-1,lane-S,0,29.7,0,clear,2,13,0,0.0,RED,0.0,1.0,0.0
2026-07-29 13:51:21,int-1,lane-E,0,29.7,0,clear,2,13,0,0.0,RED,0.0,1.0,0.0
2026-07-29 13:51:21,int-1,lane-W,0,29.7,0,clear,2,13,0,0.0,RED,0.0,1.0,0.0
2026-07-29 13:51:33,int-1,lane-N,13,0.0,6,clear,2,13,0,0.2,RED,530.5,6.0,0.43
2026-07-29 13:51:33,int-1,lane-S,12,30.7,4,clear,2,13,0,0.13,GREEN,0.0,6.0,0.4
2026-07-29 13:51:33,int-1,lane-E,21,29.099999999999998,8,clear,2,13,0,0.27,RED,0.0,6.0,0.7
2026-07-29 13:51:33,int-1,lane-W,8,29.099999999999998,4,clear,2,13,0,0.13,RED,0.0,6.0,0.27
2026-07-29 13:51:56,int-1,lane-N,6,0.0,3,clear,2,13,0,0.1,RED,532.5,5.0,0.2
2026-07-29 13:51:56,int-1,lane-S,0,30.0,0,clear,2,13,0,0.0,GREEN,0.0,5.0,0.0
2026-07-29 13:51:56,int-1,lane-E,0,29.4,0,clear,2,13,0,0.0,RED,0.0,5.0,0.0
2026-07-29 13:51:56,int-1,lane-W,1,29.4,1,clear,2,13,0,0.03,RED,0.0,5.0,0.03
2026-07-29 13:52:13,int-1,lane-N,6,0.0,3,clear,2,13,0,0.1,RED,534.5,2.0,0.2
2026-07-29 13:52:13,int-1,lane-S,0,30.0,0,clear,2,13,0,0.0,GREEN,0.0,2.0,0.0
2026-07-29 13:52:13,int-1,lane-E,0,29.7,0,clear,2,13,0,0.0,RED,0.0,2.0,0.0
2026-07-29 13:52:13,int-1,lane-W,1,29.7,1,clear,2,13,0,0.03,RED,0.0,2.0,0.03
2026-07-29 13:52:24,int-1,lane-N,7,0.0,4,clear,2,13,0,0.13,RED,535.5,1.0,0.23
2026-07-29 13:52:24,int-1,lane-S,0,30.0,0,clear,2,13,0,0.0,YELLOW,0.0,1.0,0.0
2026-07-29 13:52:24,int-1,lane-E,2,29.099999999999998,2,clear,2,13,0,0.07,RED,0.0,1.0,0.07
2026-07-29 13:52:24,int-1,lane-W,2,29.099999999999998,2,clear,2,13,0,0.07,RED,0.0,1.0,0.07
2026-07-29 13:52:38,int-1,lane-N,3,1.0,0,clear,2,13,0,0.0,GREEN,537.5,6.0,0.1
2026-07-29 13:52:38,int-1,lane-S,1,29.4,1,clear,2,13,0,0.03,RED,0.0,6.0,0.03
2026-07-29 13:52:38,int-1,lane-E,0,29.4,0,clear,2,13,0,0.0,RED,0.0,6.0,0.0
2026-07-29 13:52:38,int-1,lane-W,2,29.4,2,clear,2,13,0,0.07,RED,0.0,6.0,0.07
2026-07-29 13:52:50,int-1,lane-N,4,0.5,1,clear,2,13,0,0.03,GREEN,539.5,3.0,0.13
2026-07-29 13:52:50,int-1,lane-S,1,29.7,1,clear,2,13,0,0.03,RED,0.0,3.0,0.03
2026-07-29 13:52:50,int-1,lane-E,0,29.7,0,clear,2,13,0,0.0,RED,0.0,3.0,0.0
2026-07-29 13:52:50,int-1,lane-W,0,29.7,0,clear,2,13,0,0.0,RED,0.0,3.0,0.0
2026-07-29 13:52:58,int-1,lane-N,4,0.5,1,clear,2,13,0,0.03,YELLOW,540.5,2.0,0.13
2026-07-29 13:52:58,int-1,lane-S,2,29.099999999999998,2,clear,2,13,0,0.07,RED,0.0,2.0,0.07
2026-07-29 13:52:58,int-1,lane-E,0,29.099999999999998,0,clear,2,13,0,0.0,RED,0.0,2.0,0.0
2026-07-29 13:52:58,int-1,lane-W,2,29.099999999999998,2,clear,2,13,0,0.07,RED,0.0,2.0,0.07
2026-07-29 13:53:09,int-1,lane-N,5,0.0,2,clear,2,13,0,0.07,RED,542.5,3.0,0.17
2026-07-29 13:53:09,int-1,lane-S,1,29.4,1,clear,2,13,0,0.03,RED,0.0,3.0,0.03
2026-07-29 13:53:09,int-1,lane-E,0,29.4,0,clear,2,13,0,0.0,RED,0.0,3.0,0.0
2026-07-29 13:53:09,int-1,lane-W,0,30.0,0,clear,2,13,0,0.0,GREEN,0.0,3.0,0.0
2026-07-29 13:53:21,int-1,lane-N,5,0.0,2,clear,2,13,0,0.07,RED,544.5,2.0,0.17
2026-07-29 13:53:21,int-1,lane-S,0,29.7,0,clear,2,13,0,0.0,RED,0.0,2.0,0.0
2026-07-29 13:53:21,int-1,lane-E,1,29.7,1,clear,2,13,0,0.03,RED,0.0,2.0,0.03
2026-07-29 13:53:21,int-1,lane-W,0,30.0,0,clear,2,13,0,0.0,YELLOW,0.0,2.0,0.0
2026-07-29 13:53:27,int-1,lane-N,2,1.5,0,clear,2,13,0,0.0,GREEN,545.5,6.0,0.07
2026-07-29 13:53:27,int-1,lane-S,1,29.099999999999998,1,clear,2,13,0,0.03,RED,0.0,6.0,0.03
2026-07-29 13:53:27,int-1,lane-E,1,29.099999999999998,1,clear,2,13,0,0.03,RED,0.0,6.0,0.03
2026-07-29 13:53:27,int-1,lane-W,0,29.099999999999998,0,clear,2,13,0,0.0,RED,0.0,6.0,0.0
2026-07-29 13:53:47,int-1,lane-N,3,1.0,0,clear,2,13,0,0.0,GREEN,547.5,4.0,0.1
2026-07-29 13:53:47,int-1,lane-S,0,29.4,0,clear,2,13,0,0.0,RED,0.0,4.0,0.0
2026-07-29 13:53:47,int-1,lane-E,2,29.4,2,clear,2,13,0,0.07,RED,0.0,4.0,0.07
2026-07-29 13:53:47,int-1,lane-W,0,29.4,0,clear,2,13,0,0.0,RED,0.0,4.0,0.0
2026-07-29 13:53:54,int-1,lane-N,5,0.0,2,clear,2,13,0,0.07,YELLOW,549.5,2.0,0.17
2026-07-29 13:53:54,int-1,lane-S,0,29.7,0,clear,2,13,0,0.0,RED,0.0,2.0,0.0
2026-07-29 13:53:54,int-1,lane-E,1,29.7,1,clear,2,13,0,0.03,RED,0.0,2.0,0.03
2026-07-29 13:53:54,int-1,lane-W,1,29.7,1,clear,2,13,0,0.03,RED,0.0,2.0,0.03
2026-07-29 13:54:01,int-1,lane-N,17,0.0,9,clear,2,13,0,0.3,RED,550.5,6.0,0.57
2026-07-29 13:54:01,int-1,lane-S,12,31.5,3,clear,2,13,0,0.1,GREEN,0.0,6.0,0.4
2026-07-29 13:54:01,int-1,lane-E,17,29.099999999999998,7,clear,2,13,0,0.23,RED,0.0,6.0,0.57
2026-07-29 13:54:01,int-1,lane-W,8,29.099999999999998,4,clear,2,13,0,0.13,RED,0.0,6.0,0.27
2026-07-29 13:54:08,int-1,lane-N,5,0.0,2,clear,2,13,0,0.07,RED,552.5,5.0,0.17
2026-07-29 13:54:08,int-1,lane-S,0,30.0,0,clear,2,13,0,0.0,GREEN,0.0,5.0,0.0
2026-07-29 13:54:08,int-1,lane-E,1,29.4,1,clear,2,13,0,0.03,RED,0.0,5.0,0.03
2026-07-29 13:54:08,int-1,lane-W,0,29.4,0,clear,2,13,0,0.0,RED,0.0,5.0,0.0
2026-07-29 13:54:17,int-1,lane-N,5,0.0,2,clear,2,13,0,0.07,RED,554.5,2.0,0.17
2026-07-29 13:54:17,int-1,lane-S,0,30.0,0,clear,2,13,0,0.0,GREEN,0.0,2.0,0.0
2026-07-29 13:54:17,int-1,lane-E,0,29.7,0,clear,2,13,0,0.0,RED,0.0,2.0,0.0
2026-07-29 13:54:17,int-1,lane-W,0,29.7,0,clear,2,13,0,0.0,RED,0.0,2.0,0.0
2026-07-29 13:54:24,int-1,lane-N,5,0.0,2,clear,2,13,0,0.07,RED,555.5,1.0,0.17
2026-07-29 13:54:24,int-1,lane-S,0,30.0,0,clear,2,13,0,0.0,YELLOW,0.0,1.0,0.0
2026-07-29 13:54:24,int-1,lane-E,2,29.099999999999998,2,clear,2,13,0,0.07,RED,0.0,1.0,0.07
2026-07-29 13:54:24,int-1,lane-W,1,29.099999999999998,1,clear,2,13,0,0.03,RED,0.0,1.0,0.03
2026-07-29 13:54:34,int-1,lane-N,3,1.0,0,clear,2,13,0,0.0,GREEN,557.5,6.0,0.1
2026-07-29 13:54:34,int-1,lane-S,1,29.4,1,clear,2,13,0,0.03,RED,0.0,6.0,0.03
2026-07-29 13:54:34,int-1,lane-E,2,29.4,2,clear,2,13,0,0.07,RED,0.0,6.0,0.07
2026-07-29 13:54:34,int-1,lane-W,1,29.4,1,clear,2,13,0,0.03,RED,0.0,6.0,0.03
2026-07-29 13:54:45,int-1,lane-N,4,0.5,1,clear,2,13,0,0.03,GREEN,559.5,4.0,0.13
2026-07-29 13:54:45,int-1,lane-S,0,29.7,0,clear,2,13,0,0.0,RED,0.0,4.0,0.0
2026-07-29 13:54:45,int-1,lane-E,0,29.7,0,clear,2,13,0,0.0,RED,0.0,4.0,0.0
2026-07-29 13:54:45,int-1,lane-W,1,29.7,1,clear,2,13,0,0.03,RED,0.0,4.0,0.03
2026-07-29 13:54:51,int-1,lane-N,2,1.5,0,clear,2,13,0,0.0,GREEN,560.5,1.0,0.07
2026-07-29 13:54:51,int-1,lane-S,1,29.099999999999998,1,clear,2,13,0,0.03,RED,0.0,1.0,0.03
2026-07-29 13:54:51,int-1,lane-E,1,29.099999999999998,1,clear,2,13,0,0.03,RED,0.0,1.0,0.03
2026-07-29 13:54:51,int-1,lane-W,1,29.099999999999998,1,clear,2,13,0,0.03,RED,0.0,1.0,0.03
2026-07-29 13:54:59,int-1,lane-N,13,0.0,5,clear,2,13,0,0.17,RED,562.5,6.0,0.43
2026-07-29 13:54:59,int-1,lane-S,10,31.0,3,clear,2,13,0,0.1,GREEN,0.0,6.0,0.33
2026-07-29 13:54:59,int-1,lane-E,20,29.4,9,clear,2,13,0,0.3,RED,0.0,6.0,0.67
2026-07-29 13:54:59,int-1,lane-W,8,29.4,4,clear,2,13,0,0.13,RED,0.0,6.0,0.27
2026-07-29 13:55:06,int-1,lane-N,5,0.0,2,clear,2,13,1,0.07,RED,564.5,4.0,0.17
2026-07-29 13:55:06,int-1,lane-S,0,30.0,0,clear,2,13,0,0.0,GREEN,0.0,4.0,0.0
2026-07-29 13:55:06,int-1,lane-E,1,29.7,1,clear,2,13,0,0.03,RED,0.0,4.0,0.03
2026-07-29 13:55:06,int-1,lane-W,0,29.7,0,clear,2,13,0,0.0,RED,0.0,4.0,0.0
2026-07-29 13:55:13,int-1,lane-N,5,0.0,2,clear,2,13,1,0.07,RED,565.5,1.0,0.17
2026-07-29 13:55:13,int-1,lane-S,0,30.0,0,clear,2,13,0,0.0,GREEN,0.0,1.0,0.0
2026-07-29 13:55:13,int-1,lane-E,1,29.099999999999998,1,clear,2,13,0,0.03,RED,0.0,1.0,0.03
2026-07-29 13:55:13,int-1,lane-W,2,29.099999999999998,2,clear,2,13,0,0.07,RED,0.0,1.0,0.07
2026-07-29 13:55:20,int-1,lane-N,9,1.0,2,clear,2,13,1,0.07,GREEN,567.5,6.0,0.3
2026-07-29 13:55:20,int-1,lane-S,12,29.4,5,clear,2,13,0,0.17,RED,0.0,6.0,0.4
2026-07-29 13:55:20,int-1,lane-E,18,29.4,8,clear,2,13,0,0.27,RED,0.0,6.0,0.6
2026-07-29 13:55:20,int-1,lane-W,9,29.4,5,clear,2,13,0,0.17,RED,0.0,6.0,0.3
2026-07-29 13:55:27,int-1,lane-N,4,0.5,1,clear,2,13,0,0.03,GREEN,569.5,4.0,0.13
2026-07-29 13:55:27,int-1,lane-S,0,29.7,0,clear,2,13,0,0.0,RED,0.0,4.0,0.0
2026-07-29 13:55:27,int-1,lane-E,1,29.7,1,clear,2,13,0,0.03,RED,0.0,4.0,0.03
2026-07-29 13:55:27,int-1,lane-W,0,29.7,0,clear,2,13,0,0.0,RED,0.0,4.0,0.0
2026-07-29 13:55:33,int-1,lane-N,3,1.0,0,clear,2,13,0,0.0,YELLOW,570.5,2.0,0.1
2026-07-29 13:55:33,int-1,lane-S,1,29.099999999999998,1,clear,2,13,0,0.03,RED,0.0,2.0,0.03
2026-07-29 13:55:33,int-1,lane-E,2,29.099999999999998,2,clear,2,13,0,0.07,RED,0.0,2.0,0.07
2026-07-29 13:55:33,int-1,lane-W,1,29.099999999999998,1,clear,2,13,0,0.03,RED,0.0,2.0,0.03
2026-07-29 13:55:40,int-1,lane-N,5,0.0,2,clear,2,13,0,0.07,RED,572.5,6.0,0.17
2026-07-29 13:55:40,int-1,lane-S,0,30.0,0,clear,2,13,0,0.0,GREEN,0.0,6.0,0.0
2026-07-29 13:55:40,int-1,lane-E,0,29.4,0,clear,2,13,0,0.0,RED,0.0,6.0,0.0
2026-07-29 13:55:40,int-1,lane-W,0,29.4,0,clear,2,13,0,0.0,RED,0.0,6.0,0.0
2026-07-29 13:55:49,int-1,lane-N,5,0.0,2,clear,2,13,0,0.07,RED,574.5,4.0,0.17
2026-07-29 13:55:49,int-1,lane-S,0,30.0,0,clear,2,13,0,0.0,GREEN,0.0,4.0,0.0
2026-07-29 13:55:49,int-1,lane-E,0,29.7,0,clear,2,13,0,0.0,RED,0.0,4.0,0.0
2026-07-29 13:55:49,int-1,lane-W,1,29.7,1,clear,2,13,0,0.03,RED,0.0,4.0,0.03
2026-07-29 13:55:56,int-1,lane-N,5,0.0,2,clear,2,13,0,0.07,RED,575.5,2.0,0.17
2026-07-29 13:55:56,int-1,lane-S,0,30.0,0,clear,2,13,0,0.0,YELLOW,0.0,2.0,0.0
2026-07-29 13:55:56,int-1,lane-E,1,29.099999999999998,1,clear,2,13,0,0.03,RED,0.0,2.0,0.03
2026-07-29 13:55:56,int-1,lane-W,2,29.099999999999998,2,clear,2,13,0,0.07,RED,0.0,2.0,0.07
2026-07-29 13:56:03,int-1,lane-N,3,1.0,0,clear,2,13,0,0.0,GREEN,577.5,6.0,0.1
2026-07-29 13:56:03,int-1,lane-S,0,29.4,0,clear,2,13,0,0.0,RED,0.0,6.0,0.0
2026-07-29 13:56:03,int-1,lane-E,0,29.4,0,clear,2,13,0,0.0,RED,0.0,6.0,0.0
2026-07-29 13:56:03,int-1,lane-W,0,29.4,0,clear,2,13,0,0.0,RED,0.0,6.0,0.0
2026-07-29 13:56:11,int-1,lane-N,4,0.5,1,clear,2,13,0,0.03,GREEN,579.5,4.0,0.13
2026-07-29 13:56:11,int-1,lane-S,1,29.7,1,clear,2,13,0,0.03,RED,0.0,4.0,0.03
2026-07-29 13:56:11,int-1,lane-E,0,29.7,0,clear,2,13,0,0.0,RED,0.0,4.0,0.0
2026-07-29 13:56:11,int-1,lane-W,0,29.7,0,clear,2,13,0,0.0,RED,0.0,4.0,0.0
2026-07-29 13:56:17,int-1,lane-N,2,1.5,0,clear,2,13,0,0.0,GREEN,580.5,1.0,0.07
2026-07-29 13:56:17,int-1,lane-S,2,29.099999999999998,2,clear,2,13,0,0.07,RED,0.0,1.0,0.07
2026-07-29 13:56:17,int-1,lane-E,2,29.099999999999998,2,clear,2,13,0,0.07,RED,0.0,1.0,0.07
2026-07-29 13:56:17,int-1,lane-W,1,29.099999999999998,1,clear,2,13,0,0.03,RED,0.0,1.0,0.03
2026-07-29 13:56:24,int-1,lane-N,13,0.0,6,clear,2,13,0,0.2,RED,582.5,6.0,0.43
2026-07-29 13:56:24,int-1,lane-S,14,31.0,4,clear,2,13,0,0.13,GREEN,0.0,6.0,0.47
2026-07-29 13:56:24,int-1,lane-E,21,29.4,9,clear,2,13,0,0.3,RED,0.0,6.0,0.7
2026-07-29 13:56:24,int-1,lane-W,7,29.4,3,clear,2,13,0,0.1,RED,0.0,6.0,0.23
2026-07-29 13:56:31,int-1,lane-N,5,0.0,2,clear,2,13,0,0.07,RED,584.5,6.0,0.17
2026-07-29 13:56:31,int-1,lane-S,0,30.0,0,clear,2,13,0,0.0,GREEN,0.0,6.0,0.0
2026-07-29 13:56:31,int-1,lane-E,0,29.7,0,clear,2,13,0,0.0,RED,0.0,6.0,0.0
2026-07-29 13:56:31,int-1,lane-W,1,29.7,1,clear,2,13,0,0.03,RED,0.0,6.0,0.03
2026-07-29 13:56:38,int-1,lane-N,6,0.0,3,clear,2,13,0,0.1,RED,585.5,4.0,0.2
2026-07-29 13:56:38,int-1,lane-S,0,30.0,0,clear,2,13,0,0.0,GREEN,0.0,4.0,0.0
2026-07-29 13:56:38,int-1,lane-E,2,29.099999999999998,2,clear,2,13,0,0.07,RED,0.0,4.0,0.07
2026-07-29 13:56:38,int-1,lane-W,1,29.099999999999998,1,clear,2,13,0,0.03,RED,0.0,4.0,0.03
2026-07-29 13:56:51,int-1,lane-N,7,0.0,4,clear,2,13,0,0.13,RED,587.5,2.0,0.23
2026-07-29 13:56:51,int-1,lane-S,0,30.0,0,clear,2,13,0,0.0,YELLOW,0.0,2.0,0.0
2026-07-29 13:56:51,int-1,lane-E,1,29.4,1,clear,2,13,0,0.03,RED,0.0,2.0,0.03
2026-07-29 13:56:51,int-1,lane-W,2,29.4,2,clear,2,13,0,0.07,RED,0.0,2.0,0.07
2026-07-29 13:56:59,int-1,lane-N,4,0.5,1,clear,2,13,0,0.03,GREEN,589.5,6.0,0.13
2026-07-29 13:56:59,int-1,lane-S,0,29.7,0,clear,2,13,0,0.0,RED,0.0,6.0,0.0
2026-07-29 13:56:59,int-1,lane-E,0,29.7,0,clear,2,13,0,0.0,RED,0.0,6.0,0.0
2026-07-29 13:56:59,int-1,lane-W,0,29.7,0,clear,2,13,0,0.0,RED,0.0,6.0,0.0
2026-07-29 13:57:05,int-1,lane-N,2,1.5,0,clear,2,13,0,0.0,GREEN,590.5,5.0,0.07
2026-07-29 13:57:05,int-1,lane-S,1,29.099999999999998,1,clear,2,13,0,0.03,RED,0.0,5.0,0.03
2026-07-29 13:57:05,int-1,lane-E,1,29.099999999999998,1,clear,2,13,0,0.03,RED,0.0,5.0,0.03
2026-07-29 13:57:05,int-1,lane-W,0,29.099999999999998,0,clear,2,13,0,0.0,RED,0.0,5.0,0.0
2026-07-29 13:57:12,int-1,lane-N,3,1.0,0,clear,2,13,0,0.0,GREEN,592.5,2.0,0.1
2026-07-29 13:57:12,int-1,lane-S,0,29.4,0,clear,2,13,0,0.0,RED,0.0,2.0,0.0
2026-07-29 13:57:12,int-1,lane-E,1,29.4,1,clear,2,13,0,0.03,RED,0.0,2.0,0.03
2026-07-29 13:57:12,int-1,lane-W,2,29.4,2,clear,2,13,0,0.07,RED,0.0,2.0,0.07
2026-07-29 13:57:19,int-1,lane-N,14,0.0,6,clear,2,13,0,0.2,RED,594.5,6.0,0.47
2026-07-29 13:57:19,int-1,lane-S,13,30.5,5,clear,2,13,0,0.17,GREEN,0.0,6.0,0.43
2026-07-29 13:57:19,int-1,lane-E,23,29.7,9,clear,2,13,0,0.3,RED,0.0,6.0,0.77
2026-07-29 13:57:19,int-1,lane-W,7,29.7,3,clear,2,13,0,0.1,RED,0.0,6.0,0.23
2026-07-29 13:57:26,int-1,lane-N,7,0.0,4,clear,2,13,0,0.13,RED,595.5,6.0,0.23
2026-07-29 13:57:26,int-1,lane-S,0,30.0,0,clear,2,13,0,0.0,GREEN,0.0,6.0,0.0
2026-07-29 13:57:26,int-1,lane-E,1,29.099999999999998,1,clear,2,13,0,0.03,RED,0.0,6.0,0.03
2026-07-29 13:57:26,int-1,lane-W,1,29.099999999999998,1,clear,2,13,0,0.03,RED,0.0,6.0,0.03
2026-07-29 13:57:35,int-1,lane-N,5,0.0,2,clear,2,13,0,0.07,RED,597.5,3.0,0.17
2026-07-29 13:57:35,int-1,lane-S,0,30.0,0,clear,2,13,0,0.0,GREEN,0.0,3.0,0.0
2026-07-29 13:57:35,int-1,lane-E,2,29.4,2,clear,2,13,0,0.07,RED,0.0,3.0,0.07
2026-07-29 13:57:35,int-1,lane-W,1,29.4,1,clear,2,13,0,0.03,RED,0.0,3.0,0.03
2026-07-29 13:57:44,int-1,lane-N,6,0.0,3,clear,2,13,0,0.1,RED,599.5,2.0,0.2
2026-07-29 13:57:44,int-1,lane-S,0,30.0,0,clear,2,13,0,0.0,YELLOW,0.0,2.0,0.0
2026-07-29 13:57:44,int-1,lane-E,0,29.7,0,clear,2,13,0,0.0,RED,0.0,2.0,0.0
2026-07-29 13:57:44,int-1,lane-W,1,29.7,1,clear,2,13,0,0.03,RED,0.0,2.0,0.03
2026-07-29 13:57:50,int-1,lane-N,2,1.5,0,clear,2,13,0,0.0,GREEN,600.5,6.0,0.07
2026-07-29 13:57:50,int-1,lane-S,1,29.099999999999998,1,clear,2,13,0,0.03,RED,0.0,6.0,0.03
2026-07-29 13:57:50,int-1,lane-E,3,29.099999999999998,3,clear,2,13,0,0.1,RED,0.0,6.0,0.1
2026-07-29 13:57:50,int-1,lane-W,2,29.099999999999998,2,clear,2,13,0,0.07,RED,0.0,6.0,0.07
2026-07-29 13:57:59,int-1,lane-N,3,1.0,0,clear,2,13,0,0.0,GREEN,602.5,4.0,0.1
2026-07-29 13:57:59,int-1,lane-S,0,29.4,0,clear,2,13,0,0.0,RED,0.0,4.0,0.0
2026-07-29 13:57:59,int-1,lane-E,1,29.4,1,clear,2,13,0,0.03,RED,0.0,4.0,0.03
2026-07-29 13:57:59,int-1,lane-W,1,29.4,1,clear,2,13,0,0.03,RED,0.0,4.0,0.03
2026-07-29 13:58:06,int-1,lane-N,5,0.0,2,clear,2,13,0,0.07,YELLOW,604.5,2.0,0.17
2026-07-29 13:58:06,int-1,lane-S,0,29.7,0,clear,2,13,0,0.0,RED,0.0,2.0,0.0
2026-07-29 13:58:06,int-1,lane-E,0,29.7,0,clear,2,13,0,0.0,RED,0.0,2.0,0.0
2026-07-29 13:58:06,int-1,lane-W,0,29.7,0,clear,2,13,0,0.0,RED,0.0,2.0,0.0
2026-07-29 13:58:13,int-1,lane-N,15,0.0,7,clear,2,13,0,0.23,RED,605.5,6.0,0.5
2026-07-29 13:58:13,int-1,lane-S,12,31.5,3,clear,2,13,0,0.1,GREEN,0.0,6.0,0.4
2026-07-29 13:58:13,int-1,lane-E,23,29.099999999999998,11,clear,2,13,0,0.37,RED,0.0,6.0,0.77
2026-07-29 13:58:13,int-1,lane-W,9,29.099999999999998,5,clear,2,13,0,0.17,RED,0.0,6.0,0.3
2026-07-29 13:58:21,int-1,lane-N,5,0.0,2,clear,2,13,0,0.07,RED,607.5,5.0,0.17
2026-07-29 13:58:21,int-1,lane-S,0,30.0,0,clear,2,13,0,0.0,GREEN,0.0,5.0,0.0
2026-07-29 13:58:21,int-1,lane-E,1,29.4,1,clear,2,13,0,0.03,RED,0.0,5.0,0.03
2026-07-29 13:58:21,int-1,lane-W,1,29.4,1,clear,2,13,0,0.03,RED,0.0,5.0,0.03
2026-07-29 13:58:29,int-1,lane-N,5,0.0,2,clear,2,13,0,0.07,RED,609.5,2.0,0.17
2026-07-29 13:58:29,int-1,lane-S,0,30.0,0,clear,2,13,0,0.0,GREEN,0.0,2.0,0.0
2026-07-29 13:58:29,int-1,lane-E,0,29.7,0,clear,2,13,0,0.0,RED,0.0,2.0,0.0
2026-07-29 13:58:29,int-1,lane-W,1,29.7,1,clear,2,13,0,0.03,RED,0.0,2.0,0.03
2026-07-29 13:58:36,int-1,lane-N,8,0.0,5,clear,2,13,1,0.17,RED,610.5,1.0,0.27
2026-07-29 13:58:36,int-1,lane-S,0,30.0,0,clear,2,13,0,0.0,YELLOW,0.0,1.0,0.0
2026-07-29 13:58:36,int-1,lane-E,2,29.099999999999998,2,clear,2,13,0,0.07,RED,0.0,1.0,0.07
2026-07-29 13:58:36,int-1,lane-W,1,29.099999999999998,1,clear,2,13,0,0.03,RED,0.0,1.0,0.03
2026-07-29 13:58:43,int-1,lane-N,3,1.0,0,clear,2,13,1,0.0,GREEN,612.5,5.0,0.1
2026-07-29 13:58:43,int-1,lane-S,1,29.4,1,clear,2,13,0,0.03,RED,0.0,5.0,0.03
2026-07-29 13:58:43,int-1,lane-E,1,29.4,1,clear,2,13,0,0.03,RED,0.0,5.0,0.03
2026-07-29 13:58:43,int-1,lane-W,1,29.4,1,clear,2,13,0,0.03,RED,0.0,5.0,0.03
2026-07-29 13:58:51,int-1,lane-N,4,0.5,1,clear,2,13,1,0.03,GREEN,614.5,2.0,0.13
2026-07-29 13:58:51,int-1,lane-S,0,29.7,0,clear,2,13,0,0.0,RED,0.0,2.0,0.0
2026-07-29 13:58:51,int-1,lane-E,0,29.7,0,clear,2,13,0,0.0,RED,0.0,2.0,0.0
2026-07-29 13:58:51,int-1,lane-W,0,29.7,0,clear,2,13,0,0.0,RED,0.0,2.0,0.0
2026-07-29 13:59:01,int-1,lane-N,12,0.0,5,clear,2,13,0,0.17,RED,615.5,5.0,0.4
2026-07-29 13:59:01,int-1,lane-S,13,29.099999999999998,5,clear,2,13,0,0.17,RED,0.0,5.0,0.43
2026-07-29 13:59:01,int-1,lane-E,23,29.099999999999998,9,clear,2,13,0,0.3,RED,0.0,5.0,0.77
2026-07-29 13:59:01,int-1,lane-W,6,29.9,2,clear,2,13,0,0.07,GREEN,0.0,5.0,0.2
2026-07-29 13:59:08,int-1,lane-N,6,0.0,3,clear,2,13,0,0.1,RED,617.5,2.0,0.2
2026-07-29 13:59:08,int-1,lane-S,2,29.4,2,clear,2,13,0,0.07,RED,0.0,2.0,0.07
2026-07-29 13:59:08,int-1,lane-E,0,29.4,0,clear,2,13,0,0.0,RED,0.0,2.0,0.0
2026-07-29 13:59:08,int-1,lane-W,0,30.0,0,clear,2,13,0,0.0,GREEN,0.0,2.0,0.0
2026-07-29 13:59:17,int-1,lane-N,11,0.5,4,clear,2,13,1,0.13,GREEN,619.5,6.0,0.37
2026-07-29 13:59:17,int-1,lane-S,14,29.7,6,clear,2,13,0,0.2,RED,0.0,6.0,0.47
2026-07-29 13:59:17,int-1,lane-E,18,29.7,7,clear,2,13,0,0.23,RED,0.0,6.0,0.6
2026-07-29 13:59:17,int-1,lane-W,9,29.7,4,clear,2,13,0,0.13,RED,0.0,6.0,0.3
2026-07-29 13:59:23,int-1,lane-N,2,1.5,0,clear,2,13,1,0.0,GREEN,620.5,5.0,0.07
2026-07-29 13:59:23,int-1,lane-S,0,29.099999999999998,0,clear,2,13,0,0.0,RED,0.0,5.0,0.0
2026-07-29 13:59:23,int-1,lane-E,2,29.099999999999998,2,clear,2,13,0,0.07,RED,0.0,5.0,0.07
2026-07-29 13:59:23,int-1,lane-W,1,29.099999999999998,1,clear,2,13,0,0.03,RED,0.0,5.0,0.03
2026-07-29 13:59:31,int-1,lane-N,3,1.0,0,clear,2,13,1,0.0,GREEN,622.5,2.0,0.1
2026-07-29 13:59:31,int-1,lane-S,1,29.4,1,clear,2,13,0,0.03,RED,0.0,2.0,0.03
2026-07-29 13:59:31,int-1,lane-E,0,29.4,0,clear,2,13,0,0.0,RED,0.0,2.0,0.0
2026-07-29 13:59:31,int-1,lane-W,0,29.4,0,clear,2,13,0,0.0,RED,0.0,2.0,0.0
2026-07-29 13:59:38,int-1,lane-N,12,0.5,4,clear,2,13,1,0.13,GREEN,624.5,6.0,0.4
2026-07-29 13:59:38,int-1,lane-S,14,29.7,6,clear,2,13,0,0.2,RED,0.0,6.0,0.47
2026-07-29 13:59:38,int-1,lane-E,19,29.7,8,clear,2,13,0,0.27,RED,0.0,6.0,0.63
2026-07-29 13:59:38,int-1,lane-W,8,29.7,4,clear,2,13,0,0.13,RED,0.0,6.0,0.27
2026-07-29 13:59:44,int-1,lane-N,2,1.5,0,clear,2,13,1,0.0,GREEN,625.5,5.0,0.07
2026-07-29 13:59:44,int-1,lane-S,1,29.099999999999998,1,clear,2,13,0,0.03,RED,0.0,5.0,0.03
2026-07-29 13:59:44,int-1,lane-E,3,29.099999999999998,3,clear,2,13,0,0.1,RED,0.0,5.0,0.1
2026-07-29 13:59:44,int-1,lane-W,0,29.099999999999998,0,clear,2,13,0,0.0,RED,0.0,5.0,0.0
2026-07-29 13:59:51,int-1,lane-N,3,1.0,0,clear,2,13,0,0.0,GREEN,627.5,2.0,0.1
2026-07-29 13:59:51,int-1,lane-S,0,29.4,0,clear,2,13,0,0.0,RED,0.0,2.0,0.0
2026-07-29 13:59:51,int-1,lane-E,1,29.4,1,clear,2,13,0,0.03,RED,0.0,2.0,0.03
2026-07-29 13:59:51,int-1,lane-W,1,29.4,1,clear,2,13,0,0.03,RED,0.0,2.0,0.03
2026-07-29 13:59:59,int-1,lane-N,5,0.0,2,clear,2,13,0,0.07,YELLOW,629.5,1.0,0.17
2026-07-29 13:59:59,int-1,lane-S,0,29.7,0,clear,2,13,0,0.0,RED,0.0,1.0,0.0
2026-07-29 13:59:59,int-1,lane-E,1,29.7,1,clear,2,13,0,0.03,RED,0.0,1.0,0.03
2026-07-29 13:59:59,int-1,lane-W,0,29.7,0,clear,2,13,0,0.0,RED,0.0,1.0,0.0
2026-07-29 14:00:07,int-1,lane-N,6,0.0,3,clear,2,14,0,0.1,RED,630.5,6.0,0.2
2026-07-29 14:00:07,int-1,lane-S,1,29.099999999999998,1,clear,2,14,0,0.03,RED,0.0,6.0,0.03
2026-07-29 14:00:07,int-1,lane-E,0,30.0,0,clear,2,14,0,0.0,GREEN,0.0,6.0,0.0
2026-07-29 14:00:07,int-1,lane-W,0,29.099999999999998,0,clear,2,14,0,0.0,RED,0.0,6.0,0.0
2026-07-29 14:00:14,int-1,lane-N,5,0.0,2,clear,2,14,0,0.07,RED,632.5,5.0,0.17
2026-07-29 14:00:14,int-1,lane-S,0,29.4,0,clear,2,14,0,0.0,RED,0.0,5.0,0.0
2026-07-29 14:00:14,int-1,lane-E,0,30.0,0,clear,2,14,0,0.0,GREEN,0.0,5.0,0.0
2026-07-29 14:00:14,int-1,lane-W,2,29.4,2,clear,2,14,0,0.07,RED,0.0,5.0,0.07
2026-07-29 14:00:21,int-1,lane-N,5,0.0,2,clear,2,14,0,0.07,RED,634.5,2.0,0.17
2026-07-29 14:00:21,int-1,lane-S,1,29.7,1,clear,2,14,0,0.03,RED,0.0,2.0,0.03
2026-07-29 14:00:21,int-1,lane-E,0,30.0,0,clear,2,14,0,0.0,GREEN,0.0,2.0,0.0
2026-07-29 14:00:21,int-1,lane-W,1,29.7,1,clear,2,14,0,0.03,RED,0.0,2.0,0.03
2026-07-29 14:00:27,int-1,lane-N,7,0.0,4,clear,2,14,0,0.13,RED,635.5,1.0,0.23
2026-07-29 14:00:27,int-1,lane-S,1,29.099999999999998,1,clear,2,14,0,0.03,RED,0.0,1.0,0.03
2026-07-29 14:00:27,int-1,lane-E,0,30.0,0,clear,2,14,0,0.0,YELLOW,0.0,1.0,0.0
2026-07-29 14:00:27,int-1,lane-W,1,29.099999999999998,1,clear,2,14,0,0.03,RED,0.0,1.0,0.03
2026-07-29 14:00:35,int-1,lane-N,3,1.0,0,clear,2,14,0,0.0,GREEN,637.5,6.0,0.1
2026-07-29 14:00:35,int-1,lane-S,0,29.4,0,clear,2,14,0,0.0,RED,0.0,6.0,0.0
2026-07-29 14:00:35,int-1,lane-E,0,29.4,0,clear,2,14,0,0.0,RED,0.0,6.0,0.0
2026-07-29 14:00:35,int-1,lane-W,2,29.4,2,clear,2,14,0,0.07,RED,0.0,6.0,0.07
2026-07-29 14:00:43,int-1,lane-N,4,0.5,1,clear,2,14,0,0.03,GREEN,639.5,3.0,0.13
2026-07-29 14:00:43,int-1,lane-S,0,29.7,0,clear,2,14,0,0.0,RED,0.0,3.0,0.0
2026-07-29 14:00:43,int-1,lane-E,1,29.7,1,clear,2,14,0,0.03,RED,0.0,3.0,0.03
2026-07-29 14:00:43,int-1,lane-W,0,29.7,0,clear,2,14,0,0.0,RED,0.0,3.0,0.0
2026-07-29 14:00:49,int-1,lane-N,4,0.5,1,clear,2,14,0,0.03,YELLOW,640.5,2.0,0.13
2026-07-29 14:00:49,int-1,lane-S,3,29.099999999999998,3,clear,2,14,0,0.1,RED,0.0,2.0,0.1
2026-07-29 14:00:49,int-1,lane-E,1,29.099999999999998,1,clear,2,14,0,0.03,RED,0.0,2.0,0.03
2026-07-29 14:00:49,int-1,lane-W,2,29.099999999999998,2,clear,2,14,0,0.07,RED,0.0,2.0,0.07
2026-07-29 14:00:57,int-1,lane-N,7,0.0,4,clear,2,14,0,0.13,RED,642.5,7.0,0.23
2026-07-29 14:00:57,int-1,lane-S,1,29.4,1,clear,2,14,0,0.03,RED,0.0,7.0,0.03
2026-07-29 14:00:57,int-1,lane-E,0,30.0,0,clear,2,14,0,0.0,GREEN,0.0,7.0,0.0
2026-07-29 14:00:57,int-1,lane-W,2,29.4,2,clear,2,14,0,0.07,RED,0.0,7.0,0.07
2026-07-29 14:01:06,int-1,lane-N,5,0.0,2,clear,2,14,0,0.07,RED,644.5,6.0,0.17
2026-07-29 14:01:06,int-1,lane-S,1,29.7,1,clear,2,14,0,0.03,RED,0.0,6.0,0.03
2026-07-29 14:01:06,int-1,lane-E,0,30.0,0,clear,2,14,0,0.0,GREEN,0.0,6.0,0.0
2026-07-29 14:01:06,int-1,lane-W,0,29.7,0,clear,2,14,0,0.0,RED,0.0,6.0,0.0
2026-07-29 14:01:12,int-1,lane-N,6,0.0,3,clear,2,14,0,0.1,RED,645.5,6.0,0.2
2026-07-29 14:01:12,int-1,lane-S,0,29.099999999999998,0,clear,2,14,0,0.0,RED,0.0,6.0,0.0
2026-07-29 14:01:12,int-1,lane-E,0,30.0,0,clear,2,14,0,0.0,GREEN,0.0,6.0,0.0
2026-07-29 14:01:12,int-1,lane-W,3,29.099999999999998,3,clear,2,14,0,0.1,RED,0.0,6.0,0.1
2026-07-29 14:01:19,int-1,lane-N,5,0.0,2,clear,2,14,0,0.07,RED,647.5,4.0,0.17
2026-07-29 14:01:19,int-1,lane-S,2,29.4,2,clear,2,14,0,0.07,RED,0.0,4.0,0.07
2026-07-29 14:01:19,int-1,lane-E,0,30.0,0,clear,2,14,0,0.0,GREEN,0.0,4.0,0.0
2026-07-29 14:01:19,int-1,lane-W,0,29.4,0,clear,2,14,0,0.0,RED,0.0,4.0,0.0
2026-07-29 14:01:27,int-1,lane-N,5,0.0,2,clear,2,14,0,0.07,RED,649.5,2.0,0.17
2026-07-29 14:01:27,int-1,lane-S,0,29.7,0,clear,2,14,0,0.0,RED,0.0,2.0,0.0
2026-07-29 14:01:27,int-1,lane-E,0,30.0,0,clear,2,14,0,0.0,YELLOW,0.0,2.0,0.0
2026-07-29 14:01:27,int-1,lane-W,0,29.7,0,clear,2,14,0,0.0,RED,0.0,2.0,0.0
2026-07-29 14:01:33,int-1,lane-N,11,1.5,3,clear,2,14,0,0.1,GREEN,650.5,6.0,0.37
2026-07-29 14:01:33,int-1,lane-S,16,29.099999999999998,8,clear,2,14,0,0.27,RED,0.0,6.0,0.53
2026-07-29 14:01:33,int-1,lane-E,19,29.099999999999998,8,clear,2,14,0,0.27,RED,0.0,6.0,0.63
2026-07-29 14:01:33,int-1,lane-W,8,29.099999999999998,3,clear,2,14,0,0.1,RED,0.0,6.0,0.27
2026-07-29 14:01:40,int-1,lane-N,3,1.0,0,clear,2,14,0,0.0,GREEN,652.5,5.0,0.1
2026-07-29 14:01:40,int-1,lane-S,1,29.4,1,clear,2,14,0,0.03,RED,0.0,5.0,0.03
2026-07-29 14:01:40,int-1,lane-E,2,29.4,2,clear,2,14,0,0.07,RED,0.0,5.0,0.07
2026-07-29 14:01:40,int-1,lane-W,1,29.4,1,clear,2,14,0,0.03,RED,0.0,5.0,0.03
2026-07-29 14:01:47,int-1,lane-N,4,0.5,1,clear,2,14,0,0.03,GREEN,654.5,2.0,0.13
2026-07-29 14:01:47,int-1,lane-S,1,29.7,1,clear,2,14,0,0.03,RED,0.0,2.0,0.03
2026-07-29 14:01:47,int-1,lane-E,1,29.7,1,clear,2,14,0,0.03,RED,0.0,2.0,0.03
2026-07-29 14:01:47,int-1,lane-W,1,29.7,1,clear,2,14,0,0.03,RED,0.0,2.0,0.03
2026-07-29 14:01:53,int-1,lane-N,16,0.0,7,clear,2,14,0,0.23,RED,655.5,6.0,0.53
2026-07-29 14:01:53,int-1,lane-S,11,29.9,4,clear,2,14,0,0.13,GREEN,0.0,6.0,0.37
2026-07-29 14:01:53,int-1,lane-E,18,29.099999999999998,7,clear,2,14,0,0.23,RED,0.0,6.0,0.6
2026-07-29 14:01:53,int-1,lane-W,8,29.099999999999998,4,clear,2,14,0,0.13,RED,0.0,6.0,0.27
2026-07-29 14:02:01,int-1,lane-N,6,0.0,3,clear,2,14,0,0.1,RED,657.5,5.0,0.2
2026-07-29 14:02:01,int-1,lane-S,0,30.0,0,clear,2,14,0,0.0,GREEN,0.0,5.0,0.0
2026-07-29 14:02:01,int-1,lane-E,1,29.4,1,clear,2,14,0,0.03,RED,0.0,5.0,0.03
2026-07-29 14:02:01,int-1,lane-W,0,29.4,0,clear,2,14,0,0.0,RED,0.0,5.0,0.0
2026-07-29 14:02:08,int-1,lane-N,5,0.0,2,clear,2,14,0,0.07,RED,659.5,2.0,0.17
2026-07-29 14:02:08,int-1,lane-S,0,30.0,0,clear,2,14,0,0.0,GREEN,0.0,2.0,0.0
2026-07-29 14:02:08,int-1,lane-E,0,29.7,0,clear,2,14,0,0.0,RED,0.0,2.0,0.0
2026-07-29 14:02:08,int-1,lane-W,1,29.7,1,clear,2,14,0,0.03,RED,0.0,2.0,0.03
2026-07-29 14:02:15,int-1,lane-N,11,0.5,4,clear,2,14,0,0.13,GREEN,660.5,6.0,0.37
2026-07-29 14:02:15,int-1,lane-S,15,29.7,6,clear,2,14,0,0.2,RED,0.0,6.0,0.5
2026-07-29 14:02:15,int-1,lane-E,22,29.099999999999998,9,clear,2,14,0,0.3,RED,0.0,6.0,0.73
2026-07-29 14:02:15,int-1,lane-W,7,29.099999999999998,3,clear,2,14,0,0.1,RED,0.0,6.0,0.23
2026-07-29 14:02:22,int-1,lane-N,3,1.0,0,clear,2,14,0,0.0,GREEN,662.5,5.0,0.1
2026-07-29 14:02:22,int-1,lane-S,0,29.4,0,clear,2,14,0,0.0,RED,0.0,5.0,0.0
2026-07-29 14:02:22,int-1,lane-E,1,29.4,1,clear,2,14,0,0.03,RED,0.0,5.0,0.03
2026-07-29 14:02:22,int-1,lane-W,1,29.4,1,clear,2,14,0,0.03,RED,0.0,5.0,0.03
2026-07-29 14:02:29,int-1,lane-N,4,0.5,1,clear,2,14,0,0.03,GREEN,664.5,2.0,0.13
2026-07-29 14:02:29,int-1,lane-S,0,29.7,0,clear,2,14,0,0.0,RED,0.0,2.0,0.0
2026-07-29 14:02:29,int-1,lane-E,0,29.7,0,clear,2,14,0,0.0,RED,0.0,2.0,0.0
2026-07-29 14:02:29,int-1,lane-W,1,29.7,1,clear,2,14,0,0.03,RED,0.0,2.0,0.03
2026-07-29 14:02:35,int-1,lane-N,15,0.0,7,clear,2,14,0,0.23,RED,665.5,6.0,0.5
2026-07-29 14:02:35,int-1,lane-S,14,29.9,5,clear,2,14,0,0.17,GREEN,0.0,6.0,0.47
2026-07-29 14:02:35,int-1,lane-E,21,29.099999999999998,9,clear,2,14,0,0.3,RED,0.0,6.0,0.7
2026-07-29 14:02:35,int-1,lane-W,8,29.099999999999998,3,clear,2,14,0,0.1,RED,0.0,6.0,0.27
2026-07-29 14:02:42,int-1,lane-N,6,0.0,3,clear,2,14,0,0.1,RED,667.5,6.0,0.2
2026-07-29 14:02:42,int-1,lane-S,0,30.0,0,clear,2,14,0,0.0,GREEN,0.0,6.0,0.0
2026-07-29 14:02:42,int-1,lane-E,1,29.4,1,clear,2,14,0,0.03,RED,0.0,6.0,0.03
2026-07-29 14:02:42,int-1,lane-W,1,29.4,1,clear,2,14,0,0.03,RED,0.0,6.0,0.03
2026-07-29 14:02:50,int-1,lane-N,5,0.0,2,clear,2,14,0,0.07,RED,669.5,4.0,0.17
2026-07-29 14:02:50,int-1,lane-S,0,30.0,0,clear,2,14,0,0.0,GREEN,0.0,4.0,0.0
2026-07-29 14:02:50,int-1,lane-E,0,29.7,0,clear,2,14,0,0.0,RED,0.0,4.0,0.0
2026-07-29 14:02:50,int-1,lane-W,0,29.7,0,clear,2,14,0,0.0,RED,0.0,4.0,0.0
2026-07-29 14:02:57,int-1,lane-N,6,0.0,3,clear,2,14,0,0.1,RED,670.5,2.0,0.2
2026-07-29 14:02:57,int-1,lane-S,0,30.0,0,clear,2,14,0,0.0,YELLOW,0.0,2.0,0.0
2026-07-29 14:02:57,int-1,lane-E,1,29.099999999999998,1,clear,2,14,0,0.03,RED,0.0,2.0,0.03
2026-07-29 14:02:57,int-1,lane-W,2,29.099999999999998,2,clear,2,14,0,0.07,RED,0.0,2.0,0.07
2026-07-29 14:03:04,int-1,lane-N,3,1.0,0,clear,2,14,0,0.0,GREEN,672.5,6.0,0.1
2026-07-29 14:03:04,int-1,lane-S,1,29.4,1,clear,2,14,0,0.03,RED,0.0,6.0,0.03
2026-07-29 14:03:04,int-1,lane-E,2,29.4,2,clear,2,14,0,0.07,RED,0.0,6.0,0.07
2026-07-29 14:03:04,int-1,lane-W,1,29.4,1,clear,2,14,0,0.03,RED,0.0,6.0,0.03
2026-07-29 14:03:11,int-1,lane-N,4,0.5,1,clear,2,14,0,0.03,GREEN,674.5,3.0,0.13
2026-07-29 14:03:11,int-1,lane-S,1,29.7,1,clear,2,14,0,0.03,RED,0.0,3.0,0.03
2026-07-29 14:03:11,int-1,lane-E,0,29.7,0,clear,2,14,0,0.0,RED,0.0,3.0,0.0
2026-07-29 14:03:11,int-1,lane-W,1,29.7,1,clear,2,14,0,0.03,RED,0.0,3.0,0.03
2026-07-29 14:03:17,int-1,lane-N,4,0.5,1,clear,2,14,0,0.03,YELLOW,675.5,2.0,0.13
2026-07-29 14:03:17,int-1,lane-S,2,29.099999999999998,2,clear,2,14,0,0.07,RED,0.0,2.0,0.07
2026-07-29 14:03:17,int-1,lane-E,1,29.099999999999998,1,clear,2,14,0,0.03,RED,0.0,2.0,0.03
2026-07-29 14:03:17,int-1,lane-W,2,29.099999999999998,2,clear,2,14,0,0.07,RED,0.0,2.0,0.07
2026-07-29 14:03:24,int-1,lane-N,5,0.0,2,clear,2,14,0,0.07,RED,677.5,6.0,0.17
2026-07-29 14:03:24,int-1,lane-S,0,30.0,0,clear,2,14,0,0.0,GREEN,0.0,6.0,0.0
2026-07-29 14:03:24,int-1,lane-E,0,29.4,0,clear,2,14,0,0.0,RED,0.0,6.0,0.0
2026-07-29 14:03:24,int-1,lane-W,0,29.4,0,clear,2,14,0,0.0,RED,0.0,6.0,0.0
2026-07-29 14:03:32,int-1,lane-N,6,0.0,3,clear,2,14,0,0.1,RED,679.5,4.0,0.2
2026-07-29 14:03:32,int-1,lane-S,0,30.0,0,clear,2,14,0,0.0,GREEN,0.0,4.0,0.0
2026-07-29 14:03:32,int-1,lane-E,0,29.7,0,clear,2,14,0,0.0,RED,0.0,4.0,0.0
2026-07-29 14:03:32,int-1,lane-W,1,29.7,1,clear,2,14,0,0.03,RED,0.0,4.0,0.03
2026-07-29 14:03:40,int-1,lane-N,6,0.0,3,clear,2,14,0,0.1,RED,680.5,1.0,0.2
2026-07-29 14:03:40,int-1,lane-S,0,30.0,0,clear,2,14,0,0.0,GREEN,0.0,1.0,0.0
2026-07-29 14:03:40,int-1,lane-E,1,29.099999999999998,1,clear,2,14,0,0.03,RED,0.0,1.0,0.03
2026-07-29 14:03:40,int-1,lane-W,1,29.099999999999998,1,clear,2,14,0,0.03,RED,0.0,1.0,0.03
2026-07-29 14:03:47,int-1,lane-N,11,1.0,3,clear,2,14,1,0.1,GREEN,682.5,6.0,0.37
2026-07-29 14:03:47,int-1,lane-S,16,29.4,6,clear,2,14,0,0.2,RED,0.0,6.0,0.53
2026-07-29 14:03:47,int-1,lane-E,22,29.4,10,clear,2,14,0,0.33,RED,0.0,6.0,0.73
2026-07-29 14:03:47,int-1,lane-W,6,29.4,2,clear,2,14,0,0.07,RED,0.0,6.0,0.2
2026-07-29 14:03:54,int-1,lane-N,4,0.5,1,clear,2,14,1,0.03,GREEN,684.5,5.0,0.13
2026-07-29 14:03:54,int-1,lane-S,1,29.7,1,clear,2,14,0,0.03,RED,0.0,5.0,0.03
2026-07-29 14:03:54,int-1,lane-E,1,29.7,1,clear,2,14,0,0.03,RED,0.0,5.0,0.03
2026-07-29 14:03:54,int-1,lane-W,0,29.7,0,clear,2,14,0,0.0,RED,0.0,5.0,0.0
2026-07-29 14:04:00,int-1,lane-N,2,1.5,0,clear,2,14,1,0.0,GREEN,685.5,2.0,0.07
2026-07-29 14:04:00,int-1,lane-S,2,29.099999999999998,2,clear,2,14,0,0.07,RED,0.0,2.0,0.07
2026-07-29 14:04:00,int-1,lane-E,0,29.099999999999998,0,clear,2,14,0,0.0,RED,0.0,2.0,0.0
2026-07-29 14:04:00,int-1,lane-W,1,29.099999999999998,1,clear,2,14,0,0.03,RED,0.0,2.0,0.03
2026-07-29 14:04:09,int-1,lane-N,11,0.0,4,clear,2,14,0,0.13,RED,687.5,6.0,0.37
2026-07-29 14:04:09,int-1,lane-S,12,30.2,4,clear,2,14,0,0.13,GREEN,0.0,6.0,0.4
2026-07-29 14:04:09,int-1,lane-E,20,29.4,8,clear,2,14,0,0.27,RED,0.0,6.0,0.67
2026-07-29 14:04:09,int-1,lane-W,6,29.4,2,clear,2,14,0,0.07,RED,0.0,6.0,0.2
2026-07-29 14:04:16,int-1,lane-N,6,0.0,3,clear,2,14,0,0.1,RED,689.5,5.0,0.2
2026-07-29 14:04:16,int-1,lane-S,0,30.0,0,clear,2,14,0,0.0,GREEN,0.0,5.0,0.0
2026-07-29 14:04:16,int-1,lane-E,1,29.7,1,clear,2,14,0,0.03,RED,0.0,5.0,0.03
2026-07-29 14:04:16,int-1,lane-W,1,29.7,1,clear,2,14,0,0.03,RED,0.0,5.0,0.03
2026-07-29 14:04:22,int-1,lane-N,6,0.0,3,clear,2,14,0,0.1,RED,690.5,2.0,0.2
2026-07-29 14:04:22,int-1,lane-S,0,30.0,0,clear,2,14,0,0.0,GREEN,0.0,2.0,0.0
2026-07-29 14:04:22,int-1,lane-E,2,29.099999999999998,2,clear,2,14,0,0.07,RED,0.0,2.0,0.07
2026-07-29 14:04:22,int-1,lane-W,2,29.099999999999998,2,clear,2,14,0,0.07,RED,0.0,2.0,0.07
2026-07-29 14:04:32,int-1,lane-N,6,0.0,3,clear,2,14,0,0.1,RED,692.5,1.0,0.2
2026-07-29 14:04:32,int-1,lane-S,0,30.0,0,clear,2,14,0,0.0,YELLOW,0.0,1.0,0.0
2026-07-29 14:04:32,int-1,lane-E,1,29.4,1,clear,2,14,0,0.03,RED,0.0,1.0,0.03
2026-07-29 14:04:32,int-1,lane-W,2,29.4,2,clear,2,14,0,0.07,RED,0.0,1.0,0.07
2026-07-29 14:04:39,int-1,lane-N,4,0.5,1,clear,2,14,0,0.03,GREEN,694.5,5.0,0.13
2026-07-29 14:04:39,int-1,lane-S,0,29.7,0,clear,2,14,0,0.0,RED,0.0,5.0,0.0
2026-07-29 14:04:39,int-1,lane-E,0,29.7,0,clear,2,14,0,0.0,RED,0.0,5.0,0.0
2026-07-29 14:04:39,int-1,lane-W,1,29.7,1,clear,2,14,0,0.03,RED,0.0,5.0,0.03
2026-07-29 14:04:46,int-1,lane-N,2,1.5,0,clear,2,14,0,0.0,GREEN,695.5,2.0,0.07
2026-07-29 14:04:46,int-1,lane-S,1,29.099999999999998,1,clear,2,14,0,0.03,RED,0.0,2.0,0.03
2026-07-29 14:04:46,int-1,lane-E,2,29.099999999999998,2,clear,2,14,0,0.07,RED,0.0,2.0,0.07
2026-07-29 14:04:46,int-1,lane-W,1,29.099999999999998,1,clear,2,14,0,0.03,RED,0.0,2.0,0.03
2026-07-29 14:04:53,int-1,lane-N,5,0.0,2,clear,2,14,0,0.07,YELLOW,697.5,1.0,0.17
2026-07-29 14:04:53,int-1,lane-S,0,29.4,0,clear,2,14,0,0.0,RED,0.0,1.0,0.0
2026-07-29 14:04:53,int-1,lane-E,1,29.4,1,clear,2,14,0,0.03,RED,0.0,1.0,0.03
2026-07-29 14:04:53,int-1,lane-W,2,29.4,2,clear,2,14,0,0.07,RED,0.0,1.0,0.07
2026-07-29 14:05:00,int-1,lane-N,5,0.0,2,clear,2,14,0,0.07,RED,699.5,2.0,0.17
2026-07-29 14:05:00,int-1,lane-S,0,29.7,0,clear,2,14,0,0.0,RED,0.0,2.0,0.0
2026-07-29 14:05:00,int-1,lane-E,0,29.7,0,clear,2,14,0,0.0,RED,0.0,2.0,0.0
2026-07-29 14:05:00,int-1,lane-W,0,30.0,0,clear,2,14,0,0.0,GREEN,0.0,2.0,0.0
2026-07-29 14:05:07,int-1,lane-N,6,0.0,3,clear,2,14,0,0.1,RED,700.5,1.0,0.2
2026-07-29 14:05:07,int-1,lane-S,1,29.099999999999998,1,clear,2,14,0,0.03,RED,0.0,1.0,0.03
2026-07-29 14:05:07,int-1,lane-E,2,29.099999999999998,2,clear,2,14,0,0.07,RED,0.0,1.0,0.07
2026-07-29 14:05:07,int-1,lane-W,0,30.0,0,clear,2,14,0,0.0,YELLOW,0.0,1.0,0.0
2026-07-29 14:05:15,int-1,lane-N,3,1.0,0,clear,2,14,0,0.0,GREEN,702.5,5.0,0.1
2026-07-29 14:05:15,int-1,lane-S,2,29.4,2,clear,2,14,0,0.07,RED,0.0,5.0,0.07
2026-07-29 14:05:15,int-1,lane-E,0,29.4,0,clear,2,14,0,0.0,RED,0.0,5.0,0.0
2026-07-29 14:05:15,int-1,lane-W,2,29.4,2,clear,2,14,0,0.07,RED,0.0,5.0,0.07
2026-07-29 14:05:25,int-1,lane-N,4,0.5,1,clear,2,14,0,0.03,GREEN,704.5,2.0,0.13
2026-07-29 14:05:25,int-1,lane-S,1,29.7,1,clear,2,14,0,0.03,RED,0.0,2.0,0.03
2026-07-29 14:05:25,int-1,lane-E,0,29.7,0,clear,2,14,0,0.0,RED,0.0,2.0,0.0
2026-07-29 14:05:25,int-1,lane-W,1,29.7,1,clear,2,14,0,0.03,RED,0.0,2.0,0.03
2026-07-29 14:05:31,int-1,lane-N,5,0.0,2,clear,2,14,0,0.07,YELLOW,705.5,1.0,0.17
2026-07-29 14:05:31,int-1,lane-S,1,29.099999999999998,1,clear,2,14,0,0.03,RED,0.0,1.0,0.03
2026-07-29 14:05:31,int-1,lane-E,0,29.099999999999998,0,clear,2,14,0,0.0,RED,0.0,1.0,0.0
2026-07-29 14:05:31,int-1,lane-W,1,29.099999999999998,1,clear,2,14,0,0.03,RED,0.0,1.0,0.03
2026-07-29 14:05:38,int-1,lane-N,6,0.0,3,clear,2,14,0,0.1,RED,707.5,6.0,0.2
2026-07-29 14:05:38,int-1,lane-S,0,30.0,0,clear,2,14,0,0.0,GREEN,0.0,6.0,0.0
2026-07-29 14:05:38,int-1,lane-E,1,29.4,1,clear,2,14,0,0.03,RED,0.0,6.0,0.03
2026-07-29 14:05:38,int-1,lane-W,0,29.4,0,clear,2,14,0,0.0,RED,0.0,6.0,0.0
2026-07-29 14:05:45,int-1,lane-N,5,0.0,2,clear,2,14,1,0.07,RED,709.5,5.0,0.17
2026-07-29 14:05:45,int-1,lane-S,0,30.0,0,clear,2,14,0,0.0,GREEN,0.0,5.0,0.0
2026-07-29 14:05:45,int-1,lane-E,0,29.7,0,clear,2,14,0,0.0,RED,0.0,5.0,0.0
2026-07-29 14:05:45,int-1,lane-W,1,29.7,1,clear,2,14,0,0.03,RED,0.0,5.0,0.03
2026-07-29 14:05:53,int-1,lane-N,7,0.0,4,clear,2,14,1,0.13,RED,710.5,2.0,0.23
2026-07-29 14:05:53,int-1,lane-S,0,30.0,0,clear,2,14,0,0.0,GREEN,0.0,2.0,0.0
2026-07-29 14:05:53,int-1,lane-E,0,29.099999999999998,0,clear,2,14,0,0.0,RED,0.0,2.0,0.0
2026-07-29 14:05:53,int-1,lane-W,1,29.099999999999998,1,clear,2,14,0,0.03,RED,0.0,2.0,0.03
2026-07-29 14:06:00,int-1,lane-N,11,0.5,4,clear,2,14,1,0.13,GREEN,712.5,6.0,0.37
2026-07-29 14:06:00,int-1,lane-S,14,29.7,6,clear,2,14,0,0.2,RED,0.0,6.0,0.47
2026-07-29 14:06:00,int-1,lane-E,23,29.4,9,clear,2,14,0,0.3,RED,0.0,6.0,0.77
2026-07-29 14:06:00,int-1,lane-W,8,29.4,4,clear,2,14,0,0.13,RED,0.0,6.0,0.27
2026-07-29 14:06:08,int-1,lane-N,4,0.5,1,clear,2,14,0,0.03,GREEN,714.5,5.0,0.13
2026-07-29 14:06:08,int-1,lane-S,1,29.7,1,clear,2,14,0,0.03,RED,0.0,5.0,0.03
2026-07-29 14:06:08,int-1,lane-E,0,29.7,0,clear,2,14,0,0.0,RED,0.0,5.0,0.0
2026-07-29 14:06:08,int-1,lane-W,1,29.7,1,clear,2,14,0,0.03,RED,0.0,5.0,0.03
2026-07-29 14:06:14,int-1,lane-N,2,1.5,0,clear,2,14,0,0.0,GREEN,715.5,2.0,0.07
2026-07-29 14:06:14,int-1,lane-S,0,29.099999999999998,0,clear,2,14,0,0.0,RED,0.0,2.0,0.0
2026-07-29 14:06:14,int-1,lane-E,1,29.099999999999998,1,clear,2,14,0,0.03,RED,0.0,2.0,0.03
2026-07-29 14:06:14,int-1,lane-W,1,29.099999999999998,1,clear,2,14,0,0.03,RED,0.0,2.0,0.03
2026-07-29 14:06:21,int-1,lane-N,12,0.0,5,clear,2,14,0,0.17,RED,717.5,5.0,0.4
2026-07-29 14:06:21,int-1,lane-S,15,29.4,6,clear,2,14,0,0.2,RED,0.0,5.0,0.5
2026-07-29 14:06:21,int-1,lane-E,17,29.4,7,clear,2,14,0,0.23,RED,0.0,5.0,0.57
2026-07-29 14:06:21,int-1,lane-W,6,30.2,2,clear,2,14,0,0.07,GREEN,0.0,5.0,0.2
2026-07-29 14:06:29,int-1,lane-N,6,0.0,3,clear,2,14,0,0.1,RED,719.5,2.0,0.2
2026-07-29 14:06:29,int-1,lane-S,0,29.7,0,clear,2,14,0,0.0,RED,0.0,2.0,0.0
2026-07-29 14:06:29,int-1,lane-E,1,29.7,1,clear,2,14,0,0.03,RED,0.0,2.0,0.03
2026-07-29 14:06:29,int-1,lane-W,0,30.0,0,clear,2,14,0,0.0,GREEN,0.0,2.0,0.0
2026-07-29 14:06:35,int-1,lane-N,13,0.5,5,clear,2,14,0,0.17,GREEN,720.5,6.0,0.43
2026-07-29 14:06:35,int-1,lane-S,17,29.099999999999998,7,clear,2,14,0,0.23,RED,0.0,6.0,0.57
2026-07-29 14:06:35,int-1,lane-E,19,29.099999999999998,8,clear,2,14,0,0.27,RED,0.0,6.0,0.63
2026-07-29 14:06:35,int-1,lane-W,7,29.7,3,clear,2,14,0,0.1,RED,0.0,6.0,0.23
2026-07-29 14:06:41,int-1,lane-N,3,1.0,0,clear,2,14,0,0.0,GREEN,722.5,6.0,0.1
2026-07-29 14:06:41,int-1,lane-S,0,29.4,0,clear,2,14,0,0.0,RED,0.0,6.0,0.0
2026-07-29 14:06:41,int-1,lane-E,1,29.4,1,clear,2,14,0,0.03,RED,0.0,6.0,0.03
2026-07-29 14:06:41,int-1,lane-W,1,29.4,1,clear,2,14,0,0.03,RED,0.0,6.0,0.03
2026-07-29 14:06:48,int-1,lane-N,4,0.5,1,clear,2,14,0,0.03,GREEN,724.5,3.0,0.13
2026-07-29 14:06:48,int-1,lane-S,0,29.7,0,clear,2,14,0,0.0,RED,0.0,3.0,0.0
2026-07-29 14:06:48,int-1,lane-E,0,29.7,0,clear,2,14,0,0.0,RED,0.0,3.0,0.0
2026-07-29 14:06:48,int-1,lane-W,0,29.7,0,clear,2,14,0,0.0,RED,0.0,3.0,0.0
2026-07-29 14:06:54,int-1,lane-N,4,0.5,1,clear,2,14,0,0.03,YELLOW,725.5,2.0,0.13
2026-07-29 14:06:54,int-1,lane-S,1,29.099999999999998,1,clear,2,14,0,0.03,RED,0.0,2.0,0.03
2026-07-29 14:06:54,int-1,lane-E,1,29.099999999999998,1,clear,2,14,0,0.03,RED,0.0,2.0,0.03
2026-07-29 14:06:54,int-1,lane-W,0,29.099999999999998,0,clear,2,14,0,0.0,RED,0.0,2.0,0.0
2026-07-29 14:07:01,int-1,lane-N,6,0.0,3,clear,2,14,0,0.1,RED,727.5,6.0,0.2
2026-07-29 14:07:01,int-1,lane-S,0,30.0,0,clear,2,14,0,0.0,GREEN,0.0,6.0,0.0
2026-07-29 14:07:01,int-1,lane-E,1,29.4,1,clear,2,14,0,0.03,RED,0.0,6.0,0.03
2026-07-29 14:07:01,int-1,lane-W,1,29.4,1,clear,2,14,0,0.03,RED,0.0,6.0,0.03
2026-07-29 14:07:08,int-1,lane-N,5,0.0,2,clear,2,14,0,0.07,RED,729.5,3.0,0.17
2026-07-29 14:07:08,int-1,lane-S,0,30.0,0,clear,2,14,0,0.0,GREEN,0.0,3.0,0.0
2026-07-29 14:07:08,int-1,lane-E,1,29.7,1,clear,2,14,0,0.03,RED,0.0,3.0,0.03
2026-07-29 14:07:08,int-1,lane-W,0,29.7,0,clear,2,14,0,0.0,RED,0.0,3.0,0.0
2026-07-29 14:07:15,int-1,lane-N,5,0.0,2,clear,2,14,0,0.07,RED,730.5,2.0,0.17
2026-07-29 14:07:15,int-1,lane-S,0,30.0,0,clear,2,14,0,0.0,YELLOW,0.0,2.0,0.0
2026-07-29 14:07:15,int-1,lane-E,1,29.099999999999998,1,clear,2,14,0,0.03,RED,0.0,2.0,0.03
2026-07-29 14:07:15,int-1,lane-W,1,29.099999999999998,1,clear,2,14,0,0.03,RED,0.0,2.0,0.03
2026-07-29 14:07:22,int-1,lane-N,3,1.0,0,clear,2,14,0,0.0,GREEN,732.5,6.0,0.1
2026-07-29 14:07:22,int-1,lane-S,0,29.4,0,clear,2,14,0,0.0,RED,0.0,6.0,0.0
2026-07-29 14:07:22,int-1,lane-E,1,29.4,1,clear,2,14,0,0.03,RED,0.0,6.0,0.03
2026-07-29 14:07:22,int-1,lane-W,1,29.4,1,clear,2,14,0,0.03,RED,0.0,6.0,0.03
2026-07-29 14:07:29,int-1,lane-N,4,0.5,1,clear,2,14,0,0.03,GREEN,734.5,3.0,0.13
2026-07-29 14:07:29,int-1,lane-S,0,29.7,0,clear,2,14,0,0.0,RED,0.0,3.0,0.0
2026-07-29 14:07:29,int-1,lane-E,1,29.7,1,clear,2,14,0,0.03,RED,0.0,3.0,0.03
2026-07-29 14:07:29,int-1,lane-W,0,29.7,0,clear,2,14,0,0.0,RED,0.0,3.0,0.0
2026-07-29 14:07:35,int-1,lane-N,4,0.5,1,clear,2,14,0,0.03,YELLOW,735.5,2.0,0.13
2026-07-29 14:07:35,int-1,lane-S,2,29.099999999999998,2,clear,2,14,0,0.07,RED,0.0,2.0,0.07
2026-07-29 14:07:35,int-1,lane-E,1,29.099999999999998,1,clear,2,14,0,0.03,RED,0.0,2.0,0.03
2026-07-29 14:07:35,int-1,lane-W,1,29.099999999999998,1,clear,2,14,0,0.03,RED,0.0,2.0,0.03
2026-07-29 14:07:42,int-1,lane-N,6,0.0,3,clear,2,14,0,0.1,RED,737.5,6.0,0.2
2026-07-29 14:07:42,int-1,lane-S,0,30.0,0,clear,2,14,0,0.0,GREEN,0.0,6.0,0.0
2026-07-29 14:07:42,int-1,lane-E,0,29.4,0,clear,2,14,0,0.0,RED,0.0,6.0,0.0
2026-07-29 14:07:42,int-1,lane-W,2,29.4,2,clear,2,14,0,0.07,RED,0.0,6.0,0.07
2026-07-29 14:07:49,int-1,lane-N,6,0.0,3,clear,2,14,0,0.1,RED,739.5,3.0,0.2
2026-07-29 14:07:49,int-1,lane-S,0,30.0,0,clear,2,14,0,0.0,GREEN,0.0,3.0,0.0
2026-07-29 14:07:49,int-1,lane-E,1,29.7,1,clear,2,14,0,0.03,RED,0.0,3.0,0.03
2026-07-29 14:07:49,int-1,lane-W,0,29.7,0,clear,2,14,0,0.0,RED,0.0,3.0,0.0
2026-07-29 14:07:56,int-1,lane-N,6,0.0,3,clear,2,14,0,0.1,RED,740.5,2.0,0.2
2026-07-29 14:07:56,int-1,lane-S,0,30.0,0,clear,2,14,0,0.0,YELLOW,0.0,2.0,0.0
2026-07-29 14:07:56,int-1,lane-E,1,29.099999999999998,1,clear,2,14,0,0.03,RED,0.0,2.0,0.03
2026-07-29 14:07:56,int-1,lane-W,3,29.099999999999998,3,clear,2,14,0,0.1,RED,0.0,2.0,0.1
2026-07-29 14:08:02,int-1,lane-N,3,1.0,0,clear,2,14,0,0.0,GREEN,742.5,6.0,0.1
2026-07-29 14:08:02,int-1,lane-S,0,29.4,0,clear,2,14,0,0.0,RED,0.0,6.0,0.0
2026-07-29 14:08:02,int-1,lane-E,1,29.4,1,clear,2,14,0,0.03,RED,0.0,6.0,0.03
2026-07-29 14:08:02,int-1,lane-W,1,29.4,1,clear,2,14,0,0.03,RED,0.0,6.0,0.03
2026-07-29 14:08:09,int-1,lane-N,4,0.5,1,clear,2,14,0,0.03,GREEN,744.5,4.0,0.13
2026-07-29 14:08:09,int-1,lane-S,0,29.7,0,clear,2,14,0,0.0,RED,0.0,4.0,0.0
2026-07-29 14:08:09,int-1,lane-E,0,29.7,0,clear,2,14,0,0.0,RED,0.0,4.0,0.0
2026-07-29 14:08:09,int-1,lane-W,1,29.7,1,clear,2,14,0,0.03,RED,0.0,4.0,0.03
2026-07-29 14:08:16,int-1,lane-N,3,1.0,0,clear,2,14,0,0.0,YELLOW,745.5,2.0,0.1
2026-07-29 14:08:16,int-1,lane-S,1,29.099999999999998,1,clear,2,14,0,0.03,RED,0.0,2.0,0.03
2026-07-29 14:08:16,int-1,lane-E,1,29.099999999999998,1,clear,2,14,0,0.03,RED,0.0,2.0,0.03
2026-07-29 14:08:16,int-1,lane-W,1,29.099999999999998,1,clear,2,14,0,0.03,RED,0.0,2.0,0.03
2026-07-29 14:08:24,int-1,lane-N,3,1.0,0,clear,2,14,1,0.0,GREEN,747.5,6.0,0.1
2026-07-29 14:08:24,int-1,lane-S,0,29.4,0,clear,2,14,0,0.0,RED,0.0,6.0,0.0
2026-07-29 14:08:24,int-1,lane-E,1,29.4,1,clear,2,14,0,0.03,RED,0.0,6.0,0.03
2026-07-29 14:08:24,int-1,lane-W,1,29.4,1,clear,2,14,0,0.03,RED,0.0,6.0,0.03
2026-07-29 14:08:30,int-1,lane-N,4,0.5,1,clear,2,14,1,0.03,GREEN,749.5,5.0,0.13
2026-07-29 14:08:30,int-1,lane-S,1,29.7,1,clear,2,14,0,0.03,RED,0.0,5.0,0.03
2026-07-29 14:08:30,int-1,lane-E,0,29.7,0,clear,2,14,0,0.0,RED,0.0,5.0,0.0
2026-07-29 14:08:30,int-1,lane-W,0,29.7,0,clear,2,14,0,0.0,RED,0.0,5.0,0.0
2026-07-29 14:08:36,int-1,lane-N,2,1.5,0,clear,2,14,1,0.0,GREEN,750.5,2.0,0.07
2026-07-29 14:08:36,int-1,lane-S,1,29.099999999999998,1,clear,2,14,0,0.03,RED,0.0,2.0,0.03
2026-07-29 14:08:36,int-1,lane-E,2,29.099999999999998,2,clear,2,14,0,0.07,RED,0.0,2.0,0.07
2026-07-29 14:08:36,int-1,lane-W,2,29.099999999999998,2,clear,2,14,0,0.07,RED,0.0,2.0,0.07
2026-07-29 14:08:43,int-1,lane-N,13,0.0,6,clear,2,14,0,0.2,RED,752.5,6.0,0.43
2026-07-29 14:08:43,int-1,lane-S,15,30.2,5,clear,2,14,0,0.17,GREEN,0.0,6.0,0.5
2026-07-29 14:08:43,int-1,lane-E,20,29.4,9,clear,2,14,0,0.3,RED,0.0,6.0,0.67
2026-07-29 14:08:43,int-1,lane-W,6,29.4,2,clear,2,14,0,0.07,RED,0.0,6.0,0.2
2026-07-29 14:08:50,int-1,lane-N,6,0.0,3,clear,2,14,0,0.1,RED,754.5,6.0,0.2
2026-07-29 14:08:50,int-1,lane-S,0,30.0,0,clear,2,14,0,0.0,GREEN,0.0,6.0,0.0
2026-07-29 14:08:50,int-1,lane-E,0,29.7,0,clear,2,14,0,0.0,RED,0.0,6.0,0.0
2026-07-29 14:08:50,int-1,lane-W,0,29.7,0,clear,2,14,0,0.0,RED,0.0,6.0,0.0
2026-07-29 14:08:56,int-1,lane-N,5,0.0,2,clear,2,14,0,0.07,RED,755.5,4.0,0.17
2026-07-29 14:08:56,int-1,lane-S,0,30.0,0,clear,2,14,0,0.0,GREEN,0.0,4.0,0.0
2026-07-29 14:08:56,int-1,lane-E,1,29.099999999999998,1,clear,2,14,0,0.03,RED,0.0,4.0,0.03
2026-07-29 14:08:56,int-1,lane-W,1,29.099999999999998,1,clear,2,14,0,0.03,RED,0.0,4.0,0.03
2026-07-29 14:09:04,int-1,lane-N,5,0.0,2,clear,2,14,0,0.07,RED,757.5,1.0,0.17
2026-07-29 14:09:04,int-1,lane-S,0,30.0,0,clear,2,14,0,0.0,GREEN,0.0,1.0,0.0
2026-07-29 14:09:04,int-1,lane-E,0,29.4,0,clear,2,14,0,0.0,RED,0.0,1.0,0.0
2026-07-29 14:09:04,int-1,lane-W,2,29.4,2,clear,2,14,0,0.07,RED,0.0,1.0,0.07
2026-07-29 14:09:12,int-1,lane-N,4,0.5,1,clear,2,14,0,0.03,GREEN,759.5,6.0,0.13
2026-07-29 14:09:12,int-1,lane-S,0,29.7,0,clear,2,14,0,0.0,RED,0.0,6.0,0.0
2026-07-29 14:09:12,int-1,lane-E,1,29.7,1,clear,2,14,0,0.03,RED,0.0,6.0,0.03
2026-07-29 14:09:12,int-1,lane-W,0,29.7,0,clear,2,14,0,0.0,RED,0.0,6.0,0.0
2026-07-29 14:09:19,int-1,lane-N,2,1.5,0,clear,2,14,0,0.0,GREEN,760.5,5.0,0.07
2026-07-29 14:09:19,int-1,lane-S,1,29.099999999999998,1,clear,2,14,0,0.03,RED,0.0,5.0,0.03
2026-07-29 14:09:19,int-1,lane-E,1,29.099999999999998,1,clear,2,14,0,0.03,RED,0.0,5.0,0.03
2026-07-29 14:09:19,int-1,lane-W,2,29.099999999999998,2,clear,2,14,0,0.07,RED,0.0,5.0,0.07
2026-07-29 14:09:27,int-1,lane-N,3,1.0,0,clear,2,14,0,0.0,GREEN,762.5,2.0,0.1
2026-07-29 14:09:27,int-1,lane-S,0,29.4,0,clear,2,14,0,0.0,RED,0.0,2.0,0.0
2026-07-29 14:09:27,int-1,lane-E,1,29.4,1,clear,2,14,0,0.03,RED,0.0,2.0,0.03
2026-07-29 14:09:27,int-1,lane-W,0,29.4,0,clear,2,14,0,0.0,RED,0.0,2.0,0.0
2026-07-29 14:09:34,int-1,lane-N,12,0.0,5,clear,2,14,0,0.17,RED,764.5,6.0,0.4
2026-07-29 14:09:34,int-1,lane-S,12,30.5,4,clear,2,14,0,0.13,GREEN,0.0,6.0,0.4
2026-07-29 14:09:34,int-1,lane-E,23,29.7,9,clear,2,14,0,0.3,RED,0.0,6.0,0.77
2026-07-29 14:09:34,int-1,lane-W,8,29.7,4,clear,2,14,0,0.13,RED,0.0,6.0,0.27
2026-07-29 14:09:40,int-1,lane-N,7,0.0,4,clear,2,14,0,0.13,RED,765.5,5.0,0.23
2026-07-29 14:09:40,int-1,lane-S,0,30.0,0,clear,2,14,0,0.0,GREEN,0.0,5.0,0.0
2026-07-29 14:09:40,int-1,lane-E,3,29.099999999999998,3,clear,2,14,0,0.1,RED,0.0,5.0,0.1
2026-07-29 14:09:40,int-1,lane-W,1,29.099999999999998,1,clear,2,14,0,0.03,RED,0.0,5.0,0.03
2026-07-29 14:09:47,int-1,lane-N,5,0.0,2,clear,2,14,0,0.07,RED,767.5,2.0,0.17
2026-07-29 14:09:47,int-1,lane-S,0,30.0,0,clear,2,14,0,0.0,GREEN,0.0,2.0,0.0
2026-07-29 14:09:47,int-1,lane-E,1,29.4,1,clear,2,14,0,0.03,RED,0.0,2.0,0.03
2026-07-29 14:09:47,int-1,lane-W,1,29.4,1,clear,2,14,0,0.03,RED,0.0,2.0,0.03
2026-07-29 14:09:55,int-1,lane-N,5,0.0,2,clear,2,14,0,0.07,RED,769.5,1.0,0.17
2026-07-29 14:09:55,int-1,lane-S,0,30.0,0,clear,2,14,0,0.0,YELLOW,0.0,1.0,0.0
2026-07-29 14:09:55,int-1,lane-E,1,29.7,1,clear,2,14,0,0.03,RED,0.0,1.0,0.03
2026-07-29 14:09:55,int-1,lane-W,0,29.7,0,clear,2,14,0,0.0,RED,0.0,1.0,0.0
2026-07-29 14:10:01,int-1,lane-N,2,1.5,0,clear,2,14,0,0.0,GREEN,770.5,6.0,0.07
2026-07-29 14:10:01,int-1,lane-S,1,29.099999999999998,1,clear,2,14,0,0.03,RED,0.0,6.0,0.03
2026-07-29 14:10:01,int-1,lane-E,1,29.099999999999998,1,clear,2,14,0,0.03,RED,0.0,6.0,0.03
2026-07-29 14:10:01,int-1,lane-W,2,29.099999999999998,2,clear,2,14,0,0.07,RED,0.0,6.0,0.07
2026-07-29 14:10:08,int-1,lane-N,3,1.0,0,clear,2,14,0,0.0,GREEN,772.5,4.0,0.1
2026-07-29 14:10:08,int-1,lane-S,1,29.4,1,clear,2,14,0,0.03,RED,0.0,4.0,0.03
2026-07-29 14:10:08,int-1,lane-E,0,29.4,0,clear,2,14,0,0.0,RED,0.0,4.0,0.0
2026-07-29 14:10:08,int-1,lane-W,0,29.4,0,clear,2,14,0,0.0,RED,0.0,4.0,0.0
2026-07-29 14:10:15,int-1,lane-N,4,0.5,1,clear,2,14,1,0.03,GREEN,774.5,1.0,0.13
2026-07-29 14:10:15,int-1,lane-S,0,29.7,0,clear,2,14,0,0.0,RED,0.0,1.0,0.0
2026-07-29 14:10:15,int-1,lane-E,0,29.7,0,clear,2,14,0,0.0,RED,0.0,1.0,0.0
2026-07-29 14:10:15,int-1,lane-W,0,29.7,0,clear,2,14,0,0.0,RED,0.0,1.0,0.0
2026-07-29 14:10:21,int-1,lane-N,10,1.0,3,clear,2,14,1,0.1,GREEN,775.5,6.0,0.33
2026-07-29 14:10:21,int-1,lane-S,15,29.099999999999998,6,clear,2,14,0,0.2,RED,0.0,6.0,0.5
2026-07-29 14:10:21,int-1,lane-E,24,29.099999999999998,11,clear,2,14,0,0.37,RED,0.0,6.0,0.8
2026-07-29 14:10:21,int-1,lane-W,7,29.099999999999998,3,clear,2,14,0,0.1,RED,0.0,6.0,0.23
2026-07-29 14:10:29,int-1,lane-N,3,1.0,0,clear,2,14,1,0.0,GREEN,777.5,4.0,0.1
2026-07-29 14:10:29,int-1,lane-S,2,29.4,2,clear,2,14,0,0.07,RED,0.0,4.0,0.07
2026-07-29 14:10:29,int-1,lane-E,1,29.4,1,clear,2,14,0,0.03,RED,0.0,4.0,0.03
2026-07-29 14:10:29,int-1,lane-W,1,29.4,1,clear,2,14,0,0.03,RED,0.0,4.0,0.03
2026-07-29 14:10:38,int-1,lane-N,4,0.5,1,clear,2,14,0,0.03,GREEN,779.5,1.0,0.13
2026-07-29 14:10:38,int-1,lane-S,0,29.7,0,clear,2,14,0,0.0,RED,0.0,1.0,0.0
2026-07-29 14:10:38,int-1,lane-E,0,29.7,0,clear,2,14,0,0.0,RED,0.0,1.0,0.0
2026-07-29 14:10:38,int-1,lane-W,1,29.7,1,clear,2,14,0,0.03,RED,0.0,1.0,0.03
2026-07-29 14:10:44,int-1,lane-N,14,0.0,6,clear,2,14,0,0.2,RED,780.5,6.0,0.47
2026-07-29 14:10:44,int-1,lane-S,17,29.099999999999998,7,clear,2,14,0,0.23,RED,0.0,6.0,0.57
2026-07-29 14:10:44,int-1,lane-E,18,30.7,6,clear,2,14,0,0.2,GREEN,0.0,6.0,0.6
2026-07-29 14:10:44,int-1,lane-W,9,29.099999999999998,5,clear,2,14,0,0.17,RED,0.0,6.0,0.3
2026-07-29 14:10:51,int-1,lane-N,6,0.0,3,clear,2,14,0,0.1,RED,782.5,6.0,0.2
2026-07-29 14:10:51,int-1,lane-S,0,29.4,0,clear,2,14,0,0.0,RED,0.0,6.0,0.0
2026-07-29 14:10:51,int-1,lane-E,0,30.0,0,clear,2,14,0,0.0,GREEN,0.0,6.0,0.0
2026-07-29 14:10:51,int-1,lane-W,1,29.4,1,clear,2,14,0,0.03,RED,0.0,6.0,0.03
2026-07-29 14:10:58,int-1,lane-N,5,0.0,2,clear,2,14,0,0.07,RED,784.5,6.0,0.17
2026-07-29 14:10:58,int-1,lane-S,1,29.7,1,clear,2,14,0,0.03,RED,0.0,6.0,0.03
2026-07-29 14:10:58,int-1,lane-E,0,30.0,0,clear,2,14,0,0.0,GREEN,0.0,6.0,0.0
2026-07-29 14:10:58,int-1,lane-W,1,29.7,1,clear,2,14,0,0.03,RED,0.0,6.0,0.03
2026-07-29 14:11:04,int-1,lane-N,5,0.0,2,clear,2,14,0,0.07,RED,785.5,3.0,0.17
2026-07-29 14:11:04,int-1,lane-S,2,29.099999999999998,2,clear,2,14,0,0.07,RED,0.0,3.0,0.07
2026-07-29 14:11:04,int-1,lane-E,0,30.0,0,clear,2,14,0,0.0,GREEN,0.0,3.0,0.0
2026-07-29 14:11:04,int-1,lane-W,2,29.099999999999998,2,clear,2,14,0,0.07,RED,0.0,3.0,0.07
2026-07-29 14:11:11,int-1,lane-N,6,0.0,3,clear,2,14,0,0.1,RED,787.5,2.0,0.2
2026-07-29 14:11:11,int-1,lane-S,2,29.4,2,clear,2,14,0,0.07,RED,0.0,2.0,0.07
2026-07-29 14:11:11,int-1,lane-E,0,30.0,0,clear,2,14,0,0.0,YELLOW,0.0,2.0,0.0
2026-07-29 14:11:11,int-1,lane-W,1,29.4,1,clear,2,14,0,0.03,RED,0.0,2.0,0.03
2026-07-29 14:11:18,int-1,lane-N,4,0.5,1,clear,2,14,0,0.03,GREEN,789.5,6.0,0.13
2026-07-29 14:11:18,int-1,lane-S,1,29.7,1,clear,2,14,0,0.03,RED,0.0,6.0,0.03
2026-07-29 14:11:18,int-1,lane-E,0,29.7,0,clear,2,14,0,0.0,RED,0.0,6.0,0.0
2026-07-29 14:11:18,int-1,lane-W,0,29.7,0,clear,2,14,0,0.0,RED,0.0,6.0,0.0
2026-07-29 14:11:25,int-1,lane-N,2,1.5,0,clear,2,14,0,0.0,GREEN,790.5,3.0,0.07
2026-07-29 14:11:25,int-1,lane-S,2,29.099999999999998,2,clear,2,14,0,0.07,RED,0.0,3.0,0.07
2026-07-29 14:11:25,int-1,lane-E,3,29.099999999999998,3,clear,2,14,0,0.1,RED,0.0,3.0,0.1
2026-07-29 14:11:25,int-1,lane-W,1,29.099999999999998,1,clear,2,14,0,0.03,RED,0.0,3.0,0.03
2026-07-29 14:11:32,int-1,lane-N,5,0.0,2,clear,2,14,0,0.07,YELLOW,792.5,2.0,0.17
2026-07-29 14:11:32,int-1,lane-S,0,29.4,0,clear,2,14,0,0.0,RED,0.0,2.0,0.0
2026-07-29 14:11:32,int-1,lane-E,1,29.4,1,clear,2,14,0,0.03,RED,0.0,2.0,0.03
2026-07-29 14:11:32,int-1,lane-W,1,29.4,1,clear,2,14,0,0.03,RED,0.0,2.0,0.03
2026-07-29 14:11:39,int-1,lane-N,6,0.0,3,clear,2,14,0,0.1,RED,794.5,6.0,0.2
2026-07-29 14:11:39,int-1,lane-S,0,30.0,0,clear,2,14,0,0.0,GREEN,0.0,6.0,0.0
2026-07-29 14:11:39,int-1,lane-E,0,29.7,0,clear,2,14,0,0.0,RED,0.0,6.0,0.0
2026-07-29 14:11:39,int-1,lane-W,0,29.7,0,clear,2,14,0,0.0,RED,0.0,6.0,0.0
2026-07-29 14:11:45,int-1,lane-N,6,0.0,3,clear,2,14,0,0.1,RED,795.5,4.0,0.2
2026-07-29 14:11:45,int-1,lane-S,0,30.0,0,clear,2,14,0,0.0,GREEN,0.0,4.0,0.0
2026-07-29 14:11:45,int-1,lane-E,0,29.099999999999998,0,clear,2,14,0,0.0,RED,0.0,4.0,0.0
2026-07-29 14:11:45,int-1,lane-W,1,29.099999999999998,1,clear,2,14,0,0.03,RED,0.0,4.0,0.03
2026-07-29 14:11:51,int-1,lane-N,5,0.0,2,clear,2,14,0,0.07,RED,797.5,1.0,0.17
2026-07-29 14:11:51,int-1,lane-S,0,30.0,0,clear,2,14,0,0.0,GREEN,0.0,1.0,0.0
2026-07-29 14:11:51,int-1,lane-E,1,29.4,1,clear,2,14,0,0.03,RED,0.0,1.0,0.03
2026-07-29 14:11:51,int-1,lane-W,0,29.4,0,clear,2,14,0,0.0,RED,0.0,1.0,0.0
2026-07-29 14:11:59,int-1,lane-N,4,0.5,1,clear,2,14,0,0.03,GREEN,799.5,6.0,0.13
2026-07-29 14:11:59,int-1,lane-S,1,29.7,1,clear,2,14,0,0.03,RED,0.0,6.0,0.03
2026-07-29 14:11:59,int-1,lane-E,0,29.7,0,clear,2,14,0,0.0,RED,0.0,6.0,0.0
2026-07-29 14:11:59,int-1,lane-W,1,29.7,1,clear,2,14,0,0.03,RED,0.0,6.0,0.03
2026-07-29 14:12:05,int-1,lane-N,2,1.5,0,clear,2,14,0,0.0,GREEN,800.5,5.0,0.07
2026-07-29 14:12:05,int-1,lane-S,1,29.099999999999998,1,clear,2,14,0,0.03,RED,0.0,5.0,0.03
2026-07-29 14:12:05,int-1,lane-E,3,29.099999999999998,3,clear,2,14,0,0.1,RED,0.0,5.0,0.1
2026-07-29 14:12:05,int-1,lane-W,1,29.099999999999998,1,clear,2,14,0,0.03,RED,0.0,5.0,0.03
2026-07-29 14:12:12,int-1,lane-N,3,1.0,0,clear,2,14,0,0.0,GREEN,802.5,2.0,0.1
2026-07-29 14:12:12,int-1,lane-S,0,29.4,0,clear,2,14,0,0.0,RED,0.0,2.0,0.0
2026-07-29 14:12:12,int-1,lane-E,2,29.4,2,clear,2,14,0,0.07,RED,0.0,2.0,0.07
2026-07-29 14:12:12,int-1,lane-W,0,29.4,0,clear,2,14,0,0.0,RED,0.0,2.0,0.0
2026-07-29 14:12:18,int-1,lane-N,13,0.5,5,clear,2,14,1,0.17,GREEN,804.5,6.0,0.43
2026-07-29 14:12:18,int-1,lane-S,15,29.7,7,clear,2,14,0,0.23,RED,0.0,6.0,0.5
2026-07-29 14:12:18,int-1,lane-E,18,29.7,7,clear,2,14,0,0.23,RED,0.0,6.0,0.6
2026-07-29 14:12:18,int-1,lane-W,7,29.7,3,clear,2,14,0,0.1,RED,0.0,6.0,0.23
2026-07-29 14:12:25,int-1,lane-N,2,1.5,0,clear,2,14,1,0.0,GREEN,805.5,6.0,0.07
2026-07-29 14:12:25,int-1,lane-S,2,29.099999999999998,2,clear,2,14,0,0.07,RED,0.0,6.0,0.07
2026-07-29 14:12:25,int-1,lane-E,2,29.099999999999998,2,clear,2,14,0,0.07,RED,0.0,6.0,0.07
2026-07-29 14:12:25,int-1,lane-W,1,29.099999999999998,1,clear,2,14,0,0.03,RED,0.0,6.0,0.03
2026-07-29 14:12:33,int-1,lane-N,3,1.0,0,clear,2,14,1,0.0,GREEN,807.5,3.0,0.1
2026-07-29 14:12:33,int-1,lane-S,0,29.4,0,clear,2,14,0,0.0,RED,0.0,3.0,0.0
2026-07-29 14:12:33,int-1,lane-E,1,29.4,1,clear,2,14,0,0.03,RED,0.0,3.0,0.03
2026-07-29 14:12:33,int-1,lane-W,1,29.4,1,clear,2,14,0,0.03,RED,0.0,3.0,0.03
2026-07-29 14:12:40,int-1,lane-N,5,0.0,2,clear,2,14,0,0.07,YELLOW,809.5,2.0,0.17
2026-07-29 14:12:40,int-1,lane-S,1,29.7,1,clear,2,14,0,0.03,RED,0.0,2.0,0.03
2026-07-29 14:12:40,int-1,lane-E,0,29.7,0,clear,2,14,0,0.0,RED,0.0,2.0,0.0
2026-07-29 14:12:40,int-1,lane-W,0,29.7,0,clear,2,14,0,0.0,RED,0.0,2.0,0.0
2026-07-29 14:12:46,int-1,lane-N,7,0.0,4,clear,2,14,0,0.13,RED,810.5,6.0,0.23
2026-07-29 14:12:46,int-1,lane-S,0,30.0,0,clear,2,14,0,0.0,GREEN,0.0,6.0,0.0
2026-07-29 14:12:46,int-1,lane-E,2,29.099999999999998,2,clear,2,14,0,0.07,RED,0.0,6.0,0.07
2026-07-29 14:12:46,int-1,lane-W,3,29.099999999999998,3,clear,2,14,0,0.1,RED,0.0,6.0,0.1
2026-07-29 14:12:53,int-1,lane-N,5,0.0,2,clear,2,14,0,0.07,RED,812.5,4.0,0.17
2026-07-29 14:12:53,int-1,lane-S,0,30.0,0,clear,2,14,0,0.0,GREEN,0.0,4.0,0.0
2026-07-29 14:12:53,int-1,lane-E,1,29.4,1,clear,2,14,0,0.03,RED,0.0,4.0,0.03
2026-07-29 14:12:53,int-1,lane-W,0,29.4,0,clear,2,14,0,0.0,RED,0.0,4.0,0.0
2026-07-29 14:13:01,int-1,lane-N,5,0.0,2,clear,2,14,0,0.07,RED,814.5,1.0,0.17
2026-07-29 14:13:01,int-1,lane-S,0,30.0,0,clear,2,14,0,0.0,GREEN,0.0,1.0,0.0
2026-07-29 14:13:01,int-1,lane-E,0,29.7,0,clear,2,14,0,0.0,RED,0.0,1.0,0.0
2026-07-29 14:13:01,int-1,lane-W,1,29.7,1,clear,2,14,0,0.03,RED,0.0,1.0,0.03
2026-07-29 14:13:07,int-1,lane-N,11,1.0,3,clear,2,14,0,0.1,GREEN,815.5,6.0,0.37
2026-07-29 14:13:07,int-1,lane-S,14,29.4,6,clear,2,14,0,0.2,RED,0.0,6.0,0.47
2026-07-29 14:13:07,int-1,lane-E,20,29.099999999999998,8,clear,2,14,0,0.27,RED,0.0,6.0,0.67
2026-07-29 14:13:07,int-1,lane-W,8,29.099999999999998,4,clear,2,14,0,0.13,RED,0.0,6.0,0.27
2026-07-29 14:13:13,int-1,lane-N,3,1.0,0,clear,2,14,0,0.0,GREEN,817.5,5.0,0.1
2026-07-29 14:13:13,int-1,lane-S,0,29.4,0,clear,2,14,0,0.0,RED,0.0,5.0,0.0
2026-07-29 14:13:13,int-1,lane-E,0,29.4,0,clear,2,14,0,0.0,RED,0.0,5.0,0.0
2026-07-29 14:13:13,int-1,lane-W,1,29.4,1,clear,2,14,0,0.03,RED,0.0,5.0,0.03
2026-07-29 14:13:22,int-1,lane-N,4,0.5,1,clear,2,14,0,0.03,GREEN,819.5,2.0,0.13
2026-07-29 14:13:22,int-1,lane-S,1,29.7,1,clear,2,14,0,0.03,RED,0.0,2.0,0.03
2026-07-29 14:13:22,int-1,lane-E,1,29.7,1,clear,2,14,0,0.03,RED,0.0,2.0,0.03
2026-07-29 14:13:22,int-1,lane-W,0,29.7,0,clear,2,14,0,0.0,RED,0.0,2.0,0.0
2026-07-29 14:13:29,int-1,lane-N,13,0.0,5,clear,2,14,0,0.17,RED,820.5,6.0,0.43
2026-07-29 14:13:29,int-1,lane-S,13,29.9,5,clear,2,14,0,0.17,GREEN,0.0,6.0,0.43
2026-07-29 14:13:29,int-1,lane-E,20,29.099999999999998,8,clear,2,14,0,0.27,RED,0.0,6.0,0.67
2026-07-29 14:13:29,int-1,lane-W,7,29.099999999999998,3,clear,2,14,0,0.1,RED,0.0,6.0,0.23
2026-07-29 14:13:35,int-1,lane-N,5,0.0,2,clear,2,14,0,0.07,RED,822.5,6.0,0.17
2026-07-29 14:13:35,int-1,lane-S,0,30.0,0,clear,2,14,0,0.0,GREEN,0.0,6.0,0.0
2026-07-29 14:13:35,int-1,lane-E,2,29.4,2,clear,2,14,0,0.07,RED,0.0,6.0,0.07
2026-07-29 14:13:35,int-1,lane-W,1,29.4,1,clear,2,14,0,0.03,RED,0.0,6.0,0.03
2026-07-29 14:13:42,int-1,lane-N,6,0.0,3,clear,2,14,0,0.1,RED,824.5,3.0,0.2
2026-07-29 14:13:42,int-1,lane-S,0,30.0,0,clear,2,14,0,0.0,GREEN,0.0,3.0,0.0
2026-07-29 14:13:42,int-1,lane-E,0,29.7,0,clear,2,14,0,0.0,RED,0.0,3.0,0.0
2026-07-29 14:13:42,int-1,lane-W,1,29.7,1,clear,2,14,0,0.03,RED,0.0,3.0,0.03
2026-07-29 14:13:48,int-1,lane-N,6,0.0,3,clear,2,14,0,0.1,RED,825.5,2.0,0.2
2026-07-29 14:13:48,int-1,lane-S,0,30.0,0,clear,2,14,0,0.0,YELLOW,0.0,2.0,0.0
2026-07-29 14:13:48,int-1,lane-E,1,29.099999999999998,1,clear,2,14,0,0.03,RED,0.0,2.0,0.03
2026-07-29 14:13:48,int-1,lane-W,2,29.099999999999998,2,clear,2,14,0,0.07,RED,0.0,2.0,0.07
2026-07-29 14:13:55,int-1,lane-N,3,1.0,0,clear,2,14,0,0.0,GREEN,827.5,6.0,0.1
2026-07-29 14:13:55,int-1,lane-S,0,29.4,0,clear,2,14,0,0.0,RED,0.0,6.0,0.0
2026-07-29 14:13:55,int-1,lane-E,1,29.4,1,clear,2,14,0,0.03,RED,0.0,6.0,0.03
2026-07-29 14:13:55,int-1,lane-W,0,29.4,0,clear,2,14,0,0.0,RED,0.0,6.0,0.0
2026-07-29 14:14:03,int-1,lane-N,4,0.5,1,clear,2,14,0,0.03,GREEN,829.5,4.0,0.13
2026-07-29 14:14:03,int-1,lane-S,1,29.7,1,clear,2,14,0,0.03,RED,0.0,4.0,0.03
2026-07-29 14:14:03,int-1,lane-E,0,29.7,0,clear,2,14,0,0.0,RED,0.0,4.0,0.0
2026-07-29 14:14:03,int-1,lane-W,0,29.7,0,clear,2,14,0,0.0,RED,0.0,4.0,0.0
2026-07-29 14:14:08,int-1,lane-N,3,1.0,0,clear,2,14,0,0.0,YELLOW,830.5,2.0,0.1
2026-07-29 14:14:08,int-1,lane-S,2,29.099999999999998,2,clear,2,14,0,0.07,RED,0.0,2.0,0.07
2026-07-29 14:14:08,int-1,lane-E,1,29.099999999999998,1,clear,2,14,0,0.03,RED,0.0,2.0,0.03
2026-07-29 14:14:08,int-1,lane-W,1,29.099999999999998,1,clear,2,14,0,0.03,RED,0.0,2.0,0.03
2026-07-29 14:14:15,int-1,lane-N,6,0.0,3,clear,2,14,0,0.1,RED,832.5,6.0,0.2
2026-07-29 14:14:15,int-1,lane-S,0,30.0,0,clear,2,14,0,0.0,GREEN,0.0,6.0,0.0
2026-07-29 14:14:15,int-1,lane-E,1,29.4,1,clear,2,14,0,0.03,RED,0.0,6.0,0.03
2026-07-29 14:14:15,int-1,lane-W,1,29.4,1,clear,2,14,0,0.03,RED,0.0,6.0,0.03
2026-07-29 14:14:22,int-1,lane-N,5,0.0,2,clear,2,14,0,0.07,RED,834.5,5.0,0.17
2026-07-29 14:14:22,int-1,lane-S,0,30.0,0,clear,2,14,0,0.0,GREEN,0.0,5.0,0.0
2026-07-29 14:14:22,int-1,lane-E,0,29.7,0,clear,2,14,0,0.0,RED,0.0,5.0,0.0
2026-07-29 14:14:22,int-1,lane-W,1,29.7,1,clear,2,14,0,0.03,RED,0.0,5.0,0.03
2026-07-29 14:14:28,int-1,lane-N,6,0.0,3,clear,2,14,0,0.1,RED,835.5,2.0,0.2
2026-07-29 14:14:28,int-1,lane-S,0,30.0,0,clear,2,14,0,0.0,GREEN,0.0,2.0,0.0
2026-07-29 14:14:28,int-1,lane-E,2,29.099999999999998,2,clear,2,14,0,0.07,RED,0.0,2.0,0.07
2026-07-29 14:14:28,int-1,lane-W,3,29.099999999999998,3,clear,2,14,0,0.1,RED,0.0,2.0,0.1
2026-07-29 14:14:36,int-1,lane-N,5,0.0,2,clear,2,14,0,0.07,RED,837.5,1.0,0.17
2026-07-29 14:14:36,int-1,lane-S,0,30.0,0,clear,2,14,0,0.0,YELLOW,0.0,1.0,0.0
2026-07-29 14:14:36,int-1,lane-E,1,29.4,1,clear,2,14,0,0.03,RED,0.0,1.0,0.03
2026-07-29 14:14:36,int-1,lane-W,1,29.4,1,clear,2,14,0,0.03,RED,0.0,1.0,0.03
2026-07-29 14:14:44,int-1,lane-N,4,0.5,1,clear,2,14,0,0.03,GREEN,839.5,5.0,0.13
2026-07-29 14:14:44,int-1,lane-S,1,29.7,1,clear,2,14,0,0.03,RED,0.0,5.0,0.03
2026-07-29 14:14:44,int-1,lane-E,0,29.7,0,clear,2,14,0,0.0,RED,0.0,5.0,0.0
2026-07-29 14:14:44,int-1,lane-W,1,29.7,1,clear,2,14,0,0.03,RED,0.0,5.0,0.03
2026-07-29 14:14:50,int-1,lane-N,2,1.5,0,clear,2,14,0,0.0,GREEN,840.5,2.0,0.07
2026-07-29 14:14:50,int-1,lane-S,2,29.099999999999998,2,clear,2,14,0,0.07,RED,0.0,2.0,0.07
2026-07-29 14:14:50,int-1,lane-E,1,29.099999999999998,1,clear,2,14,0,0.03,RED,0.0,2.0,0.03
2026-07-29 14:14:50,int-1,lane-W,0,29.099999999999998,0,clear,2,14,0,0.0,RED,0.0,2.0,0.0
2026-07-29 14:14:56,int-1,lane-N,5,0.0,2,clear,2,14,0,0.07,YELLOW,842.5,1.0,0.17
2026-07-29 14:14:56,int-1,lane-S,0,29.4,0,clear,2,14,0,0.0,RED,0.0,1.0,0.0
2026-07-29 14:14:56,int-1,lane-E,0,29.4,0,clear,2,14,0,0.0,RED,0.0,1.0,0.0
2026-07-29 14:14:56,int-1,lane-W,1,29.4,1,clear,2,14,0,0.03,RED,0.0,1.0,0.03
2026-07-29 14:15:03,int-1,lane-N,6,0.0,3,clear,2,14,0,0.1,RED,844.5,2.0,0.2
2026-07-29 14:15:03,int-1,lane-S,0,29.7,0,clear,2,14,0,0.0,RED,0.0,2.0,0.0
2026-07-29 14:15:03,int-1,lane-E,0,29.7,0,clear,2,14,0,0.0,RED,0.0,2.0,0.0
2026-07-29 14:15:03,int-1,lane-W,0,30.0,0,clear,2,14,0,0.0,GREEN,0.0,2.0,0.0
2026-07-29 14:15:09,int-1,lane-N,7,0.0,4,clear,2,14,0,0.13,RED,845.5,1.0,0.23
2026-07-29 14:15:09,int-1,lane-S,1,29.099999999999998,1,clear,2,14,0,0.03,RED,0.0,1.0,0.03
2026-07-29 14:15:09,int-1,lane-E,1,29.099999999999998,1,clear,2,14,0,0.03,RED,0.0,1.0,0.03
2026-07-29 14:15:09,int-1,lane-W,0,30.0,0,clear,2,14,0,0.0,YELLOW,0.0,1.0,0.0
2026-07-29 14:15:17,int-1,lane-N,3,1.0,0,clear,2,14,0,0.0,GREEN,847.5,6.0,0.1
2026-07-29 14:15:17,int-1,lane-S,1,29.4,1,clear,2,14,0,0.03,RED,0.0,6.0,0.03
2026-07-29 14:15:17,int-1,lane-E,0,29.4,0,clear,2,14,0,0.0,RED,0.0,6.0,0.0
2026-07-29 14:15:17,int-1,lane-W,1,29.4,1,clear,2,14,0,0.03,RED,0.0,6.0,0.03
2026-07-29 14:15:24,int-1,lane-N,4,0.5,1,clear,2,14,0,0.03,GREEN,849.5,3.0,0.13
2026-07-29 14:15:24,int-1,lane-S,1,29.7,1,clear,2,14,0,0.03,RED,0.0,3.0,0.03
2026-07-29 14:15:24,int-1,lane-E,0,29.7,0,clear,2,14,0,0.0,RED,0.0,3.0,0.0
2026-07-29 14:15:24,int-1,lane-W,0,29.7,0,clear,2,14,0,0.0,RED,0.0,3.0,0.0
2026-07-29 14:15:31,int-1,lane-N,4,0.5,1,clear,2,14,0,0.03,YELLOW,850.5,2.0,0.13
2026-07-29 14:15:31,int-1,lane-S,2,29.099999999999998,2,clear,2,14,0,0.07,RED,0.0,2.0,0.07
2026-07-29 14:15:31,int-1,lane-E,3,29.099999999999998,3,clear,2,14,0,0.1,RED,0.0,2.0,0.1
2026-07-29 14:15:31,int-1,lane-W,1,29.099999999999998,1,clear,2,14,0,0.03,RED,0.0,2.0,0.03
2026-07-29 14:15:38,int-1,lane-N,6,0.0,3,clear,2,14,1,0.1,RED,852.5,6.0,0.2
2026-07-29 14:15:38,int-1,lane-S,0,30.0,0,clear,2,14,0,0.0,GREEN,0.0,6.0,0.0
2026-07-29 14:15:38,int-1,lane-E,2,29.4,2,clear,2,14,0,0.07,RED,0.0,6.0,0.07
2026-07-29 14:15:38,int-1,lane-W,0,29.4,0,clear,2,14,0,0.0,RED,0.0,6.0,0.0
2026-07-29 14:15:45,int-1,lane-N,6,0.0,3,clear,2,14,1,0.1,RED,854.5,4.0,0.2
2026-07-29 14:15:45,int-1,lane-S,0,30.0,0,clear,2,14,0,0.0,GREEN,0.0,4.0,0.0
2026-07-29 14:15:45,int-1,lane-E,0,29.7,0,clear,2,14,0,0.0,RED,0.0,4.0,0.0
2026-07-29 14:15:45,int-1,lane-W,1,29.7,1,clear,2,14,0,0.03,RED,0.0,4.0,0.03
2026-07-29 14:15:51,int-1,lane-N,7,0.0,4,clear,2,14,1,0.13,RED,855.5,2.0,0.23
2026-07-29 14:15:51,int-1,lane-S,0,30.0,0,clear,2,14,0,0.0,YELLOW,0.0,2.0,0.0
2026-07-29 14:15:51,int-1,lane-E,1,29.099999999999998,1,clear,2,14,0,0.03,RED,0.0,2.0,0.03
2026-07-29 14:15:51,int-1,lane-W,2,29.099999999999998,2,clear,2,14,0,0.07,RED,0.0,2.0,0.07
2026-07-29 14:15:57,int-1,lane-N,3,1.0,0,clear,2,14,0,0.0,GREEN,857.5,6.0,0.1
2026-07-29 14:15:57,int-1,lane-S,1,29.4,1,clear,2,14,0,0.03,RED,0.0,6.0,0.03
2026-07-29 14:15:57,int-1,lane-E,0,29.4,0,clear,2,14,0,0.0,RED,0.0,6.0,0.0
2026-07-29 14:15:57,int-1,lane-W,0,29.4,0,clear,2,14,0,0.0,RED,0.0,6.0,0.0
2026-07-29 14:16:04,int-1,lane-N,4,0.5,1,clear,2,14,0,0.03,GREEN,859.5,4.0,0.13
2026-07-29 14:16:04,int-1,lane-S,0,29.7,0,clear,2,14,0,0.0,RED,0.0,4.0,0.0
2026-07-29 14:16:04,int-1,lane-E,0,29.7,0,clear,2,14,0,0.0,RED,0.0,4.0,0.0
2026-07-29 14:16:04,int-1,lane-W,0,29.7,0,clear,2,14,0,0.0,RED,0.0,4.0,0.0
2026-07-29 14:16:11,int-1,lane-N,2,1.5,0,clear,2,14,0,0.0,GREEN,860.5,1.0,0.07
2026-07-29 14:16:11,int-1,lane-S,3,29.099999999999998,3,clear,2,14,0,0.1,RED,0.0,1.0,0.1
2026-07-29 14:16:11,int-1,lane-E,1,29.099999999999998,1,clear,2,14,0,0.03,RED,0.0,1.0,0.03
2026-07-29 14:16:11,int-1,lane-W,2,29.099999999999998,2,clear,2,14,0,0.07,RED,0.0,1.0,0.07
2026-07-29 14:16:18,int-1,lane-N,13,0.0,6,clear,2,14,0,0.2,RED,862.5,6.0,0.43
2026-07-29 14:16:18,int-1,lane-S,11,31.0,3,clear,2,14,0,0.1,GREEN,0.0,6.0,0.37
2026-07-29 14:16:18,int-1,lane-E,17,29.4,7,clear,2,14,0,0.23,RED,0.0,6.0,0.57
2026-07-29 14:16:18,int-1,lane-W,7,29.4,3,clear,2,14,0,0.1,RED,0.0,6.0,0.23
2026-07-29 14:16:25,int-1,lane-N,5,0.0,2,clear,2,14,0,0.07,RED,864.5,5.0,0.17
2026-07-29 14:16:25,int-1,lane-S,0,30.0,0,clear,2,14,0,0.0,GREEN,0.0,5.0,0.0
2026-07-29 14:16:25,int-1,lane-E,0,29.7,0,clear,2,14,0,0.0,RED,0.0,5.0,0.0
2026-07-29 14:16:25,int-1,lane-W,1,29.7,1,clear,2,14,0,0.03,RED,0.0,5.0,0.03
2026-07-29 14:16:32,int-1,lane-N,7,0.0,4,clear,2,14,0,0.13,RED,865.5,2.0,0.23
2026-07-29 14:16:32,int-1,lane-S,0,30.0,0,clear,2,14,0,0.0,GREEN,0.0,2.0,0.0
2026-07-29 14:16:32,int-1,lane-E,2,29.099999999999998,2,clear,2,14,0,0.07,RED,0.0,2.0,0.07
2026-07-29 14:16:32,int-1,lane-W,0,29.099999999999998,0,clear,2,14,0,0.0,RED,0.0,2.0,0.0
2026-07-29 14:16:39,int-1,lane-N,13,0.5,5,clear,2,14,0,0.17,GREEN,867.5,6.0,0.43
2026-07-29 14:16:39,int-1,lane-S,15,29.7,6,clear,2,14,0,0.2,RED,0.0,6.0,0.5
2026-07-29 14:16:39,int-1,lane-E,23,29.4,10,clear,2,14,0,0.33,RED,0.0,6.0,0.77
2026-07-29 14:16:39,int-1,lane-W,7,29.4,3,clear,2,14,0,0.1,RED,0.0,6.0,0.23
2026-07-29 14:16:46,int-1,lane-N,4,0.5,1,clear,2,14,0,0.03,GREEN,869.5,6.0,0.13
2026-07-29 14:16:46,int-1,lane-S,1,29.7,1,clear,2,14,0,0.03,RED,0.0,6.0,0.03
2026-07-29 14:16:46,int-1,lane-E,1,29.7,1,clear,2,14,0,0.03,RED,0.0,6.0,0.03
2026-07-29 14:16:46,int-1,lane-W,0,29.7,0,clear,2,14,0,0.0,RED,0.0,6.0,0.0
2026-07-29 14:16:52,int-1,lane-N,2,1.5,0,clear,2,14,0,0.0,GREEN,870.5,3.0,0.07
2026-07-29 14:16:52,int-1,lane-S,0,29.099999999999998,0,clear,2,14,0,0.0,RED,0.0,3.0,0.0
2026-07-29 14:16:52,int-1,lane-E,1,29.099999999999998,1,clear,2,14,0,0.03,RED,0.0,3.0,0.03
2026-07-29 14:16:52,int-1,lane-W,2,29.099999999999998,2,clear,2,14,0,0.07,RED,0.0,3.0,0.07
2026-07-29 14:16:59,int-1,lane-N,5,0.0,2,clear,2,14,0,0.07,YELLOW,872.5,2.0,0.17
2026-07-29 14:16:59,int-1,lane-S,1,29.4,1,clear,2,14,0,0.03,RED,0.0,2.0,0.03
2026-07-29 14:16:59,int-1,lane-E,0,29.4,0,clear,2,14,0,0.0,RED,0.0,2.0,0.0
2026-07-29 14:16:59,int-1,lane-W,1,29.4,1,clear,2,14,0,0.03,RED,0.0,2.0,0.03
2026-07-29 14:17:06,int-1,lane-N,5,0.0,2,clear,2,14,0,0.07,RED,874.5,6.0,0.17
2026-07-29 14:17:06,int-1,lane-S,0,30.0,0,clear,2,14,0,0.0,GREEN,0.0,6.0,0.0
2026-07-29 14:17:06,int-1,lane-E,1,29.7,1,clear,2,14,0,0.03,RED,0.0,6.0,0.03
2026-07-29 14:17:06,int-1,lane-W,1,29.7,1,clear,2,14,0,0.03,RED,0.0,6.0,0.03
2026-07-29 14:17:12,int-1,lane-N,7,0.0,4,clear,2,14,0,0.13,RED,875.5,4.0,0.23
2026-07-29 14:17:12,int-1,lane-S,0,30.0,0,clear,2,14,0,0.0,GREEN,0.0,4.0,0.0
2026-07-29 14:17:12,int-1,lane-E,0,29.099999999999998,0,clear,2,14,0,0.0,RED,0.0,4.0,0.0
2026-07-29 14:17:12,int-1,lane-W,0,29.099999999999998,0,clear,2,14,0,0.0,RED,0.0,4.0,0.0
2026-07-29 14:17:18,int-1,lane-N,5,0.0,2,clear,2,14,0,0.07,RED,877.5,1.0,0.17
2026-07-29 14:17:18,int-1,lane-S,0,30.0,0,clear,2,14,0,0.0,GREEN,0.0,1.0,0.0
2026-07-29 14:17:18,int-1,lane-E,0,29.4,0,clear,2,14,0,0.0,RED,0.0,1.0,0.0
2026-07-29 14:17:18,int-1,lane-W,0,29.4,0,clear,2,14,0,0.0,RED,0.0,1.0,0.0
2026-07-29 14:17:25,int-1,lane-N,4,0.5,1,clear,2,14,0,0.03,GREEN,879.5,6.0,0.13
2026-07-29 14:17:25,int-1,lane-S,0,29.7,0,clear,2,14,0,0.0,RED,0.0,6.0,0.0
2026-07-29 14:17:25,int-1,lane-E,0,29.7,0,clear,2,14,0,0.0,RED,0.0,6.0,0.0
2026-07-29 14:17:25,int-1,lane-W,1,29.7,1,clear,2,14,0,0.03,RED,0.0,6.0,0.03
2026-07-29 14:17:31,int-1,lane-N,2,1.5,0,clear,2,14,1,0.0,GREEN,880.5,5.0,0.07
2026-07-29 14:17:31,int-1,lane-S,2,29.099999999999998,2,clear,2,14,0,0.07,RED,0.0,5.0,0.07
2026-07-29 14:17:31,int-1,lane-E,1,29.099999999999998,1,clear,2,14,0,0.03,RED,0.0,5.0,0.03
2026-07-29 14:17:31,int-1,lane-W,1,29.099999999999998,1,clear,2,14,0,0.03,RED,0.0,5.0,0.03
2026-07-29 14:17:41,int-1,lane-N,3,1.0,0,clear,2,14,1,0.0,GREEN,882.5,2.0,0.1
2026-07-29 14:17:41,int-1,lane-S,2,29.4,2,clear,2,14,0,0.07,RED,0.0,2.0,0.07
2026-07-29 14:17:41,int-1,lane-E,0,29.4,0,clear,2,14,0,0.0,RED,0.0,2.0,0.0
2026-07-29 14:17:41,int-1,lane-W,1,29.4,1,clear,2,14,0,0.03,RED,0.0,2.0,0.03
2026-07-29 14:17:48,int-1,lane-N,12,0.5,4,clear,2,14,1,0.13,GREEN,884.5,6.0,0.4
2026-07-29 14:17:48,int-1,lane-S,12,29.7,5,clear,2,14,0,0.17,RED,0.0,6.0,0.4
2026-07-29 14:17:48,int-1,lane-E,17,29.7,7,clear,2,14,0,0.23,RED,0.0,6.0,0.57
2026-07-29 14:17:48,int-1,lane-W,7,29.7,3,clear,2,14,0,0.1,RED,0.0,6.0,0.23
2026-07-29 14:17:54,int-1,lane-N,2,1.5,0,clear,2,14,0,0.0,GREEN,885.5,5.0,0.07
2026-07-29 14:17:54,int-1,lane-S,2,29.099999999999998,2,clear,2,14,0,0.07,RED,0.0,5.0,0.07
2026-07-29 14:17:54,int-1,lane-E,2,29.099999999999998,2,clear,2,14,0,0.07,RED,0.0,5.0,0.07
2026-07-29 14:17:54,int-1,lane-W,2,29.099999999999998,2,clear,2,14,0,0.07,RED,0.0,5.0,0.07
2026-07-29 14:18:01,int-1,lane-N,3,1.0,0,clear,2,14,0,0.0,GREEN,887.5,2.0,0.1
2026-07-29 14:18:01,int-1,lane-S,1,29.4,1,clear,2,14,0,0.03,RED,0.0,2.0,0.03
2026-07-29 14:18:01,int-1,lane-E,0,29.4,0,clear,2,14,0,0.0,RED,0.0,2.0,0.0
2026-07-29 14:18:01,int-1,lane-W,0,29.4,0,clear,2,14,0,0.0,RED,0.0,2.0,0.0
2026-07-29 14:18:07,int-1,lane-N,5,0.0,2,clear,2,14,0,0.07,YELLOW,889.5,1.0,0.17
2026-07-29 14:18:07,int-1,lane-S,0,29.7,0,clear,2,14,0,0.0,RED,0.0,1.0,0.0
2026-07-29 14:18:07,int-1,lane-E,1,29.7,1,clear,2,14,0,0.03,RED,0.0,1.0,0.03
2026-07-29 14:18:07,int-1,lane-W,1,29.7,1,clear,2,14,0,0.03,RED,0.0,1.0,0.03
2026-07-29 14:18:13,int-1,lane-N,6,0.0,3,clear,2,14,0,0.1,RED,890.5,6.0,0.2
2026-07-29 14:18:13,int-1,lane-S,2,29.099999999999998,2,clear,2,14,0,0.07,RED,0.0,6.0,0.07
2026-07-29 14:18:13,int-1,lane-E,0,30.0,0,clear,2,14,0,0.0,GREEN,0.0,6.0,0.0
2026-07-29 14:18:13,int-1,lane-W,2,29.099999999999998,2,clear,2,14,0,0.07,RED,0.0,6.0,0.07
2026-07-29 14:18:20,int-1,lane-N,6,0.0,3,clear,2,14,0,0.1,RED,892.5,6.0,0.2
2026-07-29 14:18:20,int-1,lane-S,2,29.4,2,clear,2,14,0,0.07,RED,0.0,6.0,0.07
2026-07-29 14:18:20,int-1,lane-E,0,30.0,0,clear,2,14,0,0.0,GREEN,0.0,6.0,0.0
2026-07-29 14:18:20,int-1,lane-W,1,29.4,1,clear,2,14,0,0.03,RED,0.0,6.0,0.03
2026-07-29 14:18:28,int-1,lane-N,5,0.0,2,clear,2,14,0,0.07,RED,894.5,6.0,0.17
2026-07-29 14:18:28,int-1,lane-S,0,29.7,0,clear,2,14,0,0.0,RED,0.0,6.0,0.0
2026-07-29 14:18:28,int-1,lane-E,0,30.0,0,clear,2,14,0,0.0,GREEN,0.0,6.0,0.0
2026-07-29 14:18:28,int-1,lane-W,0,29.7,0,clear,2,14,0,0.0,RED,0.0,6.0,0.0
2026-07-29 14:18:34,int-1,lane-N,7,0.0,4,clear,2,14,0,0.13,RED,895.5,3.0,0.23
2026-07-29 14:18:34,int-1,lane-S,1,29.099999999999998,1,clear,2,14,0,0.03,RED,0.0,3.0,0.03
2026-07-29 14:18:34,int-1,lane-E,0,30.0,0,clear,2,14,0,0.0,GREEN,0.0,3.0,0.0
2026-07-29 14:18:34,int-1,lane-W,0,29.099999999999998,0,clear,2,14,0,0.0,RED,0.0,3.0,0.0
2026-07-29 14:18:40,int-1,lane-N,5,0.0,2,clear,2,14,0,0.07,RED,897.5,2.0,0.17
2026-07-29 14:18:40,int-1,lane-S,0,29.4,0,clear,2,14,0,0.0,RED,0.0,2.0,0.0
2026-07-29 14:18:40,int-1,lane-E,0,30.0,0,clear,2,14,0,0.0,YELLOW,0.0,2.0,0.0
2026-07-29 14:18:40,int-1,lane-W,1,29.4,1,clear,2,14,0,0.03,RED,0.0,2.0,0.03
2026-07-29 14:18:47,int-1,lane-N,4,0.5,1,clear,2,14,0,0.03,GREEN,899.5,6.0,0.13
2026-07-29 14:18:47,int-1,lane-S,0,29.7,0,clear,2,14,0,0.0,RED,0.0,6.0,0.0
2026-07-29 14:18:47,int-1,lane-E,1,29.7,1,clear,2,14,0,0.03,RED,0.0,6.0,0.03
2026-07-29 14:18:47,int-1,lane-W,0,29.7,0,clear,2,14,0,0.0,RED,0.0,6.0,0.0
2026-07-29 14:18:53,int-1,lane-N,2,1.5,0,clear,2,14,0,0.0,GREEN,900.5,4.0,0.07
2026-07-29 14:18:53,int-1,lane-S,2,29.099999999999998,2,clear,2,14,0,0.07,RED,0.0,4.0,0.07
2026-07-29 14:18:53,int-1,lane-E,2,29.099999999999998,2,clear,2,14,0,0.07,RED,0.0,4.0,0.07
2026-07-29 14:18:53,int-1,lane-W,2,29.099999999999998,2,clear,2,14,0,0.07,RED,0.0,4.0,0.07
2026-07-29 14:19:00,int-1,lane-N,4,0.5,1,clear,2,14,0,0.03,YELLOW,902.5,2.0,0.13
2026-07-29 14:19:00,int-1,lane-S,1,29.4,1,clear,2,14,0,0.03,RED,0.0,2.0,0.03
2026-07-29 14:19:00,int-1,lane-E,0,29.4,0,clear,2,14,0,0.0,RED,0.0,2.0,0.0
2026-07-29 14:19:00,int-1,lane-W,1,29.4,1,clear,2,14,0,0.03,RED,0.0,2.0,0.03
2026-07-29 14:19:07,int-1,lane-N,5,0.0,2,clear,2,14,0,0.07,RED,904.5,6.0,0.17
2026-07-29 14:19:07,int-1,lane-S,1,29.7,1,clear,2,14,0,0.03,RED,0.0,6.0,0.03
2026-07-29 14:19:07,int-1,lane-E,0,30.0,0,clear,2,14,0,0.0,GREEN,0.0,6.0,0.0
2026-07-29 14:19:07,int-1,lane-W,1,29.7,1,clear,2,14,0,0.03,RED,0.0,6.0,0.03
2026-07-29 14:19:14,int-1,lane-N,6,0.0,3,clear,2,14,1,0.1,RED,905.5,6.0,0.2
2026-07-29 14:19:14,int-1,lane-S,2,29.099999999999998,2,clear,2,14,0,0.07,RED,0.0,6.0,0.07
2026-07-29 14:19:14,int-1,lane-E,0,30.0,0,clear,2,14,0,0.0,GREEN,0.0,6.0,0.0
2026-07-29 14:19:14,int-1,lane-W,0,29.099999999999998,0,clear,2,14,0,0.0,RED,0.0,6.0,0.0
2026-07-29 14:19:21,int-1,lane-N,5,0.0,2,clear,2,14,1,0.07,RED,907.5,5.0,0.17
2026-07-29 14:19:21,int-1,lane-S,1,29.4,1,clear,2,14,0,0.03,RED,0.0,5.0,0.03
2026-07-29 14:19:21,int-1,lane-E,0,30.0,0,clear,2,14,0,0.0,GREEN,0.0,5.0,0.0
2026-07-29 14:19:21,int-1,lane-W,2,29.4,2,clear,2,14,0,0.07,RED,0.0,5.0,0.07
2026-07-29 14:19:28,int-1,lane-N,5,0.0,2,clear,2,14,1,0.07,RED,909.5,2.0,0.17
2026-07-29 14:19:28,int-1,lane-S,1,29.7,1,clear,2,14,0,0.03,RED,0.0,2.0,0.03
2026-07-29 14:19:28,int-1,lane-E,0,30.0,0,clear,2,14,0,0.0,GREEN,0.0,2.0,0.0
2026-07-29 14:19:28,int-1,lane-W,0,29.7,0,clear,2,14,0,0.0,RED,0.0,2.0,0.0
2026-07-29 14:19:34,int-1,lane-N,12,0.5,4,clear,2,14,0,0.13,GREEN,910.5,6.0,0.4
2026-07-29 14:19:34,int-1,lane-S,17,29.099999999999998,7,clear,2,14,0,0.23,RED,0.0,6.0,0.57
2026-07-29 14:19:34,int-1,lane-E,24,29.7,10,clear,2,14,0,0.33,RED,0.0,6.0,0.8
2026-07-29 14:19:34,int-1,lane-W,8,29.099999999999998,4,clear,2,14,0,0.13,RED,0.0,6.0,0.27
2026-07-29 14:19:41,int-1,lane-N,3,1.0,0,clear,2,14,0,0.0,GREEN,912.5,5.0,0.1
2026-07-29 14:19:41,int-1,lane-S,1,29.4,1,clear,2,14,0,0.03,RED,0.0,5.0,0.03
2026-07-29 14:19:41,int-1,lane-E,1,29.4,1,clear,2,14,0,0.03,RED,0.0,5.0,0.03
2026-07-29 14:19:41,int-1,lane-W,2,29.4,2,clear,2,14,0,0.07,RED,0.0,5.0,0.07
2026-07-29 14:19:48,int-1,lane-N,4,0.5,1,clear,2,14,0,0.03,GREEN,914.5,2.0,0.13
2026-07-29 14:19:48,int-1,lane-S,0,29.7,0,clear,2,14,0,0.0,RED,0.0,2.0,0.0
2026-07-29 14:19:48,int-1,lane-E,1,29.7,1,clear,2,14,0,0.03,RED,0.0,2.0,0.03
2026-07-29 14:19:48,int-1,lane-W,1,29.7,1,clear,2,14,0,0.03,RED,0.0,2.0,0.03
2026-07-29 14:19:54,int-1,lane-N,5,0.0,2,clear,2,14,0,0.07,YELLOW,915.5,1.0,0.17
2026-07-29 14:19:54,int-1,lane-S,0,29.099999999999998,0,clear,2,14,0,0.0,RED,0.0,1.0,0.0
2026-07-29 14:19:54,int-1,lane-E,1,29.099999999999998,1,clear,2,14,0,0.03,RED,0.0,1.0,0.03
2026-07-29 14:19:54,int-1,lane-W,0,29.099999999999998,0,clear,2,14,0,0.0,RED,0.0,1.0,0.0
2026-07-29 14:20:01,int-1,lane-N,5,0.0,2,clear,2,14,0,0.07,RED,917.5,6.0,0.17
2026-07-29 14:20:01,int-1,lane-S,0,30.0,0,clear,2,14,0,0.0,GREEN,0.0,6.0,0.0
2026-07-29 14:20:01,int-1,lane-E,0,29.4,0,clear,2,14,0,0.0,RED,0.0,6.0,0.0
2026-07-29 14:20:01,int-1,lane-W,1,29.4,1,clear,2,14,0,0.03,RED,0.0,6.0,0.03
2026-07-29 14:20:08,int-1,lane-N,6,0.0,3,clear,2,14,0,0.1,RED,919.5,4.0,0.2
2026-07-29 14:20:08,int-1,lane-S,0,30.0,0,clear,2,14,0,0.0,GREEN,0.0,4.0,0.0
2026-07-29 14:20:08,int-1,lane-E,1,29.7,1,clear,2,14,0,0.03,RED,0.0,4.0,0.03
2026-07-29 14:20:08,int-1,lane-W,0,29.7,0,clear,2,14,0,0.0,RED,0.0,4.0,0.0
2026-07-29 14:20:13,int-1,lane-N,6,0.0,3,clear,2,14,0,0.1,RED,920.5,2.0,0.2
2026-07-29 14:20:13,int-1,lane-S,0,30.0,0,clear,2,14,0,0.0,YELLOW,0.0,2.0,0.0
2026-07-29 14:20:13,int-1,lane-E,2,29.099999999999998,2,clear,2,14,0,0.07,RED,0.0,2.0,0.07
2026-07-29 14:20:13,int-1,lane-W,0,29.099999999999998,0,clear,2,14,0,0.0,RED,0.0,2.0,0.0
2026-07-29 14:20:21,int-1,lane-N,3,1.0,0,clear,2,14,0,0.0,GREEN,922.5,6.0,0.1
2026-07-29 14:20:21,int-1,lane-S,0,29.4,0,clear,2,14,0,0.0,RED,0.0,6.0,0.0
2026-07-29 14:20:21,int-1,lane-E,1,29.4,1,clear,2,14,0,0.03,RED,0.0,6.0,0.03
2026-07-29 14:20:21,int-1,lane-W,1,29.4,1,clear,2,14,0,0.03,RED,0.0,6.0,0.03
2026-07-29 14:20:28,int-1,lane-N,4,0.5,1,clear,2,14,0,0.03,GREEN,924.5,4.0,0.13
2026-07-29 14:20:28,int-1,lane-S,1,29.7,1,clear,2,14,0,0.03,RED,0.0,4.0,0.03
2026-07-29 14:20:28,int-1,lane-E,0,29.7,0,clear,2,14,0,0.0,RED,0.0,4.0,0.0
2026-07-29 14:20:28,int-1,lane-W,0,29.7,0,clear,2,14,0,0.0,RED,0.0,4.0,0.0
2026-07-29 14:20:34,int-1,lane-N,2,1.5,0,clear,2,14,0,0.0,GREEN,925.5,1.0,0.07
2026-07-29 14:20:34,int-1,lane-S,1,29.099999999999998,1,clear,2,14,0,0.03,RED,0.0,1.0,0.03
2026-07-29 14:20:34,int-1,lane-E,2,29.099999999999998,2,clear,2,14,0,0.07,RED,0.0,1.0,0.07
2026-07-29 14:20:34,int-1,lane-W,1,29.099999999999998,1,clear,2,14,0,0.03,RED,0.0,1.0,0.03
2026-07-29 14:20:41,int-1,lane-N,15,0.0,7,clear,2,14,0,0.23,RED,927.5,6.0,0.5
2026-07-29 14:20:41,int-1,lane-S,14,31.0,4,clear,2,14,0,0.13,GREEN,0.0,6.0,0.47
2026-07-29 14:20:41,int-1,lane-E,19,29.4,8,clear,2,14,0,0.27,RED,0.0,6.0,0.63
2026-07-29 14:20:41,int-1,lane-W,6,29.4,2,clear,2,14,0,0.07,RED,0.0,6.0,0.2
2026-07-29 14:20:49,int-1,lane-N,5,0.0,2,clear,2,14,0,0.07,RED,929.5,6.0,0.17
2026-07-29 14:20:49,int-1,lane-S,0,30.0,0,clear,2,14,0,0.0,GREEN,0.0,6.0,0.0
2026-07-29 14:20:49,int-1,lane-E,0,29.7,0,clear,2,14,0,0.0,RED,0.0,6.0,0.0
2026-07-29 14:20:49,int-1,lane-W,1,29.7,1,clear,2,14,0,0.03,RED,0.0,6.0,0.03
2026-07-29 14:20:55,int-1,lane-N,6,0.0,3,clear,2,14,0,0.1,RED,930.5,4.0,0.2
2026-07-29 14:20:55,int-1,lane-S,0,30.0,0,clear,2,14,0,0.0,GREEN,0.0,4.0,0.0
2026-07-29 14:20:55,int-1,lane-E,0,29.099999999999998,0,clear,2,14,0,0.0,RED,0.0,4.0,0.0
2026-07-29 14:20:55,int-1,lane-W,1,29.099999999999998,1,clear,2,14,0,0.03,RED,0.0,4.0,0.03
2026-07-29 14:21:03,int-1,lane-N,7,0.0,4,clear,2,14,0,0.13,RED,932.5,2.0,0.23
2026-07-29 14:21:03,int-1,lane-S,0,30.0,0,clear,2,14,0,0.0,YELLOW,0.0,2.0,0.0
2026-07-29 14:21:03,int-1,lane-E,1,29.4,1,clear,2,14,0,0.03,RED,0.0,2.0,0.03
2026-07-29 14:21:03,int-1,lane-W,0,29.4,0,clear,2,14,0,0.0,RED,0.0,2.0,0.0
2026-07-29 14:21:09,int-1,lane-N,4,0.5,1,clear,2,14,0,0.03,GREEN,934.5,6.0,0.13
2026-07-29 14:21:09,int-1,lane-S,0,29.7,0,clear,2,14,0,0.0,RED,0.0,6.0,0.0
2026-07-29 14:21:09,int-1,lane-E,0,29.7,0,clear,2,14,0,0.0,RED,0.0,6.0,0.0
2026-07-29 14:21:09,int-1,lane-W,1,29.7,1,clear,2,14,0,0.03,RED,0.0,6.0,0.03
2026-07-29 14:21:15,int-1,lane-N,2,1.5,0,clear,2,14,0,0.0,GREEN,935.5,5.0,0.07
2026-07-29 14:21:15,int-1,lane-S,1,29.099999999999998,1,clear,2,14,0,0.03,RED,0.0,5.0,0.03
2026-07-29 14:21:15,int-1,lane-E,1,29.099999999999998,1,clear,2,14,0,0.03,RED,0.0,5.0,0.03
2026-07-29 14:21:15,int-1,lane-W,1,29.099999999999998,1,clear,2,14,0,0.03,RED,0.0,5.0,0.03
2026-07-29 14:21:22,int-1,lane-N,3,1.0,0,clear,2,14,0,0.0,GREEN,937.5,2.0,0.1
2026-07-29 14:21:22,int-1,lane-S,1,29.4,1,clear,2,14,0,0.03,RED,0.0,2.0,0.03
2026-07-29 14:21:22,int-1,lane-E,0,29.4,0,clear,2,14,0,0.0,RED,0.0,2.0,0.0
2026-07-29 14:21:22,int-1,lane-W,0,29.4,0,clear,2,14,0,0.0,RED,0.0,2.0,0.0
2026-07-29 14:21:29,int-1,lane-N,5,0.0,2,clear,2,14,0,0.07,YELLOW,939.5,1.0,0.17
2026-07-29 14:21:29,int-1,lane-S,0,29.7,0,clear,2,14,0,0.0,RED,0.0,1.0,0.0
2026-07-29 14:21:29,int-1,lane-E,1,29.7,1,clear,2,14,0,0.03,RED,0.0,1.0,0.03
2026-07-29 14:21:29,int-1,lane-W,0,29.7,0,clear,2,14,0,0.0,RED,0.0,1.0,0.0
2026-07-29 14:21:35,int-1,lane-N,5,0.0,2,clear,2,14,0,0.07,RED,940.5,6.0,0.17
2026-07-29 14:21:35,int-1,lane-S,3,29.099999999999998,3,clear,2,14,0,0.1,RED,0.0,6.0,0.1
2026-07-29 14:21:35,int-1,lane-E,0,30.0,0,clear,2,14,0,0.0,GREEN,0.0,6.0,0.0
2026-07-29 14:21:35,int-1,lane-W,1,29.099999999999998,1,clear,2,14,0,0.03,RED,0.0,6.0,0.03
2026-07-29 14:21:42,int-1,lane-N,5,0.0,2,clear,2,14,0,0.07,RED,942.5,6.0,0.17
2026-07-29 14:21:42,int-1,lane-S,1,29.4,1,clear,2,14,0,0.03,RED,0.0,6.0,0.03
2026-07-29 14:21:42,int-1,lane-E,0,30.0,0,clear,2,14,0,0.0,GREEN,0.0,6.0,0.0
2026-07-29 14:21:42,int-1,lane-W,1,29.4,1,clear,2,14,0,0.03,RED,0.0,6.0,0.03
2026-07-29 14:21:49,int-1,lane-N,6,0.0,3,clear,2,14,0,0.1,RED,944.5,5.0,0.2
2026-07-29 14:21:49,int-1,lane-S,1,29.7,1,clear,2,14,0,0.03,RED,0.0,5.0,0.03
2026-07-29 14:21:49,int-1,lane-E,0,30.0,0,clear,2,14,0,0.0,GREEN,0.0,5.0,0.0
2026-07-29 14:21:49,int-1,lane-W,0,29.7,0,clear,2,14,0,0.0,RED,0.0,5.0,0.0
2026-07-29 14:21:55,int-1,lane-N,6,0.0,3,clear,2,14,0,0.1,RED,945.5,2.0,0.2
2026-07-29 14:21:55,int-1,lane-S,1,29.099999999999998,1,clear,2,14,0,0.03,RED,0.0,2.0,0.03
2026-07-29 14:21:55,int-1,lane-E,0,30.0,0,clear,2,14,0,0.0,GREEN,0.0,2.0,0.0
2026-07-29 14:21:55,int-1,lane-W,2,29.099999999999998,2,clear,2,14,0,0.07,RED,0.0,2.0,0.07
2026-07-29 14:22:01,int-1,lane-N,5,0.0,2,clear,2,14,0,0.07,RED,947.5,1.0,0.17
2026-07-29 14:22:01,int-1,lane-S,1,29.4,1,clear,2,14,0,0.03,RED,0.0,1.0,0.03
2026-07-29 14:22:01,int-1,lane-E,0,30.0,0,clear,2,14,0,0.0,YELLOW,0.0,1.0,0.0
2026-07-29 14:22:01,int-1,lane-W,0,29.4,0,clear,2,14,0,0.0,RED,0.0,1.0,0.0
2026-07-29 14:22:08,int-1,lane-N,4,0.5,1,clear,2,14,0,0.03,GREEN,949.5,5.0,0.13
2026-07-29 14:22:08,int-1,lane-S,1,29.7,1,clear,2,14,0,0.03,RED,0.0,5.0,0.03
2026-07-29 14:22:08,int-1,lane-E,0,29.7,0,clear,2,14,0,0.0,RED,0.0,5.0,0.0
2026-07-29 14:22:08,int-1,lane-W,1,29.7,1,clear,2,14,0,0.03,RED,0.0,5.0,0.03
2026-07-29 14:22:14,int-1,lane-N,2,1.5,0,clear,2,14,0,0.0,GREEN,950.5,2.0,0.07
2026-07-29 14:22:14,int-1,lane-S,1,29.099999999999998,1,clear,2,14,0,0.03,RED,0.0,2.0,0.03
2026-07-29 14:22:14,int-1,lane-E,2,29.099999999999998,2,clear,2,14,0,0.07,RED,0.0,2.0,0.07
2026-07-29 14:22:14,int-1,lane-W,2,29.099999999999998,2,clear,2,14,0,0.07,RED,0.0,2.0,0.07
2026-07-29 14:22:23,int-1,lane-N,5,0.0,2,clear,2,14,0,0.07,YELLOW,952.5,1.0,0.17
2026-07-29 14:22:23,int-1,lane-S,2,29.4,2,clear,2,14,0,0.07,RED,0.0,1.0,0.07
2026-07-29 14:22:23,int-1,lane-E,0,29.4,0,clear,2,14,0,0.0,RED,0.0,1.0,0.0
2026-07-29 14:22:23,int-1,lane-W,1,29.4,1,clear,2,14,0,0.03,RED,0.0,1.0,0.03
2026-07-29 14:22:30,int-1,lane-N,5,0.0,2,clear,2,14,0,0.07,RED,954.5,5.0,0.17
2026-07-29 14:22:30,int-1,lane-S,0,30.0,0,clear,2,14,0,0.0,GREEN,0.0,5.0,0.0
2026-07-29 14:22:30,int-1,lane-E,1,29.7,1,clear,2,14,0,0.03,RED,0.0,5.0,0.03
2026-07-29 14:22:30,int-1,lane-W,0,29.7,0,clear,2,14,0,0.0,RED,0.0,5.0,0.0
2026-07-29 14:22:36,int-1,lane-N,6,0.0,3,clear,2,14,0,0.1,RED,955.5,2.0,0.2
2026-07-29 14:22:36,int-1,lane-S,0,30.0,0,clear,2,14,0,0.0,GREEN,0.0,2.0,0.0
2026-07-29 14:22:36,int-1,lane-E,2,29.099999999999998,2,clear,2,14,0,0.07,RED,0.0,2.0,0.07
2026-07-29 14:22:36,int-1,lane-W,1,29.099999999999998,1,clear,2,14,0,0.03,RED,0.0,2.0,0.03
2026-07-29 14:22:43,int-1,lane-N,5,0.0,2,clear,2,14,1,0.07,RED,957.5,1.0,0.17
2026-07-29 14:22:43,int-1,lane-S,0,30.0,0,clear,2,14,0,0.0,YELLOW,0.0,1.0,0.0
2026-07-29 14:22:43,int-1,lane-E,2,29.4,2,clear,2,14,0,0.07,RED,0.0,1.0,0.07
2026-07-29 14:22:43,int-1,lane-W,2,29.4,2,clear,2,14,0,0.07,RED,0.0,1.0,0.07
2026-07-29 14:22:50,int-1,lane-N,4,0.5,1,clear,2,14,1,0.03,GREEN,959.5,5.0,0.13
2026-07-29 14:22:50,int-1,lane-S,1,29.7,1,clear,2,14,0,0.03,RED,0.0,5.0,0.03
2026-07-29 14:22:50,int-1,lane-E,1,29.7,1,clear,2,14,0,0.03,RED,0.0,5.0,0.03
2026-07-29 14:22:50,int-1,lane-W,0,29.7,0,clear,2,14,0,0.0,RED,0.0,5.0,0.0
2026-07-29 14:22:56,int-1,lane-N,2,1.5,0,clear,2,14,1,0.0,GREEN,960.5,2.0,0.07
2026-07-29 14:22:56,int-1,lane-S,2,29.099999999999998,2,clear,2,14,0,0.07,RED,0.0,2.0,0.07
2026-07-29 14:22:56,int-1,lane-E,2,29.099999999999998,2,clear,2,14,0,0.07,RED,0.0,2.0,0.07
2026-07-29 14:22:56,int-1,lane-W,3,29.099999999999998,3,clear,2,14,0,0.1,RED,0.0,2.0,0.1
2026-07-29 14:23:05,int-1,lane-N,11,0.0,4,clear,2,14,0,0.13,RED,962.5,6.0,0.37
2026-07-29 14:23:05,int-1,lane-S,15,30.2,5,clear,2,14,0,0.17,GREEN,0.0,6.0,0.5
2026-07-29 14:23:05,int-1,lane-E,20,29.4,8,clear,2,14,0,0.27,RED,0.0,6.0,0.67
2026-07-29 14:23:05,int-1,lane-W,7,29.4,3,clear,2,14,0,0.1,RED,0.0,6.0,0.23
2026-07-29 14:23:13,int-1,lane-N,5,0.0,2,clear,2,14,0,0.07,RED,964.5,6.0,0.17
2026-07-29 14:23:13,int-1,lane-S,0,30.0,0,clear,2,14,0,0.0,GREEN,0.0,6.0,0.0
2026-07-29 14:23:13,int-1,lane-E,0,29.7,0,clear,2,14,0,0.0,RED,0.0,6.0,0.0
2026-07-29 14:23:13,int-1,lane-W,1,29.7,1,clear,2,14,0,0.03,RED,0.0,6.0,0.03
2026-07-29 14:23:19,int-1,lane-N,7,0.0,4,clear,2,14,1,0.13,RED,965.5,4.0,0.23
2026-07-29 14:23:19,int-1,lane-S,0,30.0,0,clear,2,14,0,0.0,GREEN,0.0,4.0,0.0
2026-07-29 14:23:19,int-1,lane-E,0,29.099999999999998,0,clear,2,14,0,0.0,RED,0.0,4.0,0.0
2026-07-29 14:23:19,int-1,lane-W,1,29.099999999999998,1,clear,2,14,0,0.03,RED,0.0,4.0,0.03
2026-07-29 14:23:26,int-1,lane-N,7,0.0,4,clear,2,14,1,0.13,RED,967.5,1.0,0.23
2026-07-29 14:23:26,int-1,lane-S,0,30.0,0,clear,2,14,0,0.0,GREEN,0.0,1.0,0.0
2026-07-29 14:23:26,int-1,lane-E,1,29.4,1,clear,2,14,0,0.03,RED,0.0,1.0,0.03
2026-07-29 14:23:26,int-1,lane-W,0,29.4,0,clear,2,14,0,0.0,RED,0.0,1.0,0.0
2026-07-29 14:23:33,int-1,lane-N,4,0.5,1,clear,2,14,1,0.03,GREEN,969.5,6.0,0.13
2026-07-29 14:23:33,int-1,lane-S,0,29.7,0,clear,2,14,0,0.0,RED,0.0,6.0,0.0
2026-07-29 14:23:33,int-1,lane-E,0,29.7,0,clear,2,14,0,0.0,RED,0.0,6.0,0.0
2026-07-29 14:23:33,int-1,lane-W,1,29.7,1,clear,2,14,0,0.03,RED,0.0,6.0,0.03
2026-07-29 14:23:39,int-1,lane-N,2,1.5,0,clear,2,14,0,0.0,GREEN,970.5,4.0,0.07
2026-07-29 14:23:39,int-1,lane-S,2,29.099999999999998,2,clear,2,14,0,0.07,RED,0.0,4.0,0.07
2026-07-29 14:23:39,int-1,lane-E,3,29.099999999999998,3,clear,2,14,0,0.1,RED,0.0,4.0,0.1
2026-07-29 14:23:39,int-1,lane-W,2,29.099999999999998,2,clear,2,14,0,0.07,RED,0.0,4.0,0.07
2026-07-29 14:23:47,int-1,lane-N,4,0.5,1,clear,2,14,0,0.03,YELLOW,972.5,2.0,0.13
2026-07-29 14:23:47,int-1,lane-S,0,29.4,0,clear,2,14,0,0.0,RED,0.0,2.0,0.0
2026-07-29 14:23:47,int-1,lane-E,1,29.4,1,clear,2,14,0,0.03,RED,0.0,2.0,0.03
2026-07-29 14:23:47,int-1,lane-W,1,29.4,1,clear,2,14,0,0.03,RED,0.0,2.0,0.03
2026-07-29 14:23:55,int-1,lane-N,5,0.0,2,clear,2,14,0,0.07,RED,974.5,6.0,0.17
2026-07-29 14:23:55,int-1,lane-S,0,30.0,0,clear,2,14,0,0.0,GREEN,0.0,6.0,0.0
2026-07-29 14:23:55,int-1,lane-E,1,29.7,1,clear,2,14,0,0.03,RED,0.0,6.0,0.03
2026-07-29 14:23:55,int-1,lane-W,1,29.7,1,clear,2,14,0,0.03,RED,0.0,6.0,0.03
2026-07-29 14:24:01,int-1,lane-N,6,0.0,3,clear,2,14,0,0.1,RED,975.5,5.0,0.2
2026-07-29 14:24:01,int-1,lane-S,0,30.0,0,clear,2,14,0,0.0,GREEN,0.0,5.0,0.0
2026-07-29 14:24:01,int-1,lane-E,1,29.099999999999998,1,clear,2,14,0,0.03,RED,0.0,5.0,0.03
2026-07-29 14:24:01,int-1,lane-W,1,29.099999999999998,1,clear,2,14,0,0.03,RED,0.0,5.0,0.03
2026-07-29 14:24:08,int-1,lane-N,6,0.0,3,clear,2,14,0,0.1,RED,977.5,2.0,0.2
2026-07-29 14:24:08,int-1,lane-S,0,30.0,0,clear,2,14,0,0.0,GREEN,0.0,2.0,0.0
2026-07-29 14:24:08,int-1,lane-E,0,29.4,0,clear,2,14,0,0.0,RED,0.0,2.0,0.0
2026-07-29 14:24:08,int-1,lane-W,2,29.4,2,clear,2,14,0,0.07,RED,0.0,2.0,0.07
2026-07-29 14:24:15,int-1,lane-N,5,0.0,2,clear,2,14,0,0.07,RED,979.5,1.0,0.17
2026-07-29 14:24:15,int-1,lane-S,0,30.0,0,clear,2,14,0,0.0,YELLOW,0.0,1.0,0.0
2026-07-29 14:24:15,int-1,lane-E,0,29.7,0,clear,2,14,0,0.0,RED,0.0,1.0,0.0
2026-07-29 14:24:15,int-1,lane-W,0,29.7,0,clear,2,14,0,0.0,RED,0.0,1.0,0.0
2026-07-29 14:24:21,int-1,lane-N,2,1.5,0,clear,2,14,0,0.0,GREEN,980.5,5.0,0.07
2026-07-29 14:24:21,int-1,lane-S,0,29.099999999999998,0,clear,2,14,0,0.0,RED,0.0,5.0,0.0
2026-07-29 14:24:21,int-1,lane-E,1,29.099999999999998,1,clear,2,14,0,0.03,RED,0.0,5.0,0.03
2026-07-29 14:24:21,int-1,lane-W,2,29.099999999999998,2,clear,2,14,0,0.07,RED,0.0,5.0,0.07
2026-07-29 14:24:28,int-1,lane-N,3,1.0,0,clear,2,14,0,0.0,GREEN,982.5,2.0,0.1
2026-07-29 14:24:28,int-1,lane-S,0,29.4,0,clear,2,14,0,0.0,RED,0.0,2.0,0.0
2026-07-29 14:24:28,int-1,lane-E,0,29.4,0,clear,2,14,0,0.0,RED,0.0,2.0,0.0
2026-07-29 14:24:28,int-1,lane-W,1,29.4,1,clear,2,14,0,0.03,RED,0.0,2.0,0.03
2026-07-29 14:24:36,int-1,lane-N,5,0.0,2,clear,2,14,0,0.07,YELLOW,984.5,1.0,0.17
2026-07-29 14:24:36,int-1,lane-S,0,29.7,0,clear,2,14,0,0.0,RED,0.0,1.0,0.0
2026-07-29 14:24:36,int-1,lane-E,0,29.7,0,clear,2,14,0,0.0,RED,0.0,1.0,0.0
2026-07-29 14:24:36,int-1,lane-W,0,29.7,0,clear,2,14,0,0.0,RED,0.0,1.0,0.0
2026-07-29 14:24:42,int-1,lane-N,7,0.0,4,clear,2,14,0,0.13,RED,985.5,6.0,0.23
2026-07-29 14:24:42,int-1,lane-S,0,30.0,0,clear,2,14,0,0.0,GREEN,0.0,6.0,0.0
2026-07-29 14:24:42,int-1,lane-E,2,29.099999999999998,2,clear,2,14,0,0.07,RED,0.0,6.0,0.07
2026-07-29 14:24:42,int-1,lane-W,0,29.099999999999998,0,clear,2,14,0,0.0,RED,0.0,6.0,0.0
2026-07-29 14:24:49,int-1,lane-N,6,0.0,3,clear,2,14,0,0.1,RED,987.5,5.0,0.2
2026-07-29 14:24:49,int-1,lane-S,0,30.0,0,clear,2,14,0,0.0,GREEN,0.0,5.0,0.0
2026-07-29 14:24:49,int-1,lane-E,1,29.4,1,clear,2,14,0,0.03,RED,0.0,5.0,0.03
2026-07-29 14:24:49,int-1,lane-W,0,29.4,0,clear,2,14,0,0.0,RED,0.0,5.0,0.0
2026-07-29 14:24:57,int-1,lane-N,6,0.0,3,clear,2,14,0,0.1,RED,989.5,2.0,0.2
2026-07-29 14:24:57,int-1,lane-S,0,30.0,0,clear,2,14,0,0.0,GREEN,0.0,2.0,0.0
2026-07-29 14:24:57,int-1,lane-E,0,29.7,0,clear,2,14,0,0.0,RED,0.0,2.0,0.0
2026-07-29 14:24:57,int-1,lane-W,1,29.7,1,clear,2,14,0,0.03,RED,0.0,2.0,0.03
2026-07-29 14:25:03,int-1,lane-N,14,0.5,5,clear,2,14,1,0.17,GREEN,990.5,6.0,0.47
2026-07-29 14:25:03,int-1,lane-S,16,29.7,6,clear,2,14,0,0.2,RED,0.0,6.0,0.53
2026-07-29 14:25:03,int-1,lane-E,20,29.099999999999998,8,clear,2,14,0,0.27,RED,0.0,6.0,0.67
2026-07-29 14:25:03,int-1,lane-W,7,29.099999999999998,3,clear,2,14,0,0.1,RED,0.0,6.0,0.23
2026-07-29 14:25:10,int-1,lane-N,3,1.0,0,clear,2,14,1,0.0,GREEN,992.5,6.0,0.1
2026-07-29 14:25:10,int-1,lane-S,0,29.4,0,clear,2,14,0,0.0,RED,0.0,6.0,0.0
2026-07-29 14:25:10,int-1,lane-E,1,29.4,1,clear,2,14,0,0.03,RED,0.0,6.0,0.03
2026-07-29 14:25:10,int-1,lane-W,0,29.4,0,clear,2,14,0,0.0,RED,0.0,6.0,0.0
2026-07-29 14:25:19,int-1,lane-N,4,0.5,1,clear,2,14,1,0.03,GREEN,994.5,4.0,0.13
2026-07-29 14:25:19,int-1,lane-S,0,29.7,0,clear,2,14,0,0.0,RED,0.0,4.0,0.0
2026-07-29 14:25:19,int-1,lane-E,0,29.7,0,clear,2,14,0,0.0,RED,0.0,4.0,0.0
2026-07-29 14:25:19,int-1,lane-W,1,29.7,1,clear,2,14,0,0.03,RED,0.0,4.0,0.03
2026-07-29 14:25:25,int-1,lane-N,3,1.0,0,clear,2,14,0,0.0,YELLOW,995.5,2.0,0.1
2026-07-29 14:25:25,int-1,lane-S,2,29.099999999999998,2,clear,2,14,0,0.07,RED,0.0,2.0,0.07
2026-07-29 14:25:25,int-1,lane-E,0,29.099999999999998,0,clear,2,14,0,0.0,RED,0.0,2.0,0.0
2026-07-29 14:25:25,int-1,lane-W,1,29.099999999999998,1,clear,2,14,0,0.03,RED,0.0,2.0,0.03
2026-07-29 14:25:32,int-1,lane-N,6,0.0,3,clear,2,14,0,0.1,RED,997.5,7.0,0.2
2026-07-29 14:25:32,int-1,lane-S,1,29.4,1,clear,2,14,0,0.03,RED,0.0,7.0,0.03
2026-07-29 14:25:32,int-1,lane-E,0,30.0,0,clear,2,14,0,0.0,GREEN,0.0,7.0,0.0
2026-07-29 14:25:32,int-1,lane-W,1,29.4,1,clear,2,14,0,0.03,RED,0.0,7.0,0.03
2026-07-29 14:25:39,int-1,lane-N,6,0.0,3,clear,2,14,0,0.1,RED,999.5,6.0,0.2
2026-07-29 14:25:39,int-1,lane-S,1,29.7,1,clear,2,14,0,0.03,RED,0.0,6.0,0.03
2026-07-29 14:25:39,int-1,lane-E,0,30.0,0,clear,2,14,0,0.0,GREEN,0.0,6.0,0.0
2026-07-29 14:25:39,int-1,lane-W,0,29.7,0,clear,2,14,0,0.0,RED,0.0,6.0,0.0
2026-07-29 14:25:45,int-1,lane-N,6,0.0,3,clear,2,14,0,0.1,RED,1000.5,6.0,0.2
2026-07-29 14:25:45,int-1,lane-S,0,29.099999999999998,0,clear,2,14,0,0.0,RED,0.0,6.0,0.0
2026-07-29 14:25:45,int-1,lane-E,0,30.0,0,clear,2,14,0,0.0,GREEN,0.0,6.0,0.0
2026-07-29 14:25:45,int-1,lane-W,1,29.099999999999998,1,clear,2,14,0,0.03,RED,0.0,6.0,0.03
2026-07-29 14:25:54,int-1,lane-N,5,0.0,2,clear,2,14,0,0.07,RED,1002.5,4.0,0.17
2026-07-29 14:25:54,int-1,lane-S,1,29.4,1,clear,2,14,0,0.03,RED,0.0,4.0,0.03
2026-07-29 14:25:54,int-1,lane-E,0,30.0,0,clear,2,14,0,0.0,GREEN,0.0,4.0,0.0
2026-07-29 14:25:54,int-1,lane-W,1,29.4,1,clear,2,14,0,0.03,RED,0.0,4.0,0.03
2026-07-29 14:26:01,int-1,lane-N,5,0.0,2,clear,2,14,0,0.07,RED,1004.5,1.0,0.17
2026-07-29 14:26:01,int-1,lane-S,0,29.7,0,clear,2,14,0,0.0,RED,0.0,1.0,0.0
2026-07-29 14:26:01,int-1,lane-E,0,30.0,0,clear,2,14,0,0.0,GREEN,0.0,1.0,0.0
2026-07-29 14:26:01,int-1,lane-W,0,29.7,0,clear,2,14,0,0.0,RED,0.0,1.0,0.0
2026-07-29 14:26:07,int-1,lane-N,9,1.0,2,clear,2,14,0,0.07,GREEN,1005.5,6.0,0.3
2026-07-29 14:26:07,int-1,lane-S,15,29.099999999999998,7,clear,2,14,0,0.23,RED,0.0,6.0,0.5
2026-07-29 14:26:07,int-1,lane-E,21,29.4,8,clear,2,14,0,0.27,RED,0.0,6.0,0.7
2026-07-29 14:26:07,int-1,lane-W,9,29.099999999999998,4,clear,2,14,0,0.13,RED,0.0,6.0,0.3
2026-07-29 14:26:13,int-1,lane-N,3,1.0,0,clear,2,14,0,0.0,GREEN,1007.5,4.0,0.1
2026-07-29 14:26:13,int-1,lane-S,0,29.4,0,clear,2,14,0,0.0,RED,0.0,4.0,0.0
2026-07-29 14:26:13,int-1,lane-E,0,29.4,0,clear,2,14,0,0.0,RED,0.0,4.0,0.0
2026-07-29 14:26:13,int-1,lane-W,0,29.4,0,clear,2,14,0,0.0,RED,0.0,4.0,0.0
2026-07-29 14:26:21,int-1,lane-N,5,0.0,2,clear,2,14,0,0.07,YELLOW,1009.5,2.0,0.17
2026-07-29 14:26:21,int-1,lane-S,1,29.7,1,clear,2,14,0,0.03,RED,0.0,2.0,0.03
2026-07-29 14:26:21,int-1,lane-E,1,29.7,1,clear,2,14,0,0.03,RED,0.0,2.0,0.03
2026-07-29 14:26:21,int-1,lane-W,0,29.7,0,clear,2,14,0,0.0,RED,0.0,2.0,0.0
2026-07-29 14:26:27,int-1,lane-N,15,0.0,7,clear,2,14,0,0.23,RED,1010.5,6.0,0.5
2026-07-29 14:26:27,int-1,lane-S,11,31.5,3,clear,2,14,0,0.1,GREEN,0.0,6.0,0.37
2026-07-29 14:26:27,int-1,lane-E,22,29.099999999999998,9,clear,2,14,0,0.3,RED,0.0,6.0,0.73
2026-07-29 14:26:27,int-1,lane-W,8,29.099999999999998,4,clear,2,14,0,0.13,RED,0.0,6.0,0.27
2026-07-29 14:26:35,int-1,lane-N,6,0.0,3,clear,2,14,0,0.1,RED,1012.5,5.0,0.2
2026-07-29 14:26:35,int-1,lane-S,0,30.0,0,clear,2,14,0,0.0,GREEN,0.0,5.0,0.0
2026-07-29 14:26:35,int-1,lane-E,2,29.4,2,clear,2,14,0,0.07,RED,0.0,5.0,0.07
2026-07-29 14:26:35,int-1,lane-W,0,29.4,0,clear,2,14,0,0.0,RED,0.0,5.0,0.0
2026-07-29 14:26:42,int-1,lane-N,6,0.0,3,clear,2,14,0,0.1,RED,1014.5,2.0,0.2
2026-07-29 14:26:42,int-1,lane-S,0,30.0,0,clear,2,14,0,0.0,GREEN,0.0,2.0,0.0
2026-07-29 14:26:42,int-1,lane-E,1,29.7,1,clear,2,14,0,0.03,RED,0.0,2.0,0.03
2026-07-29 14:26:42,int-1,lane-W,0,29.7,0,clear,2,14,0,0.0,RED,0.0,2.0,0.0
2026-07-29 14:26:48,int-1,lane-N,12,0.5,4,clear,2,14,0,0.13,GREEN,1015.5,6.0,0.4
2026-07-29 14:26:48,int-1,lane-S,14,29.7,6,clear,2,14,0,0.2,RED,0.0,6.0,0.47
2026-07-29 14:26:48,int-1,lane-E,21,29.099999999999998,8,clear,2,14,0,0.27,RED,0.0,6.0,0.7
2026-07-29 14:26:48,int-1,lane-W,8,29.099999999999998,4,clear,2,14,0,0.13,RED,0.0,6.0,0.27
2026-07-29 14:26:57,int-1,lane-N,3,1.0,0,clear,2,14,0,0.0,GREEN,1017.5,5.0,0.1
2026-07-29 14:26:57,int-1,lane-S,1,29.4,1,clear,2,14,0,0.03,RED,0.0,5.0,0.03
2026-07-29 14:26:57,int-1,lane-E,1,29.4,1,clear,2,14,0,0.03,RED,0.0,5.0,0.03
2026-07-29 14:26:57,int-1,lane-W,2,29.4,2,clear,2,14,0,0.07,RED,0.0,5.0,0.07
2026-07-29 14:27:05,int-1,lane-N,4,0.5,1,clear,2,14,0,0.03,GREEN,1019.5,2.0,0.13
2026-07-29 14:27:05,int-1,lane-S,0,29.7,0,clear,2,14,0,0.0,RED,0.0,2.0,0.0
2026-07-29 14:27:05,int-1,lane-E,1,29.7,1,clear,2,14,0,0.03,RED,0.0,2.0,0.03
2026-07-29 14:27:05,int-1,lane-W,1,29.7,1,clear,2,14,0,0.03,RED,0.0,2.0,0.03
2026-07-29 14:27:11,int-1,lane-N,5,0.0,2,clear,2,14,1,0.07,YELLOW,1020.5,1.0,0.17
2026-07-29 14:27:11,int-1,lane-S,1,29.099999999999998,1,clear,2,14,0,0.03,RED,0.0,1.0,0.03
2026-07-29 14:27:11,int-1,lane-E,2,29.099999999999998,2,clear,2,14,0,0.07,RED,0.0,1.0,0.07
2026-07-29 14:27:11,int-1,lane-W,2,29.099999999999998,2,clear,2,14,0,0.07,RED,0.0,1.0,0.07
2026-07-29 14:27:17,int-1,lane-N,3,1.0,0,clear,2,14,1,0.0,GREEN,1022.5,5.0,0.1
2026-07-29 14:27:17,int-1,lane-S,2,29.4,2,clear,2,14,0,0.07,RED,0.0,5.0,0.07
2026-07-29 14:27:17,int-1,lane-E,0,29.4,0,clear,2,14,0,0.0,RED,0.0,5.0,0.0
2026-07-29 14:27:17,int-1,lane-W,1,29.4,1,clear,2,14,0,0.03,RED,0.0,5.0,0.03
2026-07-29 14:27:26,int-1,lane-N,4,0.5,1,clear,2,14,1,0.03,GREEN,1024.5,2.0,0.13
2026-07-29 14:27:26,int-1,lane-S,0,29.7,0,clear,2,14,0,0.0,RED,0.0,2.0,0.0
2026-07-29 14:27:26,int-1,lane-E,1,29.7,1,clear,2,14,0,0.03,RED,0.0,2.0,0.03
2026-07-29 14:27:26,int-1,lane-W,0,29.7,0,clear,2,14,0,0.0,RED,0.0,2.0,0.0
2026-07-29 14:27:32,int-1,lane-N,5,0.0,2,clear,2,14,0,0.07,YELLOW,1025.5,1.0,0.17
2026-07-29 14:27:32,int-1,lane-S,0,29.099999999999998,0,clear,2,14,0,0.0,RED,0.0,1.0,0.0
2026-07-29 14:27:32,int-1,lane-E,1,29.099999999999998,1,clear,2,14,0,0.03,RED,0.0,1.0,0.03
2026-07-29 14:27:32,int-1,lane-W,0,29.099999999999998,0,clear,2,14,0,0.0,RED,0.0,1.0,0.0
2026-07-29 14:27:39,int-1,lane-N,5,0.0,2,clear,2,14,1,0.07,RED,1027.5,5.0,0.17
2026-07-29 14:27:39,int-1,lane-S,0,30.0,0,clear,2,14,0,0.0,GREEN,0.0,5.0,0.0
2026-07-29 14:27:39,int-1,lane-E,1,29.4,1,clear,2,14,0,0.03,RED,0.0,5.0,0.03
2026-07-29 14:27:39,int-1,lane-W,0,29.4,0,clear,2,14,0,0.0,RED,0.0,5.0,0.0
2026-07-29 14:27:47,int-1,lane-N,5,0.0,2,clear,2,14,1,0.07,RED,1029.5,2.0,0.17
2026-07-29 14:27:47,int-1,lane-S,0,30.0,0,clear,2,14,0,0.0,GREEN,0.0,2.0,0.0
2026-07-29 14:27:47,int-1,lane-E,0,29.7,0,clear,2,14,0,0.0,RED,0.0,2.0,0.0
2026-07-29 14:27:47,int-1,lane-W,1,29.7,1,clear,2,14,0,0.03,RED,0.0,2.0,0.03
2026-07-29 14:27:54,int-1,lane-N,6,0.0,3,clear,2,14,1,0.1,RED,1030.5,1.0,0.2
2026-07-29 14:27:54,int-1,lane-S,0,30.0,0,clear,2,14,0,0.0,YELLOW,0.0,1.0,0.0
2026-07-29 14:27:54,int-1,lane-E,0,29.099999999999998,0,clear,2,14,0,0.0,RED,0.0,1.0,0.0
2026-07-29 14:27:54,int-1,lane-W,1,29.099999999999998,1,clear,2,14,0,0.03,RED,0.0,1.0,0.03
2026-07-29 14:28:01,int-1,lane-N,3,1.0,0,clear,2,14,0,0.0,GREEN,1032.5,5.0,0.1
2026-07-29 14:28:01,int-1,lane-S,1,29.4,1,clear,2,14,0,0.03,RED,0.0,5.0,0.03
2026-07-29 14:28:01,int-1,lane-E,1,29.4,1,clear,2,14,0,0.03,RED,0.0,5.0,0.03
2026-07-29 14:28:01,int-1,lane-W,0,29.4,0,clear,2,14,0,0.0,RED,0.0,5.0,0.0
2026-07-29 14:28:08,int-1,lane-N,4,0.5,1,clear,2,14,0,0.03,GREEN,1034.5,2.0,0.13
2026-07-29 14:28:08,int-1,lane-S,1,29.7,1,clear,2,14,0,0.03,RED,0.0,2.0,0.03
2026-07-29 14:28:08,int-1,lane-E,0,29.7,0,clear,2,14,0,0.0,RED,0.0,2.0,0.0
2026-07-29 14:28:08,int-1,lane-W,0,29.7,0,clear,2,14,0,0.0,RED,0.0,2.0,0.0
2026-07-29 14:28:14,int-1,lane-N,5,0.0,2,clear,2,14,0,0.07,YELLOW,1035.5,1.0,0.17
2026-07-29 14:28:14,int-1,lane-S,2,29.099999999999998,2,clear,2,14,0,0.07,RED,0.0,1.0,0.07
2026-07-29 14:28:14,int-1,lane-E,1,29.099999999999998,1,clear,2,14,0,0.03,RED,0.0,1.0,0.03
2026-07-29 14:28:14,int-1,lane-W,1,29.099999999999998,1,clear,2,14,0,0.03,RED,0.0,1.0,0.03
2026-07-29 14:28:21,int-1,lane-N,6,0.0,3,clear,2,14,0,0.1,RED,1037.5,6.0,0.2
2026-07-29 14:28:21,int-1,lane-S,0,30.0,0,clear,2,14,0,0.0,GREEN,0.0,6.0,0.0
2026-07-29 14:28:21,int-1,lane-E,0,29.4,0,clear,2,14,0,0.0,RED,0.0,6.0,0.0
2026-07-29 14:28:21,int-1,lane-W,1,29.4,1,clear,2,14,0,0.03,RED,0.0,6.0,0.03
2026-07-29 14:28:29,int-1,lane-N,6,0.0,3,clear,2,14,0,0.1,RED,1039.5,4.0,0.2
2026-07-29 14:28:29,int-1,lane-S,0,30.0,0,clear,2,14,0,0.0,GREEN,0.0,4.0,0.0
2026-07-29 14:28:29,int-1,lane-E,0,29.7,0,clear,2,14,0,0.0,RED,0.0,4.0,0.0
2026-07-29 14:28:29,int-1,lane-W,0,29.7,0,clear,2,14,0,0.0,RED,0.0,4.0,0.0
2026-07-29 14:28:35,int-1,lane-N,8,0.0,5,clear,2,14,0,0.17,RED,1040.5,2.0,0.27
2026-07-29 14:28:35,int-1,lane-S,0,30.0,0,clear,2,14,0,0.0,YELLOW,0.0,2.0,0.0
2026-07-29 14:28:35,int-1,lane-E,1,29.099999999999998,1,clear,2,14,0,0.03,RED,0.0,2.0,0.03
2026-07-29 14:28:35,int-1,lane-W,2,29.099999999999998,2,clear,2,14,0,0.07,RED,0.0,2.0,0.07
2026-07-29 14:28:42,int-1,lane-N,3,1.0,0,clear,2,14,0,0.0,GREEN,1042.5,6.0,0.1
2026-07-29 14:28:42,int-1,lane-S,2,29.4,2,clear,2,14,0,0.07,RED,0.0,6.0,0.07
2026-07-29 14:28:42,int-1,lane-E,0,29.4,0,clear,2,14,0,0.0,RED,0.0,6.0,0.0
2026-07-29 14:28:42,int-1,lane-W,1,29.4,1,clear,2,14,0,0.03,RED,0.0,6.0,0.03
2026-07-29 14:28:49,int-1,lane-N,4,0.5,1,clear,2,14,0,0.03,GREEN,1044.5,4.0,0.13
2026-07-29 14:28:49,int-1,lane-S,1,29.7,1,clear,2,14,0,0.03,RED,0.0,4.0,0.03
2026-07-29 14:28:49,int-1,lane-E,0,29.7,0,clear,2,14,0,0.0,RED,0.0,4.0,0.0
2026-07-29 14:28:49,int-1,lane-W,0,29.7,0,clear,2,14,0,0.0,RED,0.0,4.0,0.0
2026-07-29 14:28:55,int-1,lane-N,3,1.0,0,clear,2,14,0,0.0,YELLOW,1045.5,2.0,0.1
2026-07-29 14:28:55,int-1,lane-S,2,29.099999999999998,2,clear,2,14,0,0.07,RED,0.0,2.0,0.07
2026-07-29 14:28:55,int-1,lane-E,1,29.099999999999998,1,clear,2,14,0,0.03,RED,0.0,2.0,0.03
2026-07-29 14:28:55,int-1,lane-W,2,29.099999999999998,2,clear,2,14,0,0.07,RED,0.0,2.0,0.07
2026-07-29 14:29:03,int-1,lane-N,6,0.0,3,clear,2,14,0,0.1,RED,1047.5,4.0,0.2
2026-07-29 14:29:03,int-1,lane-S,1,29.4,1,clear,2,14,0,0.03,RED,0.0,4.0,0.03
2026-07-29 14:29:03,int-1,lane-E,1,29.4,1,clear,2,14,0,0.03,RED,0.0,4.0,0.03
2026-07-29 14:29:03,int-1,lane-W,0,30.0,0,clear,2,14,0,0.0,GREEN,0.0,4.0,0.0
2026-07-29 14:29:10,int-1,lane-N,6,0.0,3,clear,2,14,0,0.1,RED,1049.5,2.0,0.2
2026-07-29 14:29:10,int-1,lane-S,1,29.7,1,clear,2,14,0,0.03,RED,0.0,2.0,0.03
2026-07-29 14:29:10,int-1,lane-E,0,29.7,0,clear,2,14,0,0.0,RED,0.0,2.0,0.0
2026-07-29 14:29:10,int-1,lane-W,0,30.0,0,clear,2,14,0,0.0,YELLOW,0.0,2.0,0.0
2026-07-29 14:29:16,int-1,lane-N,10,1.5,2,clear,2,14,0,0.07,GREEN,1050.5,6.0,0.33
2026-07-29 14:29:16,int-1,lane-S,17,29.099999999999998,9,clear,2,14,0,0.3,RED,0.0,6.0,0.57
2026-07-29 14:29:16,int-1,lane-E,21,29.099999999999998,10,clear,2,14,0,0.33,RED,0.0,6.0,0.7
2026-07-29 14:29:16,int-1,lane-W,8,29.099999999999998,4,clear,2,14,0,0.13,RED,0.0,6.0,0.27
2026-07-29 14:29:23,int-1,lane-N,3,1.0,0,clear,2,14,0,0.0,GREEN,1052.5,4.0,0.1
2026-07-29 14:29:23,int-1,lane-S,0,29.4,0,clear,2,14,0,0.0,RED,0.0,4.0,0.0
2026-07-29 14:29:23,int-1,lane-E,1,29.4,1,clear,2,14,0,0.03,RED,0.0,4.0,0.03
2026-07-29 14:29:23,int-1,lane-W,1,29.4,1,clear,2,14,0,0.03,RED,0.0,4.0,0.03
2026-07-29 14:29:31,int-1,lane-N,4,0.5,1,clear,2,14,0,0.03,GREEN,1054.5,1.0,0.13
2026-07-29 14:29:31,int-1,lane-S,0,29.7,0,clear,2,14,0,0.0,RED,0.0,1.0,0.0
2026-07-29 14:29:31,int-1,lane-E,1,29.7,1,clear,2,14,0,0.03,RED,0.0,1.0,0.03
2026-07-29 14:29:31,int-1,lane-W,1,29.7,1,clear,2,14,0,0.03,RED,0.0,1.0,0.03
2026-07-29 14:29:37,int-1,lane-N,12,0.0,5,clear,2,14,0,0.17,RED,1055.5,6.0,0.4
2026-07-29 14:29:37,int-1,lane-S,12,30.7,4,clear,2,14,0,0.13,GREEN,0.0,6.0,0.4
2026-07-29 14:29:37,int-1,lane-E,20,29.099999999999998,8,clear,2,14,0,0.27,RED,0.0,6.0,0.67
2026-07-29 14:29:37,int-1,lane-W,8,29.099999999999998,4,clear,2,14,0,0.13,RED,0.0,6.0,0.27
2026-07-29 14:29:44,int-1,lane-N,6,0.0,3,clear,2,14,0,0.1,RED,1057.5,5.0,0.2
2026-07-29 14:29:44,int-1,lane-S,0,30.0,0,clear,2,14,0,0.0,GREEN,0.0,5.0,0.0
2026-07-29 14:29:44,int-1,lane-E,0,29.4,0,clear,2,14,0,0.0,RED,0.0,5.0,0.0
2026-07-29 14:29:44,int-1,lane-W,1,29.4,1,clear,2,14,0,0.03,RED,0.0,5.0,0.03
2026-07-29 14:29:52,int-1,lane-N,6,0.0,3,clear,2,14,0,0.1,RED,1059.5,2.0,0.2
2026-07-29 14:29:52,int-1,lane-S,0,30.0,0,clear,2,14,0,0.0,GREEN,0.0,2.0,0.0
2026-07-29 14:29:52,int-1,lane-E,0,29.7,0,clear,2,14,0,0.0,RED,0.0,2.0,0.0
2026-07-29 14:29:52,int-1,lane-W,1,29.7,1,clear,2,14,0,0.03,RED,0.0,2.0,0.03
2026-07-29 14:29:58,int-1,lane-N,6,0.0,3,clear,2,14,0,0.1,RED,1060.5,1.0,0.2
2026-07-29 14:29:58,int-1,lane-S,0,30.0,0,clear,2,14,0,0.0,YELLOW,0.0,1.0,0.0
2026-07-29 14:29:58,int-1,lane-E,1,29.099999999999998,1,clear,2,14,0,0.03,RED,0.0,1.0,0.03
2026-07-29 14:29:58,int-1,lane-W,1,29.099999999999998,1,clear,2,14,0,0.03,RED,0.0,1.0,0.03
2026-07-29 14:30:06,int-1,lane-N,3,1.0,0,clear,2,14,0,0.0,GREEN,1062.5,6.0,0.1
2026-07-29 14:30:06,int-1,lane-S,2,29.4,2,clear,2,14,0,0.07,RED,0.0,6.0,0.07
2026-07-29 14:30:06,int-1,lane-E,2,29.4,2,clear,2,14,0,0.07,RED,0.0,6.0,0.07
2026-07-29 14:30:06,int-1,lane-W,1,29.4,1,clear,2,14,0,0.03,RED,0.0,6.0,0.03
2026-07-29 14:30:35,int-1,lane-N,4,0.5,1,clear,2,14,0,0.03,GREEN,1064.5,4.0,0.13
2026-07-29 14:30:35,int-1,lane-S,0,29.7,0,clear,2,14,0,0.0,RED,0.0,4.0,0.0
2026-07-29 14:30:35,int-1,lane-E,0,29.7,0,clear,2,14,0,0.0,RED,0.0,4.0,0.0
2026-07-29 14:30:35,int-1,lane-W,0,29.7,0,clear,2,14,0,0.0,RED,0.0,4.0,0.0
2026-07-29 14:30:53,int-1,lane-N,3,1.0,0,clear,2,14,0,0.0,YELLOW,1065.5,2.0,0.1
2026-07-29 14:30:53,int-1,lane-S,2,29.099999999999998,2,clear,2,14,0,0.07,RED,0.0,2.0,0.07
2026-07-29 14:30:53,int-1,lane-E,0,29.099999999999998,0,clear,2,14,0,0.0,RED,0.0,2.0,0.0
2026-07-29 14:30:53,int-1,lane-W,1,29.099999999999998,1,clear,2,14,0,0.03,RED,0.0,2.0,0.03
2026-07-29 14:31:21,int-1,lane-N,6,0.0,3,clear,2,14,0,0.1,RED,1067.5,6.0,0.2
2026-07-29 14:31:21,int-1,lane-S,0,30.0,0,clear,2,14,0,0.0,GREEN,0.0,6.0,0.0
2026-07-29 14:31:21,int-1,lane-E,0,29.4,0,clear,2,14,0,0.0,RED,0.0,6.0,0.0
2026-07-29 14:31:21,int-1,lane-W,1,29.4,1,clear,2,14,0,0.03,RED,0.0,6.0,0.03
2026-07-29 14:31:50,int-1,lane-N,5,0.0,2,clear,2,14,0,0.07,RED,1069.5,4.0,0.17
2026-07-29 14:31:50,int-1,lane-S,0,30.0,0,clear,2,14,0,0.0,GREEN,0.0,4.0,0.0
2026-07-29 14:31:50,int-1,lane-E,1,29.7,1,clear,2,14,0,0.03,RED,0.0,4.0,0.03
2026-07-29 14:31:50,int-1,lane-W,1,29.7,1,clear,2,14,0,0.03,RED,0.0,4.0,0.03
2026-07-29 14:32:07,int-1,lane-N,5,0.0,2,clear,2,14,0,0.07,RED,1070.5,1.0,0.17
2026-07-29 14:32:07,int-1,lane-S,0,30.0,0,clear,2,14,0,0.0,GREEN,0.0,1.0,0.0
2026-07-29 14:32:07,int-1,lane-E,0,29.099999999999998,0,clear,2,14,0,0.0,RED,0.0,1.0,0.0
2026-07-29 14:32:07,int-1,lane-W,1,29.099999999999998,1,clear,2,14,0,0.03,RED,0.0,1.0,0.03
2026-07-29 14:32:34,int-1,lane-N,13,1.0,4,clear,2,14,0,0.13,GREEN,1072.5,6.0,0.43
2026-07-29 14:32:34,int-1,lane-S,14,29.4,6,clear,2,14,0,0.2,RED,0.0,6.0,0.47
2026-07-29 14:32:34,int-1,lane-E,19,29.4,8,clear,2,14,0,0.27,RED,0.0,6.0,0.63
2026-07-29 14:32:34,int-1,lane-W,6,29.4,2,clear,2,14,0,0.07,RED,0.0,6.0,0.2
2026-07-29 14:33:02,int-1,lane-N,4,0.5,1,clear,2,14,0,0.03,GREEN,1074.5,6.0,0.13
2026-07-29 14:33:02,int-1,lane-S,1,29.7,1,clear,2,14,0,0.03,RED,0.0,6.0,0.03
2026-07-29 14:33:02,int-1,lane-E,0,29.7,0,clear,2,14,0,0.0,RED,0.0,6.0,0.0
2026-07-29 14:33:02,int-1,lane-W,0,29.7,0,clear,2,14,0,0.0,RED,0.0,6.0,0.0
2026-07-29 14:33:18,int-1,lane-N,2,1.5,0,clear,2,14,0,0.0,GREEN,1075.5,3.0,0.07
2026-07-29 14:33:18,int-1,lane-S,3,29.099999999999998,3,clear,2,14,0,0.1,RED,0.0,3.0,0.1
2026-07-29 14:33:18,int-1,lane-E,1,29.099999999999998,1,clear,2,14,0,0.03,RED,0.0,3.0,0.03
2026-07-29 14:33:18,int-1,lane-W,1,29.099999999999998,1,clear,2,14,0,0.03,RED,0.0,3.0,0.03
2026-07-29 14:33:44,int-1,lane-N,5,0.0,2,clear,2,14,0,0.07,YELLOW,1077.5,2.0,0.17
2026-07-29 14:33:44,int-1,lane-S,0,29.4,0,clear,2,14,0,0.0,RED,0.0,2.0,0.0
2026-07-29 14:33:44,int-1,lane-E,0,29.4,0,clear,2,14,0,0.0,RED,0.0,2.0,0.0
2026-07-29 14:33:44,int-1,lane-W,0,29.4,0,clear,2,14,0,0.0,RED,0.0,2.0,0.0
2026-07-29 14:34:02,int-1,lane-N,5,0.0,2,clear,2,14,0,0.07,RED,1079.5,6.0,0.17
2026-07-29 14:34:02,int-1,lane-S,0,30.0,0,clear,2,14,0,0.0,GREEN,0.0,6.0,0.0
2026-07-29 14:34:02,int-1,lane-E,0,29.7,0,clear,2,14,0,0.0,RED,0.0,6.0,0.0
2026-07-29 14:34:02,int-1,lane-W,0,29.7,0,clear,2,14,0,0.0,RED,0.0,6.0,0.0
2026-07-29 14:34:17,int-1,lane-N,5,0.0,2,clear,2,14,0,0.07,RED,1080.5,5.0,0.17
2026-07-29 14:34:17,int-1,lane-S,0,30.0,0,clear,2,14,0,0.0,GREEN,0.0,5.0,0.0
2026-07-29 14:34:17,int-1,lane-E,1,29.099999999999998,1,clear,2,14,0,0.03,RED,0.0,5.0,0.03
2026-07-29 14:34:17,int-1,lane-W,2,29.099999999999998,2,clear,2,14,0,0.07,RED,0.0,5.0,0.07
2026-07-29 14:34:37,int-1,lane-N,5,0.0,2,clear,2,14,0,0.07,RED,1082.5,2.0,0.17
2026-07-29 14:34:37,int-1,lane-S,0,30.0,0,clear,2,14,0,0.0,GREEN,0.0,2.0,0.0
2026-07-29 14:34:37,int-1,lane-E,1,29.4,1,clear,2,14,0,0.03,RED,0.0,2.0,0.03
2026-07-29 14:34:37,int-1,lane-W,0,29.4,0,clear,2,14,0,0.0,RED,0.0,2.0,0.0
2026-07-29 14:34:53,int-1,lane-N,12,0.5,4,clear,2,14,0,0.13,GREEN,1084.5,6.0,0.4
2026-07-29 14:34:53,int-1,lane-S,14,29.7,6,clear,2,14,0,0.2,RED,0.0,6.0,0.47
2026-07-29 14:34:53,int-1,lane-E,21,29.7,8,clear,2,14,0,0.27,RED,0.0,6.0,0.7
2026-07-29 14:34:53,int-1,lane-W,6,29.7,2,clear,2,14,0,0.07,RED,0.0,6.0,0.2
2026-07-29 14:35:04,int-1,lane-N,2,1.5,0,clear,2,14,0,0.0,GREEN,1085.5,5.0,0.07
2026-07-29 14:35:04,int-1,lane-S,1,29.099999999999998,1,clear,2,14,0,0.03,RED,0.0,5.0,0.03
2026-07-29 14:35:04,int-1,lane-E,0,29.099999999999998,0,clear,2,14,0,0.0,RED,0.0,5.0,0.0
2026-07-29 14:35:04,int-1,lane-W,1,29.099999999999998,1,clear,2,14,0,0.03,RED,0.0,5.0,0.03
2026-07-29 14:35:18,int-1,lane-N,3,1.0,0,clear,2,14,0,0.0,GREEN,1087.5,2.0,0.1
2026-07-29 14:35:18,int-1,lane-S,1,29.4,1,clear,2,14,0,0.03,RED,0.0,2.0,0.03
2026-07-29 14:35:18,int-1,lane-E,0,29.4,0,clear,2,14,0,0.0,RED,0.0,2.0,0.0
2026-07-29 14:35:18,int-1,lane-W,0,29.4,0,clear,2,14,0,0.0,RED,0.0,2.0,0.0
2026-07-29 14:35:40,int-1,lane-N,5,0.0,2,clear,2,14,1,0.07,YELLOW,1089.5,1.0,0.17
2026-07-29 14:35:40,int-1,lane-S,1,29.7,1,clear,2,14,0,0.03,RED,0.0,1.0,0.03
2026-07-29 14:35:40,int-1,lane-E,1,29.7,1,clear,2,14,0,0.03,RED,0.0,1.0,0.03
2026-07-29 14:35:40,int-1,lane-W,0,29.7,0,clear,2,14,0,0.0,RED,0.0,1.0,0.0
2026-07-29 14:35:48,int-1,lane-N,2,1.5,0,clear,2,14,1,0.0,GREEN,1090.5,6.0,0.07
2026-07-29 14:35:48,int-1,lane-S,1,29.099999999999998,1,clear,2,14,0,0.03,RED,0.0,6.0,0.03
2026-07-29 14:35:48,int-1,lane-E,1,29.099999999999998,1,clear,2,14,0,0.03,RED,0.0,6.0,0.03
2026-07-29 14:35:48,int-1,lane-W,1,29.099999999999998,1,clear,2,14,0,0.03,RED,0.0,6.0,0.03
2026-07-29 14:36:02,int-1,lane-N,3,1.0,0,clear,2,14,1,0.0,GREEN,1092.5,4.0,0.1
2026-07-29 14:36:02,int-1,lane-S,1,29.4,1,clear,2,14,0,0.03,RED,0.0,4.0,0.03
2026-07-29 14:36:02,int-1,lane-E,0,29.4,0,clear,2,14,0,0.0,RED,0.0,4.0,0.0
2026-07-29 14:36:02,int-1,lane-W,2,29.4,2,clear,2,14,0,0.07,RED,0.0,4.0,0.07
2026-07-29 14:36:10,int-1,lane-N,5,0.0,2,clear,2,14,0,0.07,YELLOW,1094.5,2.0,0.17
2026-07-29 14:36:10,int-1,lane-S,1,29.7,1,clear,2,14,0,0.03,RED,0.0,2.0,0.03
2026-07-29 14:36:10,int-1,lane-E,1,29.7,1,clear,2,14,0,0.03,RED,0.0,2.0,0.03
2026-07-29 14:36:10,int-1,lane-W,1,29.7,1,clear,2,14,0,0.03,RED,0.0,2.0,0.03
2026-07-29 14:36:16,int-1,lane-N,12,0.0,5,clear,2,14,0,0.17,RED,1095.5,6.0,0.4
2026-07-29 14:36:16,int-1,lane-S,9,31.5,2,clear,2,14,0,0.07,GREEN,0.0,6.0,0.3
2026-07-29 14:36:16,int-1,lane-E,20,29.099999999999998,9,clear,2,14,0,0.3,RED,0.0,6.0,0.67
2026-07-29 14:36:16,int-1,lane-W,8,29.099999999999998,4,clear,2,14,0,0.13,RED,0.0,6.0,0.27
2026-07-29 14:36:24,int-1,lane-N,6,0.0,3,clear,2,14,0,0.1,RED,1097.5,4.0,0.2
2026-07-29 14:36:24,int-1,lane-S,0,30.0,0,clear,2,14,0,0.0,GREEN,0.0,4.0,0.0
2026-07-29 14:36:24,int-1,lane-E,0,29.4,0,clear,2,14,0,0.0,RED,0.0,4.0,0.0
2026-07-29 14:36:24,int-1,lane-W,1,29.4,1,clear,2,14,0,0.03,RED,0.0,4.0,0.03
2026-07-29 14:36:34,int-1,lane-N,6,0.0,3,clear,2,14,0,0.1,RED,1099.5,2.0,0.2
2026-07-29 14:36:34,int-1,lane-S,0,30.0,0,clear,2,14,0,0.0,YELLOW,0.0,2.0,0.0
2026-07-29 14:36:34,int-1,lane-E,0,29.7,0,clear,2,14,0,0.0,RED,0.0,2.0,0.0
2026-07-29 14:36:34,int-1,lane-W,0,29.7,0,clear,2,14,0,0.0,RED,0.0,2.0,0.0
2026-07-29 14:36:39,int-1,lane-N,9,1.5,2,clear,2,14,0,0.07,GREEN,1100.5,6.0,0.3
2026-07-29 14:36:39,int-1,lane-S,14,29.099999999999998,6,clear,2,14,0,0.2,RED,0.0,6.0,0.47
2026-07-29 14:36:39,int-1,lane-E,20,29.099999999999998,8,clear,2,14,0,0.27,RED,0.0,6.0,0.67
2026-07-29 14:36:39,int-1,lane-W,11,29.099999999999998,6,clear,2,14,0,0.2,RED,0.0,6.0,0.37
2026-07-29 14:36:47,int-1,lane-N,3,1.0,0,clear,2,14,0,0.0,GREEN,1102.5,4.0,0.1
2026-07-29 14:36:47,int-1,lane-S,1,29.4,1,clear,2,14,0,0.03,RED,0.0,4.0,0.03
2026-07-29 14:36:47,int-1,lane-E,0,29.4,0,clear,2,14,0,0.0,RED,0.0,4.0,0.0
2026-07-29 14:36:47,int-1,lane-W,1,29.4,1,clear,2,14,0,0.03,RED,0.0,4.0,0.03
2026-07-29 14:36:59,int-1,lane-N,5,0.0,2,clear,2,14,0,0.07,YELLOW,1104.5,2.0,0.17
2026-07-29 14:36:59,int-1,lane-S,0,29.7,0,clear,2,14,0,0.0,RED,0.0,2.0,0.0
2026-07-29 14:36:59,int-1,lane-E,0,29.7,0,clear,2,14,0,0.0,RED,0.0,2.0,0.0
2026-07-29 14:36:59,int-1,lane-W,0,29.7,0,clear,2,14,0,0.0,RED,0.0,2.0,0.0
2026-07-29 14:37:06,int-1,lane-N,13,0.0,6,clear,2,14,0,0.2,RED,1105.5,6.0,0.43
2026-07-29 14:37:06,int-1,lane-S,12,31.5,3,clear,2,14,0,0.1,GREEN,0.0,6.0,0.4
2026-07-29 14:37:06,int-1,lane-E,19,29.099999999999998,8,clear,2,14,0,0.27,RED,0.0,6.0,0.63
2026-07-29 14:37:06,int-1,lane-W,10,29.099999999999998,6,clear,2,14,0,0.2,RED,0.0,6.0,0.33
2026-07-29 14:37:13,int-1,lane-N,6,0.0,3,clear,2,14,0,0.1,RED,1107.5,5.0,0.2
2026-07-29 14:37:13,int-1,lane-S,0,30.0,0,clear,2,14,0,0.0,GREEN,0.0,5.0,0.0
2026-07-29 14:37:13,int-1,lane-E,2,29.4,2,clear,2,14,0,0.07,RED,0.0,5.0,0.07
2026-07-29 14:37:13,int-1,lane-W,0,29.4,0,clear,2,14,0,0.0,RED,0.0,5.0,0.0
2026-07-29 14:37:21,int-1,lane-N,5,0.0,2,clear,2,14,0,0.07,RED,1109.5,2.0,0.17
2026-07-29 14:37:21,int-1,lane-S,0,30.0,0,clear,2,14,0,0.0,GREEN,0.0,2.0,0.0
2026-07-29 14:37:21,int-1,lane-E,1,29.7,1,clear,2,14,0,0.03,RED,0.0,2.0,0.03
2026-07-29 14:37:21,int-1,lane-W,1,29.7,1,clear,2,14,0,0.03,RED,0.0,2.0,0.03
2026-07-29 14:37:27,int-1,lane-N,5,0.0,2,clear,2,14,0,0.07,RED,1110.5,1.0,0.17
2026-07-29 14:37:27,int-1,lane-S,0,30.0,0,clear,2,14,0,0.0,YELLOW,0.0,1.0,0.0
2026-07-29 14:37:27,int-1,lane-E,1,29.099999999999998,1,clear,2,14,0,0.03,RED,0.0,1.0,0.03
2026-07-29 14:37:27,int-1,lane-W,1,29.099999999999998,1,clear,2,14,0,0.03,RED,0.0,1.0,0.03
2026-07-29 14:37:37,int-1,lane-N,3,1.0,0,clear,2,14,0,0.0,GREEN,1112.5,6.0,0.1
2026-07-29 14:37:37,int-1,lane-S,1,29.4,1,clear,2,14,0,0.03,RED,0.0,6.0,0.03
2026-07-29 14:37:37,int-1,lane-E,1,29.4,1,clear,2,14,0,0.03,RED,0.0,6.0,0.03
2026-07-29 14:37:37,int-1,lane-W,2,29.4,2,clear,2,14,0,0.07,RED,0.0,6.0,0.07
2026-07-29 14:37:44,int-1,lane-N,4,0.5,1,clear,2,14,0,0.03,GREEN,1114.5,3.0,0.13
2026-07-29 14:37:44,int-1,lane-S,0,29.7,0,clear,2,14,0,0.0,RED,0.0,3.0,0.0
2026-07-29 14:37:44,int-1,lane-E,1,29.7,1,clear,2,14,0,0.03,RED,0.0,3.0,0.03
2026-07-29 14:37:44,int-1,lane-W,0,29.7,0,clear,2,14,0,0.0,RED,0.0,3.0,0.0
2026-07-29 14:37:50,int-1,lane-N,4,0.5,1,clear,2,14,0,0.03,YELLOW,1115.5,2.0,0.13
2026-07-29 14:37:50,int-1,lane-S,1,29.099999999999998,1,clear,2,14,0,0.03,RED,0.0,2.0,0.03
2026-07-29 14:37:50,int-1,lane-E,2,29.099999999999998,2,clear,2,14,0,0.07,RED,0.0,2.0,0.07
2026-07-29 14:37:50,int-1,lane-W,1,29.099999999999998,1,clear,2,14,0,0.03,RED,0.0,2.0,0.03
2026-07-29 14:38:00,int-1,lane-N,6,0.0,3,clear,2,14,0,0.1,RED,1117.5,6.0,0.2
2026-07-29 14:38:00,int-1,lane-S,0,30.0,0,clear,2,14,0,0.0,GREEN,0.0,6.0,0.0
2026-07-29 14:38:00,int-1,lane-E,2,29.4,2,clear,2,14,0,0.07,RED,0.0,6.0,0.07
2026-07-29 14:38:00,int-1,lane-W,1,29.4,1,clear,2,14,0,0.03,RED,0.0,6.0,0.03
2026-07-29 14:38:08,int-1,lane-N,6,0.0,3,clear,2,14,0,0.1,RED,1119.5,5.0,0.2
2026-07-29 14:38:08,int-1,lane-S,0,30.0,0,clear,2,14,0,0.0,GREEN,0.0,5.0,0.0
2026-07-29 14:38:08,int-1,lane-E,0,29.7,0,clear,2,14,0,0.0,RED,0.0,5.0,0.0
2026-07-29 14:38:08,int-1,lane-W,1,29.7,1,clear,2,14,0,0.03,RED,0.0,5.0,0.03
2026-07-29 14:38:14,int-1,lane-N,7,0.0,4,clear,2,14,0,0.13,RED,1120.5,2.0,0.23
2026-07-29 14:38:14,int-1,lane-S,0,30.0,0,clear,2,14,0,0.0,GREEN,0.0,2.0,0.0
2026-07-29 14:38:14,int-1,lane-E,1,29.099999999999998,1,clear,2,14,0,0.03,RED,0.0,2.0,0.03
2026-07-29 14:38:14,int-1,lane-W,2,29.099999999999998,2,clear,2,14,0,0.07,RED,0.0,2.0,0.07
2026-07-29 14:38:21,int-1,lane-N,12,0.5,4,clear,2,14,0,0.13,GREEN,1122.5,6.0,0.4
2026-07-29 14:38:21,int-1,lane-S,14,29.7,6,clear,2,14,0,0.2,RED,0.0,6.0,0.47
2026-07-29 14:38:21,int-1,lane-E,17,29.4,7,clear,2,14,0,0.23,RED,0.0,6.0,0.57
2026-07-29 14:38:21,int-1,lane-W,7,29.4,3,clear,2,14,0,0.1,RED,0.0,6.0,0.23
2026-07-29 14:38:29,int-1,lane-N,4,0.5,1,clear,2,14,0,0.03,GREEN,1124.5,5.0,0.13
2026-07-29 14:38:29,int-1,lane-S,1,29.7,1,clear,2,14,0,0.03,RED,0.0,5.0,0.03
2026-07-29 14:38:29,int-1,lane-E,1,29.7,1,clear,2,14,0,0.03,RED,0.0,5.0,0.03
2026-07-29 14:38:29,int-1,lane-W,0,29.7,0,clear,2,14,0,0.0,RED,0.0,5.0,0.0
2026-07-29 14:38:35,int-1,lane-N,2,1.5,0,clear,2,14,0,0.0,GREEN,1125.5,2.0,0.07
2026-07-29 14:38:35,int-1,lane-S,1,29.099999999999998,1,clear,2,14,0,0.03,RED,0.0,2.0,0.03
2026-07-29 14:38:35,int-1,lane-E,2,29.099999999999998,2,clear,2,14,0,0.07,RED,0.0,2.0,0.07
2026-07-29 14:38:35,int-1,lane-W,2,29.099999999999998,2,clear,2,14,0,0.07,RED,0.0,2.0,0.07
2026-07-29 14:38:42,int-1,lane-N,5,0.0,2,clear,2,14,0,0.07,YELLOW,1127.5,1.0,0.17
2026-07-29 14:38:42,int-1,lane-S,0,29.4,0,clear,2,14,0,0.0,RED,0.0,1.0,0.0
2026-07-29 14:38:42,int-1,lane-E,1,29.4,1,clear,2,14,0,0.03,RED,0.0,1.0,0.03
2026-07-29 14:38:42,int-1,lane-W,2,29.4,2,clear,2,14,0,0.07,RED,0.0,1.0,0.07
2026-07-29 14:38:50,int-1,lane-N,5,0.0,2,clear,2,14,0,0.07,RED,1129.5,3.0,0.17
2026-07-29 14:38:50,int-1,lane-S,0,29.7,0,clear,2,14,0,0.0,RED,0.0,3.0,0.0
2026-07-29 14:38:50,int-1,lane-E,1,29.7,1,clear,2,14,0,0.03,RED,0.0,3.0,0.03
2026-07-29 14:38:50,int-1,lane-W,0,30.0,0,clear,2,14,0,0.0,GREEN,0.0,3.0,0.0
2026-07-29 14:38:58,int-1,lane-N,5,0.0,2,clear,2,14,0,0.07,RED,1130.5,2.0,0.17
2026-07-29 14:38:58,int-1,lane-S,1,29.099999999999998,1,clear,2,14,0,0.03,RED,0.0,2.0,0.03
2026-07-29 14:38:58,int-1,lane-E,1,29.099999999999998,1,clear,2,14,0,0.03,RED,0.0,2.0,0.03
2026-07-29 14:38:58,int-1,lane-W,0,30.0,0,clear,2,14,0,0.0,YELLOW,0.0,2.0,0.0
2026-07-29 14:39:07,int-1,lane-N,3,1.0,0,clear,2,14,0,0.0,GREEN,1132.5,6.0,0.1
2026-07-29 14:39:07,int-1,lane-S,0,29.4,0,clear,2,14,0,0.0,RED,0.0,6.0,0.0
2026-07-29 14:39:07,int-1,lane-E,2,29.4,2,clear,2,14,0,0.07,RED,0.0,6.0,0.07
2026-07-29 14:39:07,int-1,lane-W,1,29.4,1,clear,2,14,0,0.03,RED,0.0,6.0,0.03
2026-07-29 14:39:18,int-1,lane-N,4,0.5,1,clear,2,14,0,0.03,GREEN,1134.5,4.0,0.13
2026-07-29 14:39:18,int-1,lane-S,1,29.7,1,clear,2,14,0,0.03,RED,0.0,4.0,0.03
2026-07-29 14:39:18,int-1,lane-E,1,29.7,1,clear,2,14,0,0.03,RED,0.0,4.0,0.03
2026-07-29 14:39:18,int-1,lane-W,0,29.7,0,clear,2,14,0,0.0,RED,0.0,4.0,0.0
2026-07-29 14:39:24,int-1,lane-N,2,1.5,0,clear,2,14,0,0.0,GREEN,1135.5,1.0,0.07
2026-07-29 14:39:24,int-1,lane-S,2,29.099999999999998,2,clear,2,14,0,0.07,RED,0.0,1.0,0.07
2026-07-29 14:39:24,int-1,lane-E,0,29.099999999999998,0,clear,2,14,0,0.0,RED,0.0,1.0,0.0
2026-07-29 14:39:24,int-1,lane-W,2,29.099999999999998,2,clear,2,14,0,0.07,RED,0.0,1.0,0.07
2026-07-29 14:39:31,int-1,lane-N,17,0.0,8,clear,2,14,0,0.27,RED,1137.5,6.0,0.57
2026-07-29 14:39:31,int-1,lane-S,10,31.0,3,clear,2,14,0,0.1,GREEN,0.0,6.0,0.33
2026-07-29 14:39:31,int-1,lane-E,19,29.4,8,clear,2,14,0,0.27,RED,0.0,6.0,0.63
2026-07-29 14:39:31,int-1,lane-W,7,29.4,3,clear,2,14,0,0.1,RED,0.0,6.0,0.23
2026-07-29 14:39:39,int-1,lane-N,5,0.0,2,clear,2,14,0,0.07,RED,1139.5,4.0,0.17
2026-07-29 14:39:39,int-1,lane-S,0,30.0,0,clear,2,14,0,0.0,GREEN,0.0,4.0,0.0
2026-07-29 14:39:39,int-1,lane-E,1,29.7,1,clear,2,14,0,0.03,RED,0.0,4.0,0.03
2026-07-29 14:39:39,int-1,lane-W,0,29.7,0,clear,2,14,0,0.0,RED,0.0,4.0,0.0
2026-07-29 14:39:54,int-1,lane-N,6,0.0,3,clear,2,14,0,0.1,RED,1140.5,1.0,0.2
2026-07-29 14:39:54,int-1,lane-S,0,30.0,0,clear,2,14,0,0.0,GREEN,0.0,1.0,0.0
2026-07-29 14:39:54,int-1,lane-E,0,29.099999999999998,0,clear,2,14,0,0.0,RED,0.0,1.0,0.0
2026-07-29 14:39:54,int-1,lane-W,0,29.099999999999998,0,clear,2,14,0,0.0,RED,0.0,1.0,0.0
2026-07-29 14:40:07,int-1,lane-N,9,1.0,2,clear,2,14,0,0.07,GREEN,1142.5,6.0,0.3
2026-07-29 14:40:07,int-1,lane-S,16,29.4,7,clear,2,14,0,0.23,RED,0.0,6.0,0.53
2026-07-29 14:40:07,int-1,lane-E,20,29.4,9,clear,2,14,0,0.3,RED,0.0,6.0,0.67
2026-07-29 14:40:07,int-1,lane-W,8,29.4,3,clear,2,14,0,0.1,RED,0.0,6.0,0.27
2026-07-29 14:40:16,int-1,lane-N,4,0.5,1,clear,2,14,0,0.03,GREEN,1144.5,4.0,0.13
2026-07-29 14:40:16,int-1,lane-S,0,29.7,0,clear,2,14,0,0.0,RED,0.0,4.0,0.0
2026-07-29 14:40:16,int-1,lane-E,1,29.7,1,clear,2,14,0,0.03,RED,0.0,4.0,0.03
2026-07-29 14:40:16,int-1,lane-W,0,29.7,0,clear,2,14,0,0.0,RED,0.0,4.0,0.0
2026-07-29 14:40:23,int-1,lane-N,3,1.0,0,clear,2,14,0,0.0,YELLOW,1145.5,2.0,0.1
2026-07-29 14:40:23,int-1,lane-S,1,29.099999999999998,1,clear,2,14,0,0.03,RED,0.0,2.0,0.03
2026-07-29 14:40:23,int-1,lane-E,1,29.099999999999998,1,clear,2,14,0,0.03,RED,0.0,2.0,0.03
2026-07-29 14:40:23,int-1,lane-W,1,29.099999999999998,1,clear,2,14,0,0.03,RED,0.0,2.0,0.03
2026-07-29 14:40:32,int-1,lane-N,6,0.0,3,clear,2,14,0,0.1,RED,1147.5,6.0,0.2
2026-07-29 14:40:32,int-1,lane-S,0,30.0,0,clear,2,14,0,0.0,GREEN,0.0,6.0,0.0
2026-07-29 14:40:32,int-1,lane-E,0,29.4,0,clear,2,14,0,0.0,RED,0.0,6.0,0.0
2026-07-29 14:40:32,int-1,lane-W,0,29.4,0,clear,2,14,0,0.0,RED,0.0,6.0,0.0
2026-07-29 14:41:08,int-1,lane-N,6,0.0,3,clear,2,14,0,0.1,RED,1149.5,5.0,0.2
2026-07-29 14:41:08,int-1,lane-S,0,30.0,0,clear,2,14,0,0.0,GREEN,0.0,5.0,0.0
2026-07-29 14:41:08,int-1,lane-E,0,29.7,0,clear,2,14,0,0.0,RED,0.0,5.0,0.0
2026-07-29 14:41:08,int-1,lane-W,0,29.7,0,clear,2,14,0,0.0,RED,0.0,5.0,0.0
2026-07-29 14:41:31,int-1,lane-N,5,0.0,2,clear,2,14,0,0.07,RED,1150.5,2.0,0.17
2026-07-29 14:41:31,int-1,lane-S,0,30.0,0,clear,2,14,0,0.0,GREEN,0.0,2.0,0.0
2026-07-29 14:41:31,int-1,lane-E,1,29.099999999999998,1,clear,2,14,0,0.03,RED,0.0,2.0,0.03
2026-07-29 14:41:31,int-1,lane-W,3,29.099999999999998,3,clear,2,14,0,0.1,RED,0.0,2.0,0.1
2026-07-29 14:41:49,int-1,lane-N,12,0.5,4,clear,2,14,0,0.13,GREEN,1152.5,6.0,0.4
2026-07-29 14:41:49,int-1,lane-S,16,29.7,7,clear,2,14,0,0.23,RED,0.0,6.0,0.53
2026-07-29 14:41:49,int-1,lane-E,22,29.4,9,clear,2,14,0,0.3,RED,0.0,6.0,0.73
2026-07-29 14:41:49,int-1,lane-W,8,29.4,3,clear,2,14,0,0.1,RED,0.0,6.0,0.27
2026-07-29 14:42:09,int-1,lane-N,4,0.5,1,clear,2,14,0,0.03,GREEN,1154.5,5.0,0.13
2026-07-29 14:42:09,int-1,lane-S,0,29.7,0,clear,2,14,0,0.0,RED,0.0,5.0,0.0
2026-07-29 14:42:09,int-1,lane-E,0,29.7,0,clear,2,14,0,0.0,RED,0.0,5.0,0.0
2026-07-29 14:42:09,int-1,lane-W,1,29.7,1,clear,2,14,0,0.03,RED,0.0,5.0,0.03
2026-07-29 14:42:30,int-1,lane-N,2,1.5,0,clear,2,14,0,0.0,GREEN,1155.5,2.0,0.07
2026-07-29 14:42:30,int-1,lane-S,0,29.099999999999998,0,clear,2,14,0,0.0,RED,0.0,2.0,0.0
2026-07-29 14:42:30,int-1,lane-E,2,29.099999999999998,2,clear,2,14,0,0.07,RED,0.0,2.0,0.07
2026-07-29 14:42:30,int-1,lane-W,1,29.099999999999998,1,clear,2,14,0,0.03,RED,0.0,2.0,0.03
2026-07-29 14:42:57,int-1,lane-N,5,0.0,2,clear,2,14,0,0.07,YELLOW,1157.5,1.0,0.17
2026-07-29 14:42:57,int-1,lane-S,2,29.4,2,clear,2,14,0,0.07,RED,0.0,1.0,0.07
2026-07-29 14:42:57,int-1,lane-E,0,29.4,0,clear,2,14,0,0.0,RED,0.0,1.0,0.0
2026-07-29 14:42:57,int-1,lane-W,1,29.4,1,clear,2,14,0,0.03,RED,0.0,1.0,0.03
2026-07-29 14:43:16,int-1,lane-N,5,0.0,2,clear,2,14,0,0.07,RED,1159.5,6.0,0.17
2026-07-29 14:43:16,int-1,lane-S,0,30.0,0,clear,2,14,0,0.0,GREEN,0.0,6.0,0.0
2026-07-29 14:43:16,int-1,lane-E,0,29.7,0,clear,2,14,0,0.0,RED,0.0,6.0,0.0
2026-07-29 14:43:16,int-1,lane-W,0,29.7,0,clear,2,14,0,0.0,RED,0.0,6.0,0.0
2026-07-29 14:43:38,int-1,lane-N,6,0.0,3,clear,2,14,0,0.1,RED,1160.5,4.0,0.2
2026-07-29 14:43:38,int-1,lane-S,0,30.0,0,clear,2,14,0,0.0,GREEN,0.0,4.0,0.0
2026-07-29 14:43:38,int-1,lane-E,0,29.099999999999998,0,clear,2,14,0,0.0,RED,0.0,4.0,0.0
2026-07-29 14:43:38,int-1,lane-W,0,29.099999999999998,0,clear,2,14,0,0.0,RED,0.0,4.0,0.0
2026-07-29 14:44:01,int-1,lane-N,6,0.0,3,clear,2,14,1,0.1,RED,1162.5,2.0,0.2
2026-07-29 14:44:01,int-1,lane-S,0,30.0,0,clear,2,14,0,0.0,YELLOW,0.0,2.0,0.0
2026-07-29 14:44:01,int-1,lane-E,2,29.4,2,clear,2,14,0,0.07,RED,0.0,2.0,0.07
2026-07-29 14:44:01,int-1,lane-W,0,29.4,0,clear,2,14,0,0.0,RED,0.0,2.0,0.0
2026-07-29 14:44:22,int-1,lane-N,4,0.5,1,clear,2,14,1,0.03,GREEN,1164.5,6.0,0.13
2026-07-29 14:44:22,int-1,lane-S,1,29.7,1,clear,2,14,0,0.03,RED,0.0,6.0,0.03
2026-07-29 14:44:22,int-1,lane-E,0,29.7,0,clear,2,14,0,0.0,RED,0.0,6.0,0.0
2026-07-29 14:44:22,int-1,lane-W,0,29.7,0,clear,2,14,0,0.0,RED,0.0,6.0,0.0
2026-07-29 14:44:34,int-1,lane-N,2,1.5,0,clear,2,14,1,0.0,GREEN,1165.5,5.0,0.07
2026-07-29 14:44:34,int-1,lane-S,2,29.099999999999998,2,clear,2,14,0,0.07,RED,0.0,5.0,0.07
2026-07-29 14:44:34,int-1,lane-E,0,29.099999999999998,0,clear,2,14,0,0.0,RED,0.0,5.0,0.0
2026-07-29 14:44:34,int-1,lane-W,1,29.099999999999998,1,clear,2,14,0,0.03,RED,0.0,5.0,0.03
2026-07-29 14:44:50,int-1,lane-N,3,1.0,0,clear,2,14,0,0.0,GREEN,1167.5,2.0,0.1
2026-07-29 14:44:50,int-1,lane-S,0,29.4,0,clear,2,14,0,0.0,RED,0.0,2.0,0.0
2026-07-29 14:44:50,int-1,lane-E,2,29.4,2,clear,2,14,0,0.07,RED,0.0,2.0,0.07
2026-07-29 14:44:50,int-1,lane-W,0,29.4,0,clear,2,14,0,0.0,RED,0.0,2.0,0.0
2026-07-29 14:45:25,int-1,lane-N,13,0.0,5,clear,2,14,0,0.17,RED,1169.5,6.0,0.43
2026-07-29 14:45:25,int-1,lane-S,13,30.5,5,clear,2,14,0,0.17,GREEN,0.0,6.0,0.43
2026-07-29 14:45:25,int-1,lane-E,18,29.7,7,clear,2,14,0,0.23,RED,0.0,6.0,0.6
2026-07-29 14:45:25,int-1,lane-W,7,29.7,3,clear,2,14,0,0.1,RED,0.0,6.0,0.23
2026-07-29 14:45:42,int-1,lane-N,5,0.0,2,clear,2,14,0,0.07,RED,1170.5,6.0,0.17
2026-07-29 14:45:42,int-1,lane-S,0,30.0,0,clear,2,14,0,0.0,GREEN,0.0,6.0,0.0
2026-07-29 14:45:42,int-1,lane-E,2,29.099999999999998,2,clear,2,14,0,0.07,RED,0.0,6.0,0.07
2026-07-29 14:45:42,int-1,lane-W,2,29.099999999999998,2,clear,2,14,0,0.07,RED,0.0,6.0,0.07
2026-07-29 14:46:06,int-1,lane-N,5,0.0,2,clear,2,14,0,0.07,RED,1172.5,3.0,0.17
2026-07-29 14:46:06,int-1,lane-S,0,30.0,0,clear,2,14,0,0.0,GREEN,0.0,3.0,0.0
2026-07-29 14:46:06,int-1,lane-E,1,29.4,1,clear,2,14,0,0.03,RED,0.0,3.0,0.03
2026-07-29 14:46:06,int-1,lane-W,1,29.4,1,clear,2,14,0,0.03,RED,0.0,3.0,0.03
2026-07-29 14:46:33,int-1,lane-N,5,0.0,2,clear,2,14,0,0.07,RED,1174.5,2.0,0.17
2026-07-29 14:46:33,int-1,lane-S,0,30.0,0,clear,2,14,0,0.0,YELLOW,0.0,2.0,0.0
2026-07-29 14:46:33,int-1,lane-E,0,29.7,0,clear,2,14,0,0.0,RED,0.0,2.0,0.0
2026-07-29 14:46:33,int-1,lane-W,1,29.7,1,clear,2,14,0,0.03,RED,0.0,2.0,0.03
2026-07-29 14:46:45,int-1,lane-N,2,1.5,0,clear,2,14,0,0.0,GREEN,1175.5,6.0,0.07
2026-07-29 14:46:45,int-1,lane-S,1,29.099999999999998,1,clear,2,14,0,0.03,RED,0.0,6.0,0.03
2026-07-29 14:46:45,int-1,lane-E,1,29.099999999999998,1,clear,2,14,0,0.03,RED,0.0,6.0,0.03
2026-07-29 14:46:45,int-1,lane-W,0,29.099999999999998,0,clear,2,14,0,0.0,RED,0.0,6.0,0.0
2026-07-29 14:47:01,int-1,lane-N,3,1.0,0,clear,2,14,0,0.0,GREEN,1177.5,4.0,0.1
2026-07-29 14:47:01,int-1,lane-S,1,29.4,1,clear,2,14,0,0.03,RED,0.0,4.0,0.03
2026-07-29 14:47:01,int-1,lane-E,0,29.4,0,clear,2,14,0,0.0,RED,0.0,4.0,0.0
2026-07-29 14:47:01,int-1,lane-W,1,29.4,1,clear,2,14,0,0.03,RED,0.0,4.0,0.03
2026-07-29 14:47:20,int-1,lane-N,5,0.0,2,clear,2,14,0,0.07,YELLOW,1179.5,2.0,0.17
2026-07-29 14:47:20,int-1,lane-S,0,29.7,0,clear,2,14,0,0.0,RED,0.0,2.0,0.0
2026-07-29 14:47:20,int-1,lane-E,1,29.7,1,clear,2,14,0,0.03,RED,0.0,2.0,0.03
2026-07-29 14:47:20,int-1,lane-W,1,29.7,1,clear,2,14,0,0.03,RED,0.0,2.0,0.03
2026-07-29 14:47:29,int-1,lane-N,14,0.0,6,clear,2,14,0,0.2,RED,1180.5,6.0,0.47
2026-07-29 14:47:29,int-1,lane-S,11,31.5,3,clear,2,14,0,0.1,GREEN,0.0,6.0,0.37
2026-07-29 14:47:29,int-1,lane-E,20,29.099999999999998,9,clear,2,14,0,0.3,RED,0.0,6.0,0.67
2026-07-29 14:47:29,int-1,lane-W,8,29.099999999999998,4,clear,2,14,0,0.13,RED,0.0,6.0,0.27
2026-07-29 14:47:40,int-1,lane-N,6,0.0,3,clear,2,14,0,0.1,RED,1182.5,5.0,0.2
2026-07-29 14:47:40,int-1,lane-S,0,30.0,0,clear,2,14,0,0.0,GREEN,0.0,5.0,0.0
2026-07-29 14:47:40,int-1,lane-E,2,29.4,2,clear,2,14,0,0.07,RED,0.0,5.0,0.07
2026-07-29 14:47:40,int-1,lane-W,1,29.4,1,clear,2,14,0,0.03,RED,0.0,5.0,0.03
2026-07-29 14:47:50,int-1,lane-N,5,0.0,2,clear,2,14,0,0.07,RED,1184.5,2.0,0.17
2026-07-29 14:47:50,int-1,lane-S,0,30.0,0,clear,2,14,0,0.0,GREEN,0.0,2.0,0.0
2026-07-29 14:47:50,int-1,lane-E,1,29.7,1,clear,2,14,0,0.03,RED,0.0,2.0,0.03
2026-07-29 14:47:50,int-1,lane-W,0,29.7,0,clear,2,14,0,0.0,RED,0.0,2.0,0.0
2026-07-29 14:48:02,int-1,lane-N,13,0.5,5,clear,2,14,0,0.17,GREEN,1185.5,6.0,0.43
2026-07-29 14:48:02,int-1,lane-S,14,29.7,6,clear,2,14,0,0.2,RED,0.0,6.0,0.47
2026-07-29 14:48:02,int-1,lane-E,24,29.099999999999998,10,clear,2,14,0,0.33,RED,0.0,6.0,0.8
2026-07-29 14:48:02,int-1,lane-W,7,29.099999999999998,3,clear,2,14,0,0.1,RED,0.0,6.0,0.23
2026-07-29 14:48:09,int-1,lane-N,3,1.0,0,clear,2,14,0,0.0,GREEN,1187.5,6.0,0.1
2026-07-29 14:48:09,int-1,lane-S,2,29.4,2,clear,2,14,0,0.07,RED,0.0,6.0,0.07
2026-07-29 14:48:09,int-1,lane-E,1,29.4,1,clear,2,14,0,0.03,RED,0.0,6.0,0.03
2026-07-29 14:48:09,int-1,lane-W,1,29.4,1,clear,2,14,0,0.03,RED,0.0,6.0,0.03
2026-07-29 14:48:18,int-1,lane-N,4,0.5,1,clear,2,14,0,0.03,GREEN,1189.5,3.0,0.13
2026-07-29 14:48:18,int-1,lane-S,0,29.7,0,clear,2,14,0,0.0,RED,0.0,3.0,0.0
2026-07-29 14:48:18,int-1,lane-E,0,29.7,0,clear,2,14,0,0.0,RED,0.0,3.0,0.0
2026-07-29 14:48:18,int-1,lane-W,0,29.7,0,clear,2,14,0,0.0,RED,0.0,3.0,0.0
2026-07-29 14:48:34,int-1,lane-N,4,0.5,1,clear,2,14,0,0.03,YELLOW,1190.5,2.0,0.13
2026-07-29 14:48:34,int-1,lane-S,0,29.099999999999998,0,clear,2,14,0,0.0,RED,0.0,2.0,0.0
2026-07-29 14:48:34,int-1,lane-E,1,29.099999999999998,1,clear,2,14,0,0.03,RED,0.0,2.0,0.03
2026-07-29 14:48:34,int-1,lane-W,1,29.099999999999998,1,clear,2,14,0,0.03,RED,0.0,2.0,0.03
2026-07-29 14:48:41,int-1,lane-N,5,0.0,2,clear,2,14,0,0.07,RED,1192.5,6.0,0.17
2026-07-29 14:48:41,int-1,lane-S,1,29.4,1,clear,2,14,0,0.03,RED,0.0,6.0,0.03
2026-07-29 14:48:41,int-1,lane-E,0,30.0,0,clear,2,14,0,0.0,GREEN,0.0,6.0,0.0
2026-07-29 14:48:41,int-1,lane-W,2,29.4,2,clear,2,14,0,0.07,RED,0.0,6.0,0.07
2026-07-29 14:48:49,int-1,lane-N,6,0.0,3,clear,2,14,0,0.1,RED,1194.5,6.0,0.2
2026-07-29 14:48:49,int-1,lane-S,0,29.7,0,clear,2,14,0,0.0,RED,0.0,6.0,0.0
2026-07-29 14:48:49,int-1,lane-E,0,30.0,0,clear,2,14,0,0.0,GREEN,0.0,6.0,0.0
2026-07-29 14:48:49,int-1,lane-W,1,29.7,1,clear,2,14,0,0.03,RED,0.0,6.0,0.03
2026-07-29 14:48:56,int-1,lane-N,5,0.0,2,clear,2,14,1,0.07,RED,1195.5,5.0,0.17
2026-07-29 14:48:56,int-1,lane-S,1,29.099999999999998,1,clear,2,14,0,0.03,RED,0.0,5.0,0.03
2026-07-29 14:48:56,int-1,lane-E,0,30.0,0,clear,2,14,0,0.0,GREEN,0.0,5.0,0.0
2026-07-29 14:48:56,int-1,lane-W,3,29.099999999999998,3,clear,2,14,0,0.1,RED,0.0,5.0,0.1
2026-07-29 14:49:05,int-1,lane-N,7,0.0,4,clear,2,14,1,0.13,RED,1197.5,2.0,0.23
2026-07-29 14:49:05,int-1,lane-S,0,29.4,0,clear,2,14,0,0.0,RED,0.0,2.0,0.0
2026-07-29 14:49:05,int-1,lane-E,0,30.0,0,clear,2,14,0,0.0,GREEN,0.0,2.0,0.0
2026-07-29 14:49:05,int-1,lane-W,0,29.4,0,clear,2,14,0,0.0,RED,0.0,2.0,0.0
2026-07-29 14:49:14,int-1,lane-N,5,0.0,2,clear,2,14,1,0.07,RED,1199.5,1.0,0.17
2026-07-29 14:49:14,int-1,lane-S,1,29.7,1,clear,2,14,0,0.03,RED,0.0,1.0,0.03
2026-07-29 14:49:14,int-1,lane-E,0,30.0,0,clear,2,14,0,0.0,YELLOW,0.0,1.0,0.0
2026-07-29 14:49:14,int-1,lane-W,1,29.7,1,clear,2,14,0,0.03,RED,0.0,1.0,0.03
2026-07-29 14:49:22,int-1,lane-N,2,1.5,0,clear,2,14,0,0.0,GREEN,1200.5,6.0,0.07
2026-07-29 14:49:22,int-1,lane-S,2,29.099999999999998,2,clear,2,14,0,0.07,RED,0.0,6.0,0.07
2026-07-29 14:49:22,int-1,lane-E,1,29.099999999999998,1,clear,2,14,0,0.03,RED,0.0,6.0,0.03
2026-07-29 14:49:22,int-1,lane-W,1,29.099999999999998,1,clear,2,14,0,0.03,RED,0.0,6.0,0.03
2026-07-29 14:49:29,int-1,lane-N,3,1.0,0,clear,2,14,0,0.0,GREEN,1202.5,4.0,0.1
2026-07-29 14:49:29,int-1,lane-S,0,29.4,0,clear,2,14,0,0.0,RED,0.0,4.0,0.0
2026-07-29 14:49:29,int-1,lane-E,1,29.4,1,clear,2,14,0,0.03,RED,0.0,4.0,0.03
2026-07-29 14:49:29,int-1,lane-W,0,29.4,0,clear,2,14,0,0.0,RED,0.0,4.0,0.0
2026-07-29 14:49:40,int-1,lane-N,5,0.0,2,clear,2,14,0,0.07,YELLOW,1204.5,2.0,0.17
2026-07-29 14:49:40,int-1,lane-S,1,29.7,1,clear,2,14,0,0.03,RED,0.0,2.0,0.03
2026-07-29 14:49:40,int-1,lane-E,1,29.7,1,clear,2,14,0,0.03,RED,0.0,2.0,0.03
2026-07-29 14:49:40,int-1,lane-W,0,29.7,0,clear,2,14,0,0.0,RED,0.0,2.0,0.0
2026-07-29 14:49:47,int-1,lane-N,14,0.0,6,clear,2,14,0,0.2,RED,1205.5,6.0,0.47
2026-07-29 14:49:47,int-1,lane-S,10,31.5,2,clear,2,14,0,0.07,GREEN,0.0,6.0,0.33
2026-07-29 14:49:47,int-1,lane-E,21,29.099999999999998,10,clear,2,14,0,0.33,RED,0.0,6.0,0.7
2026-07-29 14:49:47,int-1,lane-W,8,29.099999999999998,4,clear,2,14,0,0.13,RED,0.0,6.0,0.27
2026-07-29 14:49:56,int-1,lane-N,6,0.0,3,clear,2,14,0,0.1,RED,1207.5,4.0,0.2
2026-07-29 14:49:56,int-1,lane-S,0,30.0,0,clear,2,14,0,0.0,GREEN,0.0,4.0,0.0
2026-07-29 14:49:56,int-1,lane-E,0,29.4,0,clear,2,14,0,0.0,RED,0.0,4.0,0.0
2026-07-29 14:49:56,int-1,lane-W,1,29.4,1,clear,2,14,0,0.03,RED,0.0,4.0,0.03
2026-07-29 14:50:04,int-1,lane-N,5,0.0,2,clear,2,14,1,0.07,RED,1209.5,1.0,0.17
2026-07-29 14:50:04,int-1,lane-S,0,30.0,0,clear,2,14,0,0.0,GREEN,0.0,1.0,0.0
2026-07-29 14:50:04,int-1,lane-E,1,29.7,1,clear,2,14,0,0.03,RED,0.0,1.0,0.03
2026-07-29 14:50:04,int-1,lane-W,0,29.7,0,clear,2,14,0,0.0,RED,0.0,1.0,0.0
2026-07-29 14:50:14,int-1,lane-N,12,1.0,4,clear,2,14,1,0.13,GREEN,1210.5,6.0,0.4
2026-07-29 14:50:14,int-1,lane-S,15,29.4,7,clear,2,14,0,0.23,RED,0.0,6.0,0.5
2026-07-29 14:50:14,int-1,lane-E,23,29.099999999999998,10,clear,2,14,0,0.33,RED,0.0,6.0,0.77
2026-07-29 14:50:14,int-1,lane-W,8,29.099999999999998,4,clear,2,14,0,0.13,RED,0.0,6.0,0.27
2026-07-29 14:50:22,int-1,lane-N,3,1.0,0,clear,2,14,1,0.0,GREEN,1212.5,5.0,0.1
2026-07-29 14:50:22,int-1,lane-S,1,29.4,1,clear,2,14,0,0.03,RED,0.0,5.0,0.03
2026-07-29 14:50:22,int-1,lane-E,1,29.4,1,clear,2,14,0,0.03,RED,0.0,5.0,0.03
2026-07-29 14:50:22,int-1,lane-W,1,29.4,1,clear,2,14,0,0.03,RED,0.0,5.0,0.03
2026-07-29 14:50:31,int-1,lane-N,4,0.5,1,clear,2,14,0,0.03,GREEN,1214.5,2.0,0.13
2026-07-29 14:50:31,int-1,lane-S,0,29.7,0,clear,2,14,0,0.0,RED,0.0,2.0,0.0
2026-07-29 14:50:31,int-1,lane-E,0,29.7,0,clear,2,14,0,0.0,RED,0.0,2.0,0.0
2026-07-29 14:50:31,int-1,lane-W,0,29.7,0,clear,2,14,0,0.0,RED,0.0,2.0,0.0
2026-07-29 14:50:38,int-1,lane-N,5,0.0,2,clear,2,14,0,0.07,YELLOW,1215.5,1.0,0.17
2026-07-29 14:50:38,int-1,lane-S,1,29.099999999999998,1,clear,2,14,0,0.03,RED,0.0,1.0,0.03
2026-07-29 14:50:38,int-1,lane-E,1,29.099999999999998,1,clear,2,14,0,0.03,RED,0.0,1.0,0.03
2026-07-29 14:50:38,int-1,lane-W,1,29.099999999999998,1,clear,2,14,0,0.03,RED,0.0,1.0,0.03
2026-07-29 14:50:54,int-1,lane-N,5,0.0,2,clear,2,14,0,0.07,RED,1217.5,5.0,0.17
2026-07-29 14:50:54,int-1,lane-S,0,30.0,0,clear,2,14,0,0.0,GREEN,0.0,5.0,0.0
2026-07-29 14:50:54,int-1,lane-E,0,29.4,0,clear,2,14,0,0.0,RED,0.0,5.0,0.0
2026-07-29 14:50:54,int-1,lane-W,2,29.4,2,clear,2,14,0,0.07,RED,0.0,5.0,0.07
2026-07-29 14:51:05,int-1,lane-N,5,0.0,2,clear,2,14,0,0.07,RED,1219.5,2.0,0.17
2026-07-29 14:51:05,int-1,lane-S,0,30.0,0,clear,2,14,0,0.0,GREEN,0.0,2.0,0.0
2026-07-29 14:51:05,int-1,lane-E,1,29.7,1,clear,2,14,0,0.03,RED,0.0,2.0,0.03
2026-07-29 14:51:05,int-1,lane-W,0,29.7,0,clear,2,14,0,0.0,RED,0.0,2.0,0.0
2026-07-29 14:51:13,int-1,lane-N,8,0.0,5,clear,2,14,0,0.17,RED,1220.5,1.0,0.27
2026-07-29 14:51:13,int-1,lane-S,0,30.0,0,clear,2,14,0,0.0,YELLOW,0.0,1.0,0.0
2026-07-29 14:51:13,int-1,lane-E,1,29.099999999999998,1,clear,2,14,0,0.03,RED,0.0,1.0,0.03
2026-07-29 14:51:13,int-1,lane-W,3,29.099999999999998,3,clear,2,14,0,0.1,RED,0.0,1.0,0.1
2026-07-29 14:51:22,int-1,lane-N,3,1.0,0,clear,2,14,1,0.0,GREEN,1222.5,5.0,0.1
2026-07-29 14:51:22,int-1,lane-S,1,29.4,1,clear,2,14,0,0.03,RED,0.0,5.0,0.03
2026-07-29 14:51:22,int-1,lane-E,0,29.4,0,clear,2,14,0,0.0,RED,0.0,5.0,0.0
2026-07-29 14:51:22,int-1,lane-W,2,29.4,2,clear,2,14,0,0.07,RED,0.0,5.0,0.07
2026-07-29 14:51:29,int-1,lane-N,4,0.5,1,clear,2,14,1,0.03,GREEN,1224.5,2.0,0.13
2026-07-29 14:51:29,int-1,lane-S,0,29.7,0,clear,2,14,0,0.0,RED,0.0,2.0,0.0
2026-07-29 14:51:29,int-1,lane-E,0,29.7,0,clear,2,14,0,0.0,RED,0.0,2.0,0.0
2026-07-29 14:51:29,int-1,lane-W,0,29.7,0,clear,2,14,0,0.0,RED,0.0,2.0,0.0
2026-07-29 14:51:37,int-1,lane-N,13,0.5,5,clear,2,14,1,0.17,GREEN,1225.5,6.0,0.43
2026-07-29 14:51:37,int-1,lane-S,14,29.099999999999998,6,clear,2,14,0,0.2,RED,0.0,6.0,0.47
2026-07-29 14:51:37,int-1,lane-E,20,29.099999999999998,9,clear,2,14,0,0.3,RED,0.0,6.0,0.67
2026-07-29 14:51:37,int-1,lane-W,8,29.099999999999998,4,clear,2,14,0,0.13,RED,0.0,6.0,0.27
2026-07-29 14:51:44,int-1,lane-N,3,1.0,0,clear,2,14,0,0.0,GREEN,1227.5,6.0,0.1
2026-07-29 14:51:44,int-1,lane-S,1,29.4,1,clear,2,14,0,0.03,RED,0.0,6.0,0.03
2026-07-29 14:51:44,int-1,lane-E,1,29.4,1,clear,2,14,0,0.03,RED,0.0,6.0,0.03
2026-07-29 14:51:44,int-1,lane-W,1,29.4,1,clear,2,14,0,0.03,RED,0.0,6.0,0.03
2026-07-29 14:51:50,int-1,lane-N,4,0.5,1,clear,2,14,0,0.03,GREEN,1229.5,3.0,0.13
2026-07-29 14:51:50,int-1,lane-S,1,29.7,1,clear,2,14,0,0.03,RED,0.0,3.0,0.03
2026-07-29 14:51:50,int-1,lane-E,0,29.7,0,clear,2,14,0,0.0,RED,0.0,3.0,0.0
2026-07-29 14:51:50,int-1,lane-W,0,29.7,0,clear,2,14,0,0.0,RED,0.0,3.0,0.0
2026-07-29 14:51:57,int-1,lane-N,4,0.5,1,clear,2,14,0,0.03,YELLOW,1230.5,2.0,0.13
2026-07-29 14:51:57,int-1,lane-S,1,29.099999999999998,1,clear,2,14,0,0.03,RED,0.0,2.0,0.03
2026-07-29 14:51:57,int-1,lane-E,1,29.099999999999998,1,clear,2,14,0,0.03,RED,0.0,2.0,0.03
2026-07-29 14:51:57,int-1,lane-W,1,29.099999999999998,1,clear,2,14,0,0.03,RED,0.0,2.0,0.03
2026-07-29 14:52:04,int-1,lane-N,6,0.0,3,clear,2,14,0,0.1,RED,1232.5,6.0,0.2
2026-07-29 14:52:04,int-1,lane-S,0,30.0,0,clear,2,14,0,0.0,GREEN,0.0,6.0,0.0
2026-07-29 14:52:04,int-1,lane-E,1,29.4,1,clear,2,14,0,0.03,RED,0.0,6.0,0.03
2026-07-29 14:52:04,int-1,lane-W,1,29.4,1,clear,2,14,0,0.03,RED,0.0,6.0,0.03
2026-07-29 14:52:13,int-1,lane-N,5,0.0,2,clear,2,14,1,0.07,RED,1234.5,4.0,0.17
2026-07-29 14:52:13,int-1,lane-S,0,30.0,0,clear,2,14,0,0.0,GREEN,0.0,4.0,0.0
2026-07-29 14:52:13,int-1,lane-E,0,29.7,0,clear,2,14,0,0.0,RED,0.0,4.0,0.0
2026-07-29 14:52:13,int-1,lane-W,1,29.7,1,clear,2,14,0,0.03,RED,0.0,4.0,0.03
2026-07-29 14:52:21,int-1,lane-N,8,0.0,5,clear,2,14,1,0.17,RED,1235.5,1.0,0.27
2026-07-29 14:52:21,int-1,lane-S,0,30.0,0,clear,2,14,0,0.0,GREEN,0.0,1.0,0.0
2026-07-29 14:52:21,int-1,lane-E,1,29.099999999999998,1,clear,2,14,0,0.03,RED,0.0,1.0,0.03
2026-07-29 14:52:21,int-1,lane-W,1,29.099999999999998,1,clear,2,14,0,0.03,RED,0.0,1.0,0.03
2026-07-29 14:52:28,int-1,lane-N,12,1.0,4,clear,2,14,1,0.13,GREEN,1237.5,6.0,0.4
2026-07-29 14:52:28,int-1,lane-S,14,29.4,6,clear,2,14,0,0.2,RED,0.0,6.0,0.47
2026-07-29 14:52:28,int-1,lane-E,21,29.4,10,clear,2,14,0,0.33,RED,0.0,6.0,0.7
2026-07-29 14:52:28,int-1,lane-W,7,29.4,3,clear,2,14,0,0.1,RED,0.0,6.0,0.23
2026-07-29 14:52:35,int-1,lane-N,4,0.5,1,clear,2,14,0,0.03,GREEN,1239.5,5.0,0.13
2026-07-29 14:52:35,int-1,lane-S,1,29.7,1,clear,2,14,0,0.03,RED,0.0,5.0,0.03
2026-07-29 14:52:35,int-1,lane-E,0,29.7,0,clear,2,14,0,0.0,RED,0.0,5.0,0.0
2026-07-29 14:52:35,int-1,lane-W,1,29.7,1,clear,2,14,0,0.03,RED,0.0,5.0,0.03
2026-07-29 14:52:43,int-1,lane-N,2,1.5,0,clear,2,14,0,0.0,GREEN,1240.5,2.0,0.07
2026-07-29 14:52:43,int-1,lane-S,2,29.099999999999998,2,clear,2,14,0,0.07,RED,0.0,2.0,0.07
2026-07-29 14:52:43,int-1,lane-E,2,29.099999999999998,2,clear,2,14,0,0.07,RED,0.0,2.0,0.07
2026-07-29 14:52:43,int-1,lane-W,0,29.099999999999998,0,clear,2,14,0,0.0,RED,0.0,2.0,0.0
2026-07-29 14:52:50,int-1,lane-N,5,0.0,2,clear,2,14,0,0.07,YELLOW,1242.5,1.0,0.17
2026-07-29 14:52:50,int-1,lane-S,1,29.4,1,clear,2,14,0,0.03,RED,0.0,1.0,0.03
2026-07-29 14:52:50,int-1,lane-E,0,29.4,0,clear,2,14,0,0.0,RED,0.0,1.0,0.0
2026-07-29 14:52:50,int-1,lane-W,1,29.4,1,clear,2,14,0,0.03,RED,0.0,1.0,0.03
2026-07-29 14:52:57,int-1,lane-N,6,0.0,3,clear,2,14,0,0.1,RED,1244.5,6.0,0.2
2026-07-29 14:52:57,int-1,lane-S,0,30.0,0,clear,2,14,0,0.0,GREEN,0.0,6.0,0.0
2026-07-29 14:52:57,int-1,lane-E,0,29.7,0,clear,2,14,0,0.0,RED,0.0,6.0,0.0
2026-07-29 14:52:57,int-1,lane-W,0,29.7,0,clear,2,14,0,0.0,RED,0.0,6.0,0.0
2026-07-29 14:53:05,int-1,lane-N,6,0.0,3,clear,2,14,1,0.1,RED,1245.5,3.0,0.2
2026-07-29 14:53:05,int-1,lane-S,0,30.0,0,clear,2,14,0,0.0,GREEN,0.0,3.0,0.0
2026-07-29 14:53:05,int-1,lane-E,0,29.099999999999998,0,clear,2,14,0,0.0,RED,0.0,3.0,0.0
2026-07-29 14:53:05,int-1,lane-W,1,29.099999999999998,1,clear,2,14,0,0.03,RED,0.0,3.0,0.03
2026-07-29 14:53:11,int-1,lane-N,6,0.0,3,clear,2,14,1,0.1,RED,1247.5,2.0,0.2
2026-07-29 14:53:11,int-1,lane-S,0,30.0,0,clear,2,14,0,0.0,YELLOW,0.0,2.0,0.0
2026-07-29 14:53:11,int-1,lane-E,0,29.4,0,clear,2,14,0,0.0,RED,0.0,2.0,0.0
2026-07-29 14:53:11,int-1,lane-W,0,29.4,0,clear,2,14,0,0.0,RED,0.0,2.0,0.0
2026-07-29 14:53:22,int-1,lane-N,4,0.5,1,clear,2,14,1,0.03,GREEN,1249.5,6.0,0.13
2026-07-29 14:53:22,int-1,lane-S,1,29.7,1,clear,2,14,0,0.03,RED,0.0,6.0,0.03
2026-07-29 14:53:22,int-1,lane-E,1,29.7,1,clear,2,14,0,0.03,RED,0.0,6.0,0.03
2026-07-29 14:53:22,int-1,lane-W,0,29.7,0,clear,2,14,0,0.0,RED,0.0,6.0,0.0
2026-07-29 14:53:29,int-1,lane-N,2,1.5,0,clear,2,14,0,0.0,GREEN,1250.5,4.0,0.07
2026-07-29 14:53:29,int-1,lane-S,1,29.099999999999998,1,clear,2,14,0,0.03,RED,0.0,4.0,0.03
2026-07-29 14:53:29,int-1,lane-E,0,29.099999999999998,0,clear,2,14,0,0.0,RED,0.0,4.0,0.0
2026-07-29 14:53:29,int-1,lane-W,0,29.099999999999998,0,clear,2,14,0,0.0,RED,0.0,4.0,0.0
2026-07-29 14:53:36,int-1,lane-N,4,0.5,1,clear,2,14,0,0.03,YELLOW,1252.5,2.0,0.13
2026-07-29 14:53:36,int-1,lane-S,0,29.4,0,clear,2,14,0,0.0,RED,0.0,2.0,0.0
2026-07-29 14:53:36,int-1,lane-E,1,29.4,1,clear,2,14,0,0.03,RED,0.0,2.0,0.03
2026-07-29 14:53:36,int-1,lane-W,0,29.4,0,clear,2,14,0,0.0,RED,0.0,2.0,0.0
2026-07-29 14:53:42,int-1,lane-N,6,0.0,3,clear,2,14,0,0.1,RED,1254.5,4.0,0.2
2026-07-29 14:53:42,int-1,lane-S,0,29.7,0,clear,2,14,0,0.0,RED,0.0,4.0,0.0
2026-07-29 14:53:42,int-1,lane-E,0,29.7,0,clear,2,14,0,0.0,RED,0.0,4.0,0.0
2026-07-29 14:53:42,int-1,lane-W,0,30.0,0,clear,2,14,0,0.0,GREEN,0.0,4.0,0.0
2026-07-29 14:53:50,int-1,lane-N,6,0.0,3,clear,2,14,0,0.1,RED,1255.5,1.0,0.2
2026-07-29 14:53:50,int-1,lane-S,2,29.099999999999998,2,clear,2,14,0,0.07,RED,0.0,1.0,0.07
2026-07-29 14:53:50,int-1,lane-E,0,29.099999999999998,0,clear,2,14,0,0.0,RED,0.0,1.0,0.0
2026-07-29 14:53:50,int-1,lane-W,0,30.0,0,clear,2,14,0,0.0,GREEN,0.0,1.0,0.0
2026-07-29 14:53:57,int-1,lane-N,13,1.0,4,clear,2,14,0,0.13,GREEN,1257.5,6.0,0.43
2026-07-29 14:53:57,int-1,lane-S,16,29.4,6,clear,2,14,0,0.2,RED,0.0,6.0,0.53
2026-07-29 14:53:57,int-1,lane-E,23,29.4,9,clear,2,14,0,0.3,RED,0.0,6.0,0.77
2026-07-29 14:53:57,int-1,lane-W,8,29.4,4,clear,2,14,0,0.13,RED,0.0,6.0,0.27
2026-07-29 14:54:04,int-1,lane-N,4,0.5,1,clear,2,14,0,0.03,GREEN,1259.5,6.0,0.13
2026-07-29 14:54:04,int-1,lane-S,1,29.7,1,clear,2,14,0,0.03,RED,0.0,6.0,0.03
2026-07-29 14:54:04,int-1,lane-E,0,29.7,0,clear,2,14,0,0.0,RED,0.0,6.0,0.0
2026-07-29 14:54:04,int-1,lane-W,0,29.7,0,clear,2,14,0,0.0,RED,0.0,6.0,0.0
2026-07-29 14:54:11,int-1,lane-N,2,1.5,0,clear,2,14,0,0.0,GREEN,1260.5,3.0,0.07
2026-07-29 14:54:11,int-1,lane-S,2,29.099999999999998,2,clear,2,14,0,0.07,RED,0.0,3.0,0.07
2026-07-29 14:54:11,int-1,lane-E,1,29.099999999999998,1,clear,2,14,0,0.03,RED,0.0,3.0,0.03
2026-07-29 14:54:11,int-1,lane-W,1,29.099999999999998,1,clear,2,14,0,0.03,RED,0.0,3.0,0.03
2026-07-29 14:54:17,int-1,lane-N,5,0.0,2,clear,2,14,0,0.07,YELLOW,1262.5,2.0,0.17
2026-07-29 14:54:17,int-1,lane-S,0,29.4,0,clear,2,14,0,0.0,RED,0.0,2.0,0.0
2026-07-29 14:54:17,int-1,lane-E,0,29.4,0,clear,2,14,0,0.0,RED,0.0,2.0,0.0
2026-07-29 14:54:17,int-1,lane-W,0,29.4,0,clear,2,14,0,0.0,RED,0.0,2.0,0.0
2026-07-29 14:54:25,int-1,lane-N,5,0.0,2,clear,2,14,0,0.07,RED,1264.5,6.0,0.17
2026-07-29 14:54:25,int-1,lane-S,0,30.0,0,clear,2,14,0,0.0,GREEN,0.0,6.0,0.0
2026-07-29 14:54:25,int-1,lane-E,0,29.7,0,clear,2,14,0,0.0,RED,0.0,6.0,0.0
2026-07-29 14:54:25,int-1,lane-W,0,29.7,0,clear,2,14,0,0.0,RED,0.0,6.0,0.0
2026-07-29 14:54:32,int-1,lane-N,6,0.0,3,clear,2,14,0,0.1,RED,1265.5,4.0,0.2
2026-07-29 14:54:32,int-1,lane-S,0,30.0,0,clear,2,14,0,0.0,GREEN,0.0,4.0,0.0
2026-07-29 14:54:32,int-1,lane-E,0,29.099999999999998,0,clear,2,14,0,0.0,RED,0.0,4.0,0.0
2026-07-29 14:54:32,int-1,lane-W,1,29.099999999999998,1,clear,2,14,0,0.03,RED,0.0,4.0,0.03
2026-07-29 14:54:38,int-1,lane-N,5,0.0,2,clear,2,14,0,0.07,RED,1267.5,1.0,0.17
2026-07-29 14:54:38,int-1,lane-S,0,30.0,0,clear,2,14,0,0.0,GREEN,0.0,1.0,0.0
2026-07-29 14:54:38,int-1,lane-E,0,29.4,0,clear,2,14,0,0.0,RED,0.0,1.0,0.0
2026-07-29 14:54:38,int-1,lane-W,0,29.4,0,clear,2,14,0,0.0,RED,0.0,1.0,0.0
2026-07-29 14:54:48,int-1,lane-N,4,0.5,1,clear,2,14,0,0.03,GREEN,1269.5,6.0,0.13
2026-07-29 14:54:48,int-1,lane-S,0,29.7,0,clear,2,14,0,0.0,RED,0.0,6.0,0.0
2026-07-29 14:54:48,int-1,lane-E,0,29.7,0,clear,2,14,0,0.0,RED,0.0,6.0,0.0
2026-07-29 14:54:48,int-1,lane-W,0,29.7,0,clear,2,14,0,0.0,RED,0.0,6.0,0.0
2026-07-29 14:54:55,int-1,lane-N,2,1.5,0,clear,2,14,1,0.0,GREEN,1270.5,5.0,0.07
2026-07-29 14:54:55,int-1,lane-S,2,29.099999999999998,2,clear,2,14,0,0.07,RED,0.0,5.0,0.07
2026-07-29 14:54:55,int-1,lane-E,1,29.099999999999998,1,clear,2,14,0,0.03,RED,0.0,5.0,0.03
2026-07-29 14:54:55,int-1,lane-W,0,29.099999999999998,0,clear,2,14,0,0.0,RED,0.0,5.0,0.0
2026-07-29 14:55:03,int-1,lane-N,3,1.0,0,clear,2,14,1,0.0,GREEN,1272.5,2.0,0.1
2026-07-29 14:55:03,int-1,lane-S,0,29.4,0,clear,2,14,0,0.0,RED,0.0,2.0,0.0
2026-07-29 14:55:03,int-1,lane-E,0,29.4,0,clear,2,14,0,0.0,RED,0.0,2.0,0.0
2026-07-29 14:55:03,int-1,lane-W,1,29.4,1,clear,2,14,0,0.03,RED,0.0,2.0,0.03
2026-07-29 14:55:14,int-1,lane-N,5,0.0,2,clear,2,14,1,0.07,YELLOW,1274.5,1.0,0.17
2026-07-29 14:55:14,int-1,lane-S,1,29.7,1,clear,2,14,0,0.03,RED,0.0,1.0,0.03
2026-07-29 14:55:14,int-1,lane-E,0,29.7,0,clear,2,14,0,0.0,RED,0.0,1.0,0.0
2026-07-29 14:55:14,int-1,lane-W,0,29.7,0,clear,2,14,0,0.0,RED,0.0,1.0,0.0
2026-07-29 14:55:22,int-1,lane-N,2,1.5,0,clear,2,14,0,0.0,GREEN,1275.5,6.0,0.07
2026-07-29 14:55:22,int-1,lane-S,2,29.099999999999998,2,clear,2,14,0,0.07,RED,0.0,6.0,0.07
2026-07-29 14:55:22,int-1,lane-E,2,29.099999999999998,2,clear,2,14,0,0.07,RED,0.0,6.0,0.07
2026-07-29 14:55:22,int-1,lane-W,2,29.099999999999998,2,clear,2,14,0,0.07,RED,0.0,6.0,0.07
2026-07-29 14:55:34,int-1,lane-N,3,1.0,0,clear,2,14,1,0.0,GREEN,1277.5,3.0,0.1
2026-07-29 14:55:34,int-1,lane-S,1,29.4,1,clear,2,14,0,0.03,RED,0.0,3.0,0.03
2026-07-29 14:55:34,int-1,lane-E,0,29.4,0,clear,2,14,0,0.0,RED,0.0,3.0,0.0
2026-07-29 14:55:34,int-1,lane-W,0,29.4,0,clear,2,14,0,0.0,RED,0.0,3.0,0.0
2026-07-29 14:55:43,int-1,lane-N,5,0.0,2,clear,2,14,1,0.07,YELLOW,1279.5,2.0,0.17
2026-07-29 14:55:43,int-1,lane-S,0,29.7,0,clear,2,14,0,0.0,RED,0.0,2.0,0.0
2026-07-29 14:55:43,int-1,lane-E,1,29.7,1,clear,2,14,0,0.03,RED,0.0,2.0,0.03
2026-07-29 14:55:43,int-1,lane-W,1,29.7,1,clear,2,14,0,0.03,RED,0.0,2.0,0.03
2026-07-29 14:55:53,int-1,lane-N,2,1.5,0,clear,2,14,1,0.0,GREEN,1280.5,6.0,0.07
2026-07-29 14:55:53,int-1,lane-S,0,29.099999999999998,0,clear,2,14,0,0.0,RED,0.0,6.0,0.0
2026-07-29 14:55:53,int-1,lane-E,0,29.099999999999998,0,clear,2,14,0,0.0,RED,0.0,6.0,0.0
2026-07-29 14:55:53,int-1,lane-W,2,29.099999999999998,2,clear,2,14,0,0.07,RED,0.0,6.0,0.07
2026-07-29 14:56:00,int-1,lane-N,3,1.0,0,clear,2,14,0,0.0,GREEN,1282.5,3.0,0.1
2026-07-29 14:56:00,int-1,lane-S,1,29.4,1,clear,2,14,0,0.03,RED,0.0,3.0,0.03
2026-07-29 14:56:00,int-1,lane-E,2,29.4,2,clear,2,14,0,0.07,RED,0.0,3.0,0.07
2026-07-29 14:56:00,int-1,lane-W,1,29.4,1,clear,2,14,0,0.03,RED,0.0,3.0,0.03
2026-07-29 14:56:07,int-1,lane-N,5,0.0,2,clear,2,14,0,0.07,YELLOW,1284.5,2.0,0.17
2026-07-29 14:56:07,int-1,lane-S,0,29.7,0,clear,2,14,0,0.0,RED,0.0,2.0,0.0
2026-07-29 14:56:07,int-1,lane-E,0,29.7,0,clear,2,14,0,0.0,RED,0.0,2.0,0.0
2026-07-29 14:56:07,int-1,lane-W,1,29.7,1,clear,2,14,0,0.03,RED,0.0,2.0,0.03
2026-07-29 14:56:14,int-1,lane-N,5,0.0,2,clear,2,14,0,0.07,RED,1285.5,3.0,0.17
2026-07-29 14:56:14,int-1,lane-S,0,29.099999999999998,0,clear,2,14,0,0.0,RED,0.0,3.0,0.0
2026-07-29 14:56:14,int-1,lane-E,2,29.099999999999998,2,clear,2,14,0,0.07,RED,0.0,3.0,0.07
2026-07-29 14:56:14,int-1,lane-W,0,30.0,0,clear,2,14,0,0.0,GREEN,0.0,3.0,0.0
2026-07-29 14:56:21,int-1,lane-N,5,0.0,2,clear,2,14,0,0.07,RED,1287.5,2.0,0.17
2026-07-29 14:56:21,int-1,lane-S,0,29.4,0,clear,2,14,0,0.0,RED,0.0,2.0,0.0
2026-07-29 14:56:21,int-1,lane-E,1,29.4,1,clear,2,14,0,0.03,RED,0.0,2.0,0.03
2026-07-29 14:56:21,int-1,lane-W,0,30.0,0,clear,2,14,0,0.0,YELLOW,0.0,2.0,0.0
2026-07-29 14:56:31,int-1,lane-N,4,0.5,1,clear,2,14,1,0.03,GREEN,1289.5,6.0,0.13
2026-07-29 14:56:31,int-1,lane-S,0,29.7,0,clear,2,14,0,0.0,RED,0.0,6.0,0.0
2026-07-29 14:56:31,int-1,lane-E,1,29.7,1,clear,2,14,0,0.03,RED,0.0,6.0,0.03
2026-07-29 14:56:31,int-1,lane-W,0,29.7,0,clear,2,14,0,0.0,RED,0.0,6.0,0.0
2026-07-29 14:56:38,int-1,lane-N,2,1.5,0,clear,2,14,1,0.0,GREEN,1290.5,3.0,0.07
2026-07-29 14:56:38,int-1,lane-S,1,29.099999999999998,1,clear,2,14,0,0.03,RED,0.0,3.0,0.03
2026-07-29 14:56:38,int-1,lane-E,1,29.099999999999998,1,clear,2,14,0,0.03,RED,0.0,3.0,0.03
2026-07-29 14:56:38,int-1,lane-W,2,29.099999999999998,2,clear,2,14,0,0.07,RED,0.0,3.0,0.07
2026-07-29 14:56:45,int-1,lane-N,5,0.0,2,clear,2,14,1,0.07,YELLOW,1292.5,2.0,0.17
2026-07-29 14:56:45,int-1,lane-S,0,29.4,0,clear,2,14,0,0.0,RED,0.0,2.0,0.0
2026-07-29 14:56:45,int-1,lane-E,2,29.4,2,clear,2,14,0,0.07,RED,0.0,2.0,0.07
2026-07-29 14:56:45,int-1,lane-W,2,29.4,2,clear,2,14,0,0.07,RED,0.0,2.0,0.07
2026-07-29 14:56:53,int-1,lane-N,6,0.0,3,clear,2,14,0,0.1,RED,1294.5,6.0,0.2
2026-07-29 14:56:53,int-1,lane-S,0,30.0,0,clear,2,14,0,0.0,GREEN,0.0,6.0,0.0
2026-07-29 14:56:53,int-1,lane-E,1,29.7,1,clear,2,14,0,0.03,RED,0.0,6.0,0.03
2026-07-29 14:56:53,int-1,lane-W,1,29.7,1,clear,2,14,0,0.03,RED,0.0,6.0,0.03
2026-07-29 14:57:00,int-1,lane-N,6,0.0,3,clear,2,14,0,0.1,RED,1295.5,4.0,0.2
2026-07-29 14:57:00,int-1,lane-S,0,30.0,0,clear,2,14,0,0.0,GREEN,0.0,4.0,0.0
2026-07-29 14:57:00,int-1,lane-E,2,29.099999999999998,2,clear,2,14,0,0.07,RED,0.0,4.0,0.07
2026-07-29 14:57:00,int-1,lane-W,0,29.099999999999998,0,clear,2,14,0,0.0,RED,0.0,4.0,0.0
2026-07-29 14:57:07,int-1,lane-N,5,0.0,2,clear,2,14,0,0.07,RED,1297.5,1.0,0.17
2026-07-29 14:57:07,int-1,lane-S,0,30.0,0,clear,2,14,0,0.0,GREEN,0.0,1.0,0.0
2026-07-29 14:57:07,int-1,lane-E,0,29.4,0,clear,2,14,0,0.0,RED,0.0,1.0,0.0
2026-07-29 14:57:07,int-1,lane-W,1,29.4,1,clear,2,14,0,0.03,RED,0.0,1.0,0.03
2026-07-29 14:57:14,int-1,lane-N,4,0.5,1,clear,2,14,0,0.03,GREEN,1299.5,6.0,0.13
2026-07-29 14:57:14,int-1,lane-S,1,29.7,1,clear,2,14,0,0.03,RED,0.0,6.0,0.03
2026-07-29 14:57:14,int-1,lane-E,1,29.7,1,clear,2,14,0,0.03,RED,0.0,6.0,0.03
2026-07-29 14:57:14,int-1,lane-W,0,29.7,0,clear,2,14,0,0.0,RED,0.0,6.0,0.0
2026-07-29 14:57:20,int-1,lane-N,2,1.5,0,clear,2,14,0,0.0,GREEN,1300.5,4.0,0.07
2026-07-29 14:57:20,int-1,lane-S,3,29.099999999999998,3,clear,2,14,0,0.1,RED,0.0,4.0,0.1
2026-07-29 14:57:20,int-1,lane-E,2,29.099999999999998,2,clear,2,14,0,0.07,RED,0.0,4.0,0.07
2026-07-29 14:57:20,int-1,lane-W,1,29.099999999999998,1,clear,2,14,0,0.03,RED,0.0,4.0,0.03
2026-07-29 14:57:29,int-1,lane-N,3,1.0,0,clear,2,14,0,0.0,GREEN,1302.5,1.0,0.1
2026-07-29 14:57:29,int-1,lane-S,0,29.4,0,clear,2,14,0,0.0,RED,0.0,1.0,0.0
2026-07-29 14:57:29,int-1,lane-E,2,29.4,2,clear,2,14,0,0.07,RED,0.0,1.0,0.07
2026-07-29 14:57:29,int-1,lane-W,1,29.4,1,clear,2,14,0,0.03,RED,0.0,1.0,0.03
2026-07-29 14:57:38,int-1,lane-N,6,0.0,3,clear,2,14,0,0.1,RED,1304.5,6.0,0.2
2026-07-29 14:57:38,int-1,lane-S,0,29.7,0,clear,2,14,0,0.0,RED,0.0,6.0,0.0
2026-07-29 14:57:38,int-1,lane-E,0,30.0,0,clear,2,14,0,0.0,GREEN,0.0,6.0,0.0
2026-07-29 14:57:38,int-1,lane-W,0,29.7,0,clear,2,14,0,0.0,RED,0.0,6.0,0.0
2026-07-29 14:57:44,int-1,lane-N,7,0.0,4,clear,2,14,0,0.13,RED,1305.5,6.0,0.23
2026-07-29 14:57:44,int-1,lane-S,0,29.099999999999998,0,clear,2,14,0,0.0,RED,0.0,6.0,0.0
2026-07-29 14:57:44,int-1,lane-E,0,30.0,0,clear,2,14,0,0.0,GREEN,0.0,6.0,0.0
2026-07-29 14:57:44,int-1,lane-W,2,29.099999999999998,2,clear,2,14,0,0.07,RED,0.0,6.0,0.07
2026-07-29 14:57:51,int-1,lane-N,7,0.0,4,clear,2,14,0,0.13,RED,1307.5,5.0,0.23
2026-07-29 14:57:51,int-1,lane-S,1,29.4,1,clear,2,14,0,0.03,RED,0.0,5.0,0.03
2026-07-29 14:57:51,int-1,lane-E,0,30.0,0,clear,2,14,0,0.0,GREEN,0.0,5.0,0.0
2026-07-29 14:57:51,int-1,lane-W,1,29.4,1,clear,2,14,0,0.03,RED,0.0,5.0,0.03
2026-07-29 14:57:59,int-1,lane-N,5,0.0,2,clear,2,14,0,0.07,RED,1309.5,2.0,0.17
2026-07-29 14:57:59,int-1,lane-S,1,29.7,1,clear,2,14,0,0.03,RED,0.0,2.0,0.03
2026-07-29 14:57:59,int-1,lane-E,0,30.0,0,clear,2,14,0,0.0,GREEN,0.0,2.0,0.0
2026-07-29 14:57:59,int-1,lane-W,0,29.7,0,clear,2,14,0,0.0,RED,0.0,2.0,0.0
2026-07-29 14:58:06,int-1,lane-N,10,0.5,3,clear,2,14,0,0.1,GREEN,1310.5,6.0,0.33
2026-07-29 14:58:06,int-1,lane-S,12,29.099999999999998,5,clear,2,14,0,0.17,RED,0.0,6.0,0.4
2026-07-29 14:58:06,int-1,lane-E,22,29.7,9,clear,2,14,0,0.3,RED,0.0,6.0,0.73
2026-07-29 14:58:06,int-1,lane-W,8,29.099999999999998,3,clear,2,14,0,0.1,RED,0.0,6.0,0.27
2026-07-29 14:58:24,int-1,lane-N,3,1.0,0,clear,2,14,1,0.0,GREEN,1312.5,4.0,0.1
2026-07-29 14:58:24,int-1,lane-S,0,29.4,0,clear,2,14,0,0.0,RED,0.0,4.0,0.0
2026-07-29 14:58:24,int-1,lane-E,2,29.4,2,clear,2,14,0,0.07,RED,0.0,4.0,0.07
2026-07-29 14:58:24,int-1,lane-W,1,29.4,1,clear,2,14,0,0.03,RED,0.0,4.0,0.03
2026-07-29 14:58:39,int-1,lane-N,4,0.5,1,clear,2,14,1,0.03,GREEN,1314.5,1.0,0.13
2026-07-29 14:58:39,int-1,lane-S,0,29.7,0,clear,2,14,0,0.0,RED,0.0,1.0,0.0
2026-07-29 14:58:39,int-1,lane-E,0,29.7,0,clear,2,14,0,0.0,RED,0.0,1.0,0.0
2026-07-29 14:58:39,int-1,lane-W,1,29.7,1,clear,2,14,0,0.03,RED,0.0,1.0,0.03
2026-07-29 14:58:46,int-1,lane-N,12,1.0,4,clear,2,14,1,0.13,GREEN,1315.5,6.0,0.4
2026-07-29 14:58:46,int-1,lane-S,15,29.099999999999998,7,clear,2,14,0,0.23,RED,0.0,6.0,0.5
2026-07-29 14:58:46,int-1,lane-E,18,29.099999999999998,8,clear,2,14,0,0.27,RED,0.0,6.0,0.6
2026-07-29 14:58:46,int-1,lane-W,9,29.099999999999998,4,clear,2,14,0,0.13,RED,0.0,6.0,0.3
2026-07-29 14:58:53,int-1,lane-N,3,1.0,0,clear,2,14,0,0.0,GREEN,1317.5,5.0,0.1
2026-07-29 14:58:53,int-1,lane-S,0,29.4,0,clear,2,14,0,0.0,RED,0.0,5.0,0.0
2026-07-29 14:58:53,int-1,lane-E,1,29.4,1,clear,2,14,0,0.03,RED,0.0,5.0,0.03
2026-07-29 14:58:53,int-1,lane-W,0,29.4,0,clear,2,14,0,0.0,RED,0.0,5.0,0.0
2026-07-29 14:59:00,int-1,lane-N,4,0.5,1,clear,2,14,0,0.03,GREEN,1319.5,2.0,0.13
2026-07-29 14:59:00,int-1,lane-S,0,29.7,0,clear,2,14,0,0.0,RED,0.0,2.0,0.0
2026-07-29 14:59:00,int-1,lane-E,0,29.7,0,clear,2,14,0,0.0,RED,0.0,2.0,0.0
2026-07-29 14:59:00,int-1,lane-W,1,29.7,1,clear,2,14,0,0.03,RED,0.0,2.0,0.03
2026-07-29 14:59:07,int-1,lane-N,5,0.0,2,clear,2,14,0,0.07,YELLOW,1320.5,1.0,0.17
2026-07-29 14:59:07,int-1,lane-S,3,29.099999999999998,3,clear,2,14,0,0.1,RED,0.0,1.0,0.1
2026-07-29 14:59:07,int-1,lane-E,3,29.099999999999998,3,clear,2,14,0,0.1,RED,0.0,1.0,0.1
2026-07-29 14:59:07,int-1,lane-W,1,29.099999999999998,1,clear,2,14,0,0.03,RED,0.0,1.0,0.03
2026-07-29 14:59:18,int-1,lane-N,6,0.0,3,clear,2,14,0,0.1,RED,1322.5,5.0,0.2
2026-07-29 14:59:18,int-1,lane-S,0,30.0,0,clear,2,14,0,0.0,GREEN,0.0,5.0,0.0
2026-07-29 14:59:18,int-1,lane-E,1,29.4,1,clear,2,14,0,0.03,RED,0.0,5.0,0.03
2026-07-29 14:59:18,int-1,lane-W,1,29.4,1,clear,2,14,0,0.03,RED,0.0,5.0,0.03
2026-07-29 14:59:27,int-1,lane-N,6,0.0,3,clear,2,14,0,0.1,RED,1324.5,2.0,0.2
2026-07-29 14:59:27,int-1,lane-S,0,30.0,0,clear,2,14,0,0.0,GREEN,0.0,2.0,0.0
2026-07-29 14:59:27,int-1,lane-E,0,29.7,0,clear,2,14,0,0.0,RED,0.0,2.0,0.0
2026-07-29 14:59:27,int-1,lane-W,1,29.7,1,clear,2,14,0,0.03,RED,0.0,2.0,0.03
2026-07-29 14:59:34,int-1,lane-N,7,0.0,4,clear,2,14,0,0.13,RED,1325.5,1.0,0.23
2026-07-29 14:59:34,int-1,lane-S,0,30.0,0,clear,2,14,0,0.0,YELLOW,0.0,1.0,0.0
2026-07-29 14:59:34,int-1,lane-E,2,29.099999999999998,2,clear,2,14,0,0.07,RED,0.0,1.0,0.07
2026-07-29 14:59:34,int-1,lane-W,2,29.099999999999998,2,clear,2,14,0,0.07,RED,0.0,1.0,0.07
2026-07-29 14:59:47,int-1,lane-N,3,1.0,0,clear,2,14,0,0.0,GREEN,1327.5,6.0,0.1
2026-07-29 14:59:47,int-1,lane-S,2,29.4,2,clear,2,14,0,0.07,RED,0.0,6.0,0.07
2026-07-29 14:59:47,int-1,lane-E,1,29.4,1,clear,2,14,0,0.03,RED,0.0,6.0,0.03
2026-07-29 14:59:47,int-1,lane-W,1,29.4,1,clear,2,14,0,0.03,RED,0.0,6.0,0.03
2026-07-29 14:59:55,int-1,lane-N,4,0.5,1,clear,2,14,0,0.03,GREEN,1329.5,3.0,0.13
2026-07-29 14:59:55,int-1,lane-S,0,29.7,0,clear,2,14,0,0.0,RED,0.0,3.0,0.0
2026-07-29 14:59:55,int-1,lane-E,1,29.7,1,clear,2,14,0,0.03,RED,0.0,3.0,0.03
2026-07-29 14:59:55,int-1,lane-W,1,29.7,1,clear,2,14,0,0.03,RED,0.0,3.0,0.03
2026-07-29 15:00:02,int-1,lane-N,4,0.5,1,clear,2,15,0,0.03,YELLOW,1330.5,2.0,0.13
2026-07-29 15:00:02,int-1,lane-S,3,29.099999999999998,3,clear,2,15,0,0.1,RED,0.0,2.0,0.1
2026-07-29 15:00:02,int-1,lane-E,3,29.099999999999998,3,clear,2,15,0,0.1,RED,0.0,2.0,0.1
2026-07-29 15:00:02,int-1,lane-W,0,29.099999999999998,0,clear,2,15,0,0.0,RED,0.0,2.0,0.0
2026-07-29 15:00:09,int-1,lane-N,7,0.0,4,clear,2,15,0,0.13,RED,1332.5,3.0,0.23
2026-07-29 15:00:09,int-1,lane-S,1,29.4,1,clear,2,15,0,0.03,RED,0.0,3.0,0.03
2026-07-29 15:00:09,int-1,lane-E,0,29.4,0,clear,2,15,0,0.0,RED,0.0,3.0,0.0
2026-07-29 15:00:09,int-1,lane-W,0,30.0,0,clear,2,15,0,0.0,GREEN,0.0,3.0,0.0
2026-07-29 15:00:19,int-1,lane-N,5,0.0,2,clear,2,15,0,0.07,RED,1334.5,2.0,0.17
2026-07-29 15:00:19,int-1,lane-S,1,29.7,1,clear,2,15,0,0.03,RED,0.0,2.0,0.03
2026-07-29 15:00:19,int-1,lane-E,0,29.7,0,clear,2,15,0,0.0,RED,0.0,2.0,0.0
2026-07-29 15:00:19,int-1,lane-W,0,30.0,0,clear,2,15,0,0.0,YELLOW,0.0,2.0,0.0
2026-07-29 15:00:26,int-1,lane-N,2,1.5,0,clear,2,15,0,0.0,GREEN,1335.5,6.0,0.07
2026-07-29 15:00:26,int-1,lane-S,1,29.099999999999998,1,clear,2,15,0,0.03,RED,0.0,6.0,0.03
2026-07-29 15:00:26,int-1,lane-E,3,29.099999999999998,3,clear,2,15,0,0.1,RED,0.0,6.0,0.1
2026-07-29 15:00:26,int-1,lane-W,0,29.099999999999998,0,clear,2,15,0,0.0,RED,0.0,6.0,0.0
2026-07-29 15:00:36,int-1,lane-N,3,1.0,0,clear,2,15,0,0.0,GREEN,1337.5,4.0,0.1
2026-07-29 15:00:36,int-1,lane-S,1,29.4,1,clear,2,15,0,0.03,RED,0.0,4.0,0.03
2026-07-29 15:00:36,int-1,lane-E,2,29.4,2,clear,2,15,0,0.07,RED,0.0,4.0,0.07
2026-07-29 15:00:36,int-1,lane-W,1,29.4,1,clear,2,15,0,0.03,RED,0.0,4.0,0.03
2026-07-29 15:00:45,int-1,lane-N,4,0.5,1,clear,2,15,0,0.03,GREEN,1339.5,1.0,0.13
2026-07-29 15:00:45,int-1,lane-S,0,29.7,0,clear,2,15,0,0.0,RED,0.0,1.0,0.0
2026-07-29 15:00:45,int-1,lane-E,1,29.7,1,clear,2,15,0,0.03,RED,0.0,1.0,0.03
2026-07-29 15:00:45,int-1,lane-W,0,29.7,0,clear,2,15,0,0.0,RED,0.0,1.0,0.0
2026-07-29 15:00:52,int-1,lane-N,14,0.0,6,clear,2,15,0,0.2,RED,1340.5,7.0,0.47
2026-07-29 15:00:52,int-1,lane-S,17,29.099999999999998,7,clear,2,15,0,0.23,RED,0.0,7.0,0.57
2026-07-29 15:00:52,int-1,lane-E,20,30.7,7,clear,2,15,0,0.23,GREEN,0.0,7.0,0.67
2026-07-29 15:00:52,int-1,lane-W,9,29.099999999999998,4,clear,2,15,0,0.13,RED,0.0,7.0,0.3
2026-07-29 15:00:59,int-1,lane-N,6,0.0,3,clear,2,15,0,0.1,RED,1342.5,6.0,0.2
2026-07-29 15:00:59,int-1,lane-S,1,29.4,1,clear,2,15,0,0.03,RED,0.0,6.0,0.03
2026-07-29 15:00:59,int-1,lane-E,0,30.0,0,clear,2,15,0,0.0,GREEN,0.0,6.0,0.0
2026-07-29 15:00:59,int-1,lane-W,2,29.4,2,clear,2,15,0,0.07,RED,0.0,6.0,0.07
2026-07-29 15:01:06,int-1,lane-N,6,0.0,3,clear,2,15,0,0.1,RED,1344.5,6.0,0.2
2026-07-29 15:01:06,int-1,lane-S,0,29.7,0,clear,2,15,0,0.0,RED,0.0,6.0,0.0
2026-07-29 15:01:06,int-1,lane-E,0,30.0,0,clear,2,15,0,0.0,GREEN,0.0,6.0,0.0
2026-07-29 15:01:06,int-1,lane-W,0,29.7,0,clear,2,15,0,0.0,RED,0.0,6.0,0.0
2026-07-29 15:01:13,int-1,lane-N,7,0.0,4,clear,2,15,0,0.13,RED,1345.5,4.0,0.23
2026-07-29 15:01:13,int-1,lane-S,1,29.099999999999998,1,clear,2,15,0,0.03,RED,0.0,4.0,0.03
2026-07-29 15:01:13,int-1,lane-E,0,30.0,0,clear,2,15,0,0.0,GREEN,0.0,4.0,0.0
2026-07-29 15:01:13,int-1,lane-W,0,29.099999999999998,0,clear,2,15,0,0.0,RED,0.0,4.0,0.0
2026-07-29 15:01:20,int-1,lane-N,6,0.0,3,clear,2,15,1,0.1,RED,1347.5,1.0,0.2
2026-07-29 15:01:20,int-1,lane-S,1,29.4,1,clear,2,15,0,0.03,RED,0.0,1.0,0.03
2026-07-29 15:01:20,int-1,lane-E,0,30.0,0,clear,2,15,0,0.0,GREEN,0.0,1.0,0.0
2026-07-29 15:01:20,int-1,lane-W,0,29.4,0,clear,2,15,0,0.0,RED,0.0,1.0,0.0
2026-07-29 15:01:27,int-1,lane-N,4,0.5,1,clear,2,15,1,0.03,GREEN,1349.5,6.0,0.13
2026-07-29 15:01:27,int-1,lane-S,1,29.7,1,clear,2,15,0,0.03,RED,0.0,6.0,0.03
2026-07-29 15:01:27,int-1,lane-E,0,29.7,0,clear,2,15,0,0.0,RED,0.0,6.0,0.0
2026-07-29 15:01:27,int-1,lane-W,0,29.7,0,clear,2,15,0,0.0,RED,0.0,6.0,0.0
2026-07-29 15:01:34,int-1,lane-N,2,1.5,0,clear,2,15,1,0.0,GREEN,1350.5,4.0,0.07
2026-07-29 15:01:34,int-1,lane-S,1,29.099999999999998,1,clear,2,15,0,0.03,RED,0.0,4.0,0.03
2026-07-29 15:01:34,int-1,lane-E,1,29.099999999999998,1,clear,2,15,0,0.03,RED,0.0,4.0,0.03
2026-07-29 15:01:34,int-1,lane-W,2,29.099999999999998,2,clear,2,15,0,0.07,RED,0.0,4.0,0.07
2026-07-29 15:01:40,int-1,lane-N,3,1.0,0,clear,2,15,0,0.0,GREEN,1352.5,1.0,0.1
2026-07-29 15:01:40,int-1,lane-S,0,29.4,0,clear,2,15,0,0.0,RED,0.0,1.0,0.0
2026-07-29 15:01:40,int-1,lane-E,0,29.4,0,clear,2,15,0,0.0,RED,0.0,1.0,0.0
2026-07-29 15:01:40,int-1,lane-W,2,29.4,2,clear,2,15,0,0.07,RED,0.0,1.0,0.07
2026-07-29 15:01:50,int-1,lane-N,5,0.0,2,clear,2,15,0,0.07,RED,1354.5,7.0,0.17
2026-07-29 15:01:50,int-1,lane-S,0,29.7,0,clear,2,15,0,0.0,RED,0.0,7.0,0.0
2026-07-29 15:01:50,int-1,lane-E,0,30.0,0,clear,2,15,0,0.0,GREEN,0.0,7.0,0.0
2026-07-29 15:01:50,int-1,lane-W,0,29.7,0,clear,2,15,0,0.0,RED,0.0,7.0,0.0
2026-07-29 15:01:57,int-1,lane-N,6,0.0,3,clear,2,15,0,0.1,RED,1355.5,6.0,0.2
2026-07-29 15:01:57,int-1,lane-S,2,29.099999999999998,2,clear,2,15,0,0.07,RED,0.0,6.0,0.07
2026-07-29 15:01:57,int-1,lane-E,0,30.0,0,clear,2,15,0,0.0,GREEN,0.0,6.0,0.0
2026-07-29 15:01:57,int-1,lane-W,1,29.099999999999998,1,clear,2,15,0,0.03,RED,0.0,6.0,0.03
2026-07-29 15:02:04,int-1,lane-N,6,0.0,3,clear,2,15,0,0.1,RED,1357.5,6.0,0.2
2026-07-29 15:02:04,int-1,lane-S,1,29.4,1,clear,2,15,0,0.03,RED,0.0,6.0,0.03
2026-07-29 15:02:04,int-1,lane-E,0,30.0,0,clear,2,15,0,0.0,GREEN,0.0,6.0,0.0
2026-07-29 15:02:04,int-1,lane-W,1,29.4,1,clear,2,15,0,0.03,RED,0.0,6.0,0.03
2026-07-29 15:02:11,int-1,lane-N,5,0.0,2,clear,2,15,0,0.07,RED,1359.5,4.0,0.17
2026-07-29 15:02:11,int-1,lane-S,1,29.7,1,clear,2,15,0,0.03,RED,0.0,4.0,0.03
2026-07-29 15:02:11,int-1,lane-E,0,30.0,0,clear,2,15,0,0.0,GREEN,0.0,4.0,0.0
2026-07-29 15:02:11,int-1,lane-W,0,29.7,0,clear,2,15,0,0.0,RED,0.0,4.0,0.0
2026-07-29 15:02:17,int-1,lane-N,6,0.0,3,clear,2,15,1,0.1,RED,1360.5,1.0,0.2
2026-07-29 15:02:17,int-1,lane-S,0,29.099999999999998,0,clear,2,15,0,0.0,RED,0.0,1.0,0.0
2026-07-29 15:02:17,int-1,lane-E,0,30.0,0,clear,2,15,0,0.0,GREEN,0.0,1.0,0.0
2026-07-29 15:02:17,int-1,lane-W,0,29.099999999999998,0,clear,2,15,0,0.0,RED,0.0,1.0,0.0
2026-07-29 15:02:24,int-1,lane-N,13,1.0,4,clear,2,15,1,0.13,GREEN,1362.5,6.0,0.43
2026-07-29 15:02:24,int-1,lane-S,16,29.4,6,clear,2,15,0,0.2,RED,0.0,6.0,0.53
2026-07-29 15:02:24,int-1,lane-E,22,29.4,9,clear,2,15,0,0.3,RED,0.0,6.0,0.73
2026-07-29 15:02:24,int-1,lane-W,8,29.4,4,clear,2,15,0,0.13,RED,0.0,6.0,0.27
2026-07-29 15:02:31,int-1,lane-N,4,0.5,1,clear,2,15,1,0.03,GREEN,1364.5,6.0,0.13
2026-07-29 15:02:31,int-1,lane-S,0,29.7,0,clear,2,15,0,0.0,RED,0.0,6.0,0.0
2026-07-29 15:02:31,int-1,lane-E,0,29.7,0,clear,2,15,0,0.0,RED,0.0,6.0,0.0
2026-07-29 15:02:31,int-1,lane-W,0,29.7,0,clear,2,15,0,0.0,RED,0.0,6.0,0.0
2026-07-29 15:02:38,int-1,lane-N,2,1.5,0,clear,2,15,0,0.0,GREEN,1365.5,3.0,0.07
2026-07-29 15:02:38,int-1,lane-S,3,29.099999999999998,3,clear,2,15,0,0.1,RED,0.0,3.0,0.1
2026-07-29 15:02:38,int-1,lane-E,1,29.099999999999998,1,clear,2,15,0,0.03,RED,0.0,3.0,0.03
2026-07-29 15:02:38,int-1,lane-W,2,29.099999999999998,2,clear,2,15,0,0.07,RED,0.0,3.0,0.07
2026-07-29 15:02:45,int-1,lane-N,5,0.0,2,clear,2,15,0,0.07,YELLOW,1367.5,2.0,0.17
2026-07-29 15:02:45,int-1,lane-S,1,29.4,1,clear,2,15,0,0.03,RED,0.0,2.0,0.03
2026-07-29 15:02:45,int-1,lane-E,1,29.4,1,clear,2,15,0,0.03,RED,0.0,2.0,0.03
2026-07-29 15:02:45,int-1,lane-W,0,29.4,0,clear,2,15,0,0.0,RED,0.0,2.0,0.0
2026-07-29 15:02:54,int-1,lane-N,5,0.0,2,clear,2,15,0,0.07,RED,1369.5,6.0,0.17
2026-07-29 15:02:54,int-1,lane-S,0,30.0,0,clear,2,15,0,0.0,GREEN,0.0,6.0,0.0
2026-07-29 15:02:54,int-1,lane-E,1,29.7,1,clear,2,15,0,0.03,RED,0.0,6.0,0.03
2026-07-29 15:02:54,int-1,lane-W,0,29.7,0,clear,2,15,0,0.0,RED,0.0,6.0,0.0
2026-07-29 15:03:01,int-1,lane-N,6,0.0,3,clear,2,15,0,0.1,RED,1370.5,4.0,0.2
2026-07-29 15:03:01,int-1,lane-S,0,30.0,0,clear,2,15,0,0.0,GREEN,0.0,4.0,0.0
2026-07-29 15:03:01,int-1,lane-E,2,29.099999999999998,2,clear,2,15,0,0.07,RED,0.0,4.0,0.07
2026-07-29 15:03:01,int-1,lane-W,2,29.099999999999998,2,clear,2,15,0,0.07,RED,0.0,4.0,0.07
2026-07-29 15:03:08,int-1,lane-N,6,0.0,3,clear,2,15,0,0.1,RED,1372.5,1.0,0.2
2026-07-29 15:03:08,int-1,lane-S,0,30.0,0,clear,2,15,0,0.0,GREEN,0.0,1.0,0.0
2026-07-29 15:03:08,int-1,lane-E,0,29.4,0,clear,2,15,0,0.0,RED,0.0,1.0,0.0
2026-07-29 15:03:08,int-1,lane-W,0,29.4,0,clear,2,15,0,0.0,RED,0.0,1.0,0.0
2026-07-29 15:03:16,int-1,lane-N,4,0.5,1,clear,2,15,0,0.03,GREEN,1374.5,6.0,0.13
2026-07-29 15:03:16,int-1,lane-S,0,29.7,0,clear,2,15,0,0.0,RED,0.0,6.0,0.0
2026-07-29 15:03:16,int-1,lane-E,0,29.7,0,clear,2,15,0,0.0,RED,0.0,6.0,0.0
2026-07-29 15:03:16,int-1,lane-W,1,29.7,1,clear,2,15,0,0.03,RED,0.0,6.0,0.03
2026-07-29 15:03:23,int-1,lane-N,2,1.5,0,clear,2,15,0,0.0,GREEN,1375.5,6.0,0.07
2026-07-29 15:03:23,int-1,lane-S,2,29.099999999999998,2,clear,2,15,0,0.07,RED,0.0,6.0,0.07
2026-07-29 15:03:23,int-1,lane-E,0,29.099999999999998,0,clear,2,15,0,0.0,RED,0.0,6.0,0.0
2026-07-29 15:03:23,int-1,lane-W,1,29.099999999999998,1,clear,2,15,0,0.03,RED,0.0,6.0,0.03
2026-07-29 15:03:30,int-1,lane-N,3,1.0,0,clear,2,15,0,0.0,GREEN,1377.5,3.0,0.1
2026-07-29 15:03:30,int-1,lane-S,1,29.4,1,clear,2,15,0,0.03,RED,0.0,3.0,0.03
2026-07-29 15:03:30,int-1,lane-E,1,29.4,1,clear,2,15,0,0.03,RED,0.0,3.0,0.03
2026-07-29 15:03:30,int-1,lane-W,1,29.4,1,clear,2,15,0,0.03,RED,0.0,3.0,0.03
2026-07-29 15:03:37,int-1,lane-N,5,0.0,2,clear,2,15,0,0.07,YELLOW,1379.5,2.0,0.17
2026-07-29 15:03:37,int-1,lane-S,1,29.7,1,clear,2,15,0,0.03,RED,0.0,2.0,0.03
2026-07-29 15:03:37,int-1,lane-E,0,29.7,0,clear,2,15,0,0.0,RED,0.0,2.0,0.0
2026-07-29 15:03:37,int-1,lane-W,1,29.7,1,clear,2,15,0,0.03,RED,0.0,2.0,0.03
2026-07-29 15:03:44,int-1,lane-N,7,0.0,4,clear,2,15,0,0.13,RED,1380.5,3.0,0.23
2026-07-29 15:03:44,int-1,lane-S,1,29.099999999999998,1,clear,2,15,0,0.03,RED,0.0,3.0,0.03
2026-07-29 15:03:44,int-1,lane-E,2,29.099999999999998,2,clear,2,15,0,0.07,RED,0.0,3.0,0.07
2026-07-29 15:03:44,int-1,lane-W,0,30.0,0,clear,2,15,0,0.0,GREEN,0.0,3.0,0.0
2026-07-29 15:03:51,int-1,lane-N,5,0.0,2,clear,2,15,1,0.07,RED,1382.5,2.0,0.17
2026-07-29 15:03:51,int-1,lane-S,1,29.4,1,clear,2,15,0,0.03,RED,0.0,2.0,0.03
2026-07-29 15:03:51,int-1,lane-E,1,29.4,1,clear,2,15,0,0.03,RED,0.0,2.0,0.03
2026-07-29 15:03:51,int-1,lane-W,0,30.0,0,clear,2,15,0,0.0,YELLOW,0.0,2.0,0.0
2026-07-29 15:04:01,int-1,lane-N,4,0.5,1,clear,2,15,1,0.03,GREEN,1384.5,5.0,0.13
2026-07-29 15:04:01,int-1,lane-S,0,29.7,0,clear,2,15,0,0.0,RED,0.0,5.0,0.0
2026-07-29 15:04:01,int-1,lane-E,1,29.7,1,clear,2,15,0,0.03,RED,0.0,5.0,0.03
2026-07-29 15:04:01,int-1,lane-W,0,29.7,0,clear,2,15,0,0.0,RED,0.0,5.0,0.0
2026-07-29 15:04:08,int-1,lane-N,2,1.5,0,clear,2,15,1,0.0,GREEN,1385.5,2.0,0.07
2026-07-29 15:04:08,int-1,lane-S,0,29.099999999999998,0,clear,2,15,0,0.0,RED,0.0,2.0,0.0
2026-07-29 15:04:08,int-1,lane-E,0,29.099999999999998,0,clear,2,15,0,0.0,RED,0.0,2.0,0.0
2026-07-29 15:04:08,int-1,lane-W,0,29.099999999999998,0,clear,2,15,0,0.0,RED,0.0,2.0,0.0
2026-07-29 15:04:15,int-1,lane-N,5,0.0,2,clear,2,15,1,0.07,YELLOW,1387.5,1.0,0.17
2026-07-29 15:04:15,int-1,lane-S,1,29.4,1,clear,2,15,0,0.03,RED,0.0,1.0,0.03
2026-07-29 15:04:15,int-1,lane-E,0,29.4,0,clear,2,15,0,0.0,RED,0.0,1.0,0.0
2026-07-29 15:04:15,int-1,lane-W,1,29.4,1,clear,2,15,0,0.03,RED,0.0,1.0,0.03
2026-07-29 15:04:22,int-1,lane-N,4,0.5,1,clear,2,15,0,0.03,GREEN,1389.5,5.0,0.13
2026-07-29 15:04:22,int-1,lane-S,1,29.7,1,clear,2,15,0,0.03,RED,0.0,5.0,0.03
2026-07-29 15:04:22,int-1,lane-E,0,29.7,0,clear,2,15,0,0.0,RED,0.0,5.0,0.0
2026-07-29 15:04:22,int-1,lane-W,1,29.7,1,clear,2,15,0,0.03,RED,0.0,5.0,0.03
2026-07-29 15:04:29,int-1,lane-N,2,1.5,0,clear,2,15,1,0.0,GREEN,1390.5,2.0,0.07
2026-07-29 15:04:29,int-1,lane-S,2,29.099999999999998,2,clear,2,15,0,0.07,RED,0.0,2.0,0.07
2026-07-29 15:04:29,int-1,lane-E,1,29.099999999999998,1,clear,2,15,0,0.03,RED,0.0,2.0,0.03
2026-07-29 15:04:29,int-1,lane-W,1,29.099999999999998,1,clear,2,15,0,0.03,RED,0.0,2.0,0.03
2026-07-29 15:04:37,int-1,lane-N,12,0.5,4,clear,2,15,1,0.13,GREEN,1392.5,6.0,0.4
2026-07-29 15:04:37,int-1,lane-S,15,29.4,7,clear,2,15,0,0.23,RED,0.0,6.0,0.5
2026-07-29 15:04:37,int-1,lane-E,17,29.4,7,clear,2,15,0,0.23,RED,0.0,6.0,0.57
2026-07-29 15:04:37,int-1,lane-W,7,29.4,3,clear,2,15,0,0.1,RED,0.0,6.0,0.23
2026-07-29 15:04:44,int-1,lane-N,4,0.5,1,clear,2,15,1,0.03,GREEN,1394.5,5.0,0.13
2026-07-29 15:04:44,int-1,lane-S,0,29.7,0,clear,2,15,0,0.0,RED,0.0,5.0,0.0
2026-07-29 15:04:44,int-1,lane-E,0,29.7,0,clear,2,15,0,0.0,RED,0.0,5.0,0.0
2026-07-29 15:04:44,int-1,lane-W,0,29.7,0,clear,2,15,0,0.0,RED,0.0,5.0,0.0
2026-07-29 15:04:51,int-1,lane-N,2,1.5,0,clear,2,15,0,0.0,GREEN,1395.5,2.0,0.07
2026-07-29 15:04:51,int-1,lane-S,0,29.099999999999998,0,clear,2,15,0,0.0,RED,0.0,2.0,0.0
2026-07-29 15:04:51,int-1,lane-E,0,29.099999999999998,0,clear,2,15,0,0.0,RED,0.0,2.0,0.0
2026-07-29 15:04:51,int-1,lane-W,1,29.099999999999998,1,clear,2,15,0,0.03,RED,0.0,2.0,0.03
2026-07-29 15:05:01,int-1,lane-N,5,0.0,2,clear,2,15,0,0.07,YELLOW,1397.5,1.0,0.17
2026-07-29 15:05:01,int-1,lane-S,1,29.4,1,clear,2,15,0,0.03,RED,0.0,1.0,0.03
2026-07-29 15:05:01,int-1,lane-E,1,29.4,1,clear,2,15,0,0.03,RED,0.0,1.0,0.03
2026-07-29 15:05:01,int-1,lane-W,0,29.4,0,clear,2,15,0,0.0,RED,0.0,1.0,0.0
2026-07-29 15:05:08,int-1,lane-N,6,0.0,3,clear,2,15,0,0.1,RED,1399.5,6.0,0.2
2026-07-29 15:05:08,int-1,lane-S,0,30.0,0,clear,2,15,0,0.0,GREEN,0.0,6.0,0.0
2026-07-29 15:05:08,int-1,lane-E,1,29.7,1,clear,2,15,0,0.03,RED,0.0,6.0,0.03
2026-07-29 15:05:08,int-1,lane-W,1,29.7,1,clear,2,15,0,0.03,RED,0.0,6.0,0.03
2026-07-29 15:05:16,int-1,lane-N,8,0.0,5,clear,2,15,0,0.17,RED,1400.5,4.0,0.27
2026-07-29 15:05:16,int-1,lane-S,0,30.0,0,clear,2,15,0,0.0,GREEN,0.0,4.0,0.0
2026-07-29 15:05:16,int-1,lane-E,2,29.099999999999998,2,clear,2,15,0,0.07,RED,0.0,4.0,0.07
2026-07-29 15:05:16,int-1,lane-W,0,29.099999999999998,0,clear,2,15,0,0.0,RED,0.0,4.0,0.0
2026-07-29 15:05:29,int-1,lane-N,6,0.0,3,clear,2,15,0,0.1,RED,1402.5,2.0,0.2
2026-07-29 15:05:29,int-1,lane-S,0,30.0,0,clear,2,15,0,0.0,YELLOW,0.0,2.0,0.0
2026-07-29 15:05:29,int-1,lane-E,1,29.4,1,clear,2,15,0,0.03,RED,0.0,2.0,0.03
2026-07-29 15:05:29,int-1,lane-W,0,29.4,0,clear,2,15,0,0.0,RED,0.0,2.0,0.0
2026-07-29 15:05:37,int-1,lane-N,4,0.5,1,clear,2,15,0,0.03,GREEN,1404.5,6.0,0.13
2026-07-29 15:05:37,int-1,lane-S,1,29.7,1,clear,2,15,0,0.03,RED,0.0,6.0,0.03
2026-07-29 15:05:37,int-1,lane-E,0,29.7,0,clear,2,15,0,0.0,RED,0.0,6.0,0.0
2026-07-29 15:05:37,int-1,lane-W,0,29.7,0,clear,2,15,0,0.0,RED,0.0,6.0,0.0
2026-07-29 15:05:44,int-1,lane-N,2,1.5,0,clear,2,15,0,0.0,GREEN,1405.5,4.0,0.07
2026-07-29 15:05:44,int-1,lane-S,1,29.099999999999998,1,clear,2,15,0,0.03,RED,0.0,4.0,0.03
2026-07-29 15:05:44,int-1,lane-E,1,29.099999999999998,1,clear,2,15,0,0.03,RED,0.0,4.0,0.03
2026-07-29 15:05:44,int-1,lane-W,1,29.099999999999998,1,clear,2,15,0,0.03,RED,0.0,4.0,0.03
2026-07-29 15:05:51,int-1,lane-N,4,0.5,1,clear,2,15,0,0.03,YELLOW,1407.5,2.0,0.13
2026-07-29 15:05:51,int-1,lane-S,1,29.4,1,clear,2,15,0,0.03,RED,0.0,2.0,0.03
2026-07-29 15:05:51,int-1,lane-E,0,29.4,0,clear,2,15,0,0.0,RED,0.0,2.0,0.0
2026-07-29 15:05:51,int-1,lane-W,0,29.4,0,clear,2,15,0,0.0,RED,0.0,2.0,0.0
2026-07-29 15:06:02,int-1,lane-N,5,0.0,2,clear,2,15,0,0.07,RED,1409.5,6.0,0.17
2026-07-29 15:06:02,int-1,lane-S,0,30.0,0,clear,2,15,0,0.0,GREEN,0.0,6.0,0.0
2026-07-29 15:06:02,int-1,lane-E,1,29.7,1,clear,2,15,0,0.03,RED,0.0,6.0,0.03
2026-07-29 15:06:02,int-1,lane-W,0,29.7,0,clear,2,15,0,0.0,RED,0.0,6.0,0.0
2026-07-29 15:06:08,int-1,lane-N,7,0.0,4,clear,2,15,0,0.13,RED,1410.5,6.0,0.23
2026-07-29 15:06:08,int-1,lane-S,0,30.0,0,clear,2,15,0,0.0,GREEN,0.0,6.0,0.0
2026-07-29 15:06:08,int-1,lane-E,1,29.099999999999998,1,clear,2,15,0,0.03,RED,0.0,6.0,0.03
2026-07-29 15:06:08,int-1,lane-W,1,29.099999999999998,1,clear,2,15,0,0.03,RED,0.0,6.0,0.03
2026-07-29 15:06:15,int-1,lane-N,5,0.0,2,clear,2,15,0,0.07,RED,1412.5,3.0,0.17
2026-07-29 15:06:15,int-1,lane-S,0,30.0,0,clear,2,15,0,0.0,GREEN,0.0,3.0,0.0
2026-07-29 15:06:15,int-1,lane-E,1,29.4,1,clear,2,15,0,0.03,RED,0.0,3.0,0.03
2026-07-29 15:06:15,int-1,lane-W,1,29.4,1,clear,2,15,0,0.03,RED,0.0,3.0,0.03
2026-07-29 15:06:23,int-1,lane-N,5,0.0,2,clear,2,15,1,0.07,RED,1414.5,2.0,0.17
2026-07-29 15:06:23,int-1,lane-S,0,30.0,0,clear,2,15,0,0.0,YELLOW,0.0,2.0,0.0
2026-07-29 15:06:23,int-1,lane-E,1,29.7,1,clear,2,15,0,0.03,RED,0.0,2.0,0.03
2026-07-29 15:06:23,int-1,lane-W,0,29.7,0,clear,2,15,0,0.0,RED,0.0,2.0,0.0
2026-07-29 15:06:30,int-1,lane-N,2,1.5,0,clear,2,15,1,0.0,GREEN,1415.5,6.0,0.07
2026-07-29 15:06:30,int-1,lane-S,0,29.099999999999998,0,clear,2,15,0,0.0,RED,0.0,6.0,0.0
2026-07-29 15:06:30,int-1,lane-E,1,29.099999999999998,1,clear,2,15,0,0.03,RED,0.0,6.0,0.03
2026-07-29 15:06:30,int-1,lane-W,0,29.099999999999998,0,clear,2,15,0,0.0,RED,0.0,6.0,0.0
2026-07-29 15:06:36,int-1,lane-N,3,1.0,0,clear,2,15,1,0.0,GREEN,1417.5,4.0,0.1
2026-07-29 15:06:36,int-1,lane-S,1,29.4,1,clear,2,15,0,0.03,RED,0.0,4.0,0.03
2026-07-29 15:06:36,int-1,lane-E,2,29.4,2,clear,2,15,0,0.07,RED,0.0,4.0,0.07
2026-07-29 15:06:36,int-1,lane-W,1,29.4,1,clear,2,15,0,0.03,RED,0.0,4.0,0.03
2026-07-29 15:06:45,int-1,lane-N,4,0.5,1,clear,2,15,0,0.03,GREEN,1419.5,1.0,0.13
2026-07-29 15:06:45,int-1,lane-S,1,29.7,1,clear,2,15,0,0.03,RED,0.0,1.0,0.03
2026-07-29 15:06:45,int-1,lane-E,0,29.7,0,clear,2,15,0,0.0,RED,0.0,1.0,0.0
2026-07-29 15:06:45,int-1,lane-W,0,29.7,0,clear,2,15,0,0.0,RED,0.0,1.0,0.0
2026-07-29 15:06:51,int-1,lane-N,12,0.0,5,clear,2,15,0,0.17,RED,1420.5,6.0,0.4
2026-07-29 15:06:51,int-1,lane-S,14,30.7,4,clear,2,15,0,0.13,GREEN,0.0,6.0,0.47
2026-07-29 15:06:51,int-1,lane-E,20,29.099999999999998,9,clear,2,15,0,0.3,RED,0.0,6.0,0.67
2026-07-29 15:06:51,int-1,lane-W,9,29.099999999999998,5,clear,2,15,0,0.17,RED,0.0,6.0,0.3
2026-07-29 15:06:58,int-1,lane-N,6,0.0,3,clear,2,15,0,0.1,RED,1422.5,6.0,0.2
2026-07-29 15:06:58,int-1,lane-S,0,30.0,0,clear,2,15,0,0.0,GREEN,0.0,6.0,0.0
2026-07-29 15:06:58,int-1,lane-E,1,29.4,1,clear,2,15,0,0.03,RED,0.0,6.0,0.03
2026-07-29 15:06:58,int-1,lane-W,0,29.4,0,clear,2,15,0,0.0,RED,0.0,6.0,0.0
2026-07-29 15:07:08,int-1,lane-N,5,0.0,2,clear,2,15,1,0.07,RED,1424.5,4.0,0.17
2026-07-29 15:07:08,int-1,lane-S,0,30.0,0,clear,2,15,0,0.0,GREEN,0.0,4.0,0.0
2026-07-29 15:07:08,int-1,lane-E,0,29.7,0,clear,2,15,0,0.0,RED,0.0,4.0,0.0
2026-07-29 15:07:08,int-1,lane-W,0,29.7,0,clear,2,15,0,0.0,RED,0.0,4.0,0.0
2026-07-29 15:07:15,int-1,lane-N,7,0.0,4,clear,2,15,1,0.13,RED,1425.5,2.0,0.23
2026-07-29 15:07:15,int-1,lane-S,0,30.0,0,clear,2,15,0,0.0,YELLOW,0.0,2.0,0.0
2026-07-29 15:07:15,int-1,lane-E,1,29.099999999999998,1,clear,2,15,0,0.03,RED,0.0,2.0,0.03
2026-07-29 15:07:15,int-1,lane-W,0,29.099999999999998,0,clear,2,15,0,0.0,RED,0.0,2.0,0.0
2026-07-29 15:07:21,int-1,lane-N,3,1.0,0,clear,2,15,1,0.0,GREEN,1427.5,6.0,0.1
2026-07-29 15:07:21,int-1,lane-S,0,29.4,0,clear,2,15,0,0.0,RED,0.0,6.0,0.0
2026-07-29 15:07:21,int-1,lane-E,1,29.4,1,clear,2,15,0,0.03,RED,0.0,6.0,0.03
2026-07-29 15:07:21,int-1,lane-W,1,29.4,1,clear,2,15,0,0.03,RED,0.0,6.0,0.03
2026-07-29 15:07:29,int-1,lane-N,4,0.5,1,clear,2,15,0,0.03,GREEN,1429.5,4.0,0.13
2026-07-29 15:07:29,int-1,lane-S,0,29.7,0,clear,2,15,0,0.0,RED,0.0,4.0,0.0
2026-07-29 15:07:29,int-1,lane-E,1,29.7,1,clear,2,15,0,0.03,RED,0.0,4.0,0.03
2026-07-29 15:07:29,int-1,lane-W,0,29.7,0,clear,2,15,0,0.0,RED,0.0,4.0,0.0
2026-07-29 15:07:36,int-1,lane-N,2,1.5,0,clear,2,15,0,0.0,GREEN,1430.5,1.0,0.07
2026-07-29 15:07:36,int-1,lane-S,1,29.099999999999998,1,clear,2,15,0,0.03,RED,0.0,1.0,0.03
2026-07-29 15:07:36,int-1,lane-E,0,29.099999999999998,0,clear,2,15,0,0.0,RED,0.0,1.0,0.0
2026-07-29 15:07:36,int-1,lane-W,0,29.099999999999998,0,clear,2,15,0,0.0,RED,0.0,1.0,0.0
2026-07-29 15:07:43,int-1,lane-N,11,1.0,3,clear,2,15,1,0.1,GREEN,1432.5,6.0,0.37
2026-07-29 15:07:43,int-1,lane-S,14,29.4,6,clear,2,15,0,0.2,RED,0.0,6.0,0.47
2026-07-29 15:07:43,int-1,lane-E,23,29.4,9,clear,2,15,0,0.3,RED,0.0,6.0,0.77
2026-07-29 15:07:43,int-1,lane-W,8,29.4,4,clear,2,15,0,0.13,RED,0.0,6.0,0.27
2026-07-29 15:07:50,int-1,lane-N,4,0.5,1,clear,2,15,1,0.03,GREEN,1434.5,5.0,0.13
2026-07-29 15:07:50,int-1,lane-S,0,29.7,0,clear,2,15,0,0.0,RED,0.0,5.0,0.0
2026-07-29 15:07:50,int-1,lane-E,1,29.7,1,clear,2,15,0,0.03,RED,0.0,5.0,0.03
2026-07-29 15:07:50,int-1,lane-W,1,29.7,1,clear,2,15,0,0.03,RED,0.0,5.0,0.03
2026-07-29 15:07:57,int-1,lane-N,2,1.5,0,clear,2,15,1,0.0,GREEN,1435.5,2.0,0.07
2026-07-29 15:07:57,int-1,lane-S,0,29.099999999999998,0,clear,2,15,0,0.0,RED,0.0,2.0,0.0
2026-07-29 15:07:57,int-1,lane-E,3,29.099999999999998,3,clear,2,15,0,0.1,RED,0.0,2.0,0.1
2026-07-29 15:07:57,int-1,lane-W,2,29.099999999999998,2,clear,2,15,0,0.07,RED,0.0,2.0,0.07
2026-07-29 15:08:05,int-1,lane-N,14,0.0,6,clear,2,15,0,0.2,RED,1437.5,6.0,0.47
2026-07-29 15:08:05,int-1,lane-S,13,30.2,5,clear,2,15,0,0.17,GREEN,0.0,6.0,0.43
2026-07-29 15:08:05,int-1,lane-E,23,29.4,9,clear,2,15,0,0.3,RED,0.0,6.0,0.77
2026-07-29 15:08:05,int-1,lane-W,8,29.4,4,clear,2,15,0,0.13,RED,0.0,6.0,0.27
2026-07-29 15:08:13,int-1,lane-N,6,0.0,3,clear,2,15,0,0.1,RED,1439.5,6.0,0.2
2026-07-29 15:08:13,int-1,lane-S,0,30.0,0,clear,2,15,0,0.0,GREEN,0.0,6.0,0.0
2026-07-29 15:08:13,int-1,lane-E,0,29.7,0,clear,2,15,0,0.0,RED,0.0,6.0,0.0
2026-07-29 15:08:13,int-1,lane-W,0,29.7,0,clear,2,15,0,0.0,RED,0.0,6.0,0.0
2026-07-29 15:08:19,int-1,lane-N,7,0.0,4,clear,2,15,0,0.13,RED,1440.5,3.0,0.23
2026-07-29 15:08:19,int-1,lane-S,0,30.0,0,clear,2,15,0,0.0,GREEN,0.0,3.0,0.0
2026-07-29 15:08:19,int-1,lane-E,2,29.099999999999998,2,clear,2,15,0,0.07,RED,0.0,3.0,0.07
2026-07-29 15:08:19,int-1,lane-W,1,29.099999999999998,1,clear,2,15,0,0.03,RED,0.0,3.0,0.03
2026-07-29 15:08:26,int-1,lane-N,5,0.0,2,clear,2,15,0,0.07,RED,1442.5,2.0,0.17
2026-07-29 15:08:26,int-1,lane-S,0,30.0,0,clear,2,15,0,0.0,YELLOW,0.0,2.0,0.0
2026-07-29 15:08:26,int-1,lane-E,1,29.4,1,clear,2,15,0,0.03,RED,0.0,2.0,0.03
2026-07-29 15:08:26,int-1,lane-W,1,29.4,1,clear,2,15,0,0.03,RED,0.0,2.0,0.03
2026-07-29 15:08:35,int-1,lane-N,4,0.5,1,clear,2,15,0,0.03,GREEN,1444.5,6.0,0.13
2026-07-29 15:08:35,int-1,lane-S,0,29.7,0,clear,2,15,0,0.0,RED,0.0,6.0,0.0
2026-07-29 15:08:35,int-1,lane-E,0,29.7,0,clear,2,15,0,0.0,RED,0.0,6.0,0.0
2026-07-29 15:08:35,int-1,lane-W,0,29.7,0,clear,2,15,0,0.0,RED,0.0,6.0,0.0
2026-07-29 15:08:41,int-1,lane-N,2,1.5,0,clear,2,15,0,0.0,GREEN,1445.5,3.0,0.07
2026-07-29 15:08:41,int-1,lane-S,0,29.099999999999998,0,clear,2,15,0,0.0,RED,0.0,3.0,0.0
2026-07-29 15:08:41,int-1,lane-E,1,29.099999999999998,1,clear,2,15,0,0.03,RED,0.0,3.0,0.03
2026-07-29 15:08:41,int-1,lane-W,1,29.099999999999998,1,clear,2,15,0,0.03,RED,0.0,3.0,0.03
2026-07-29 15:08:49,int-1,lane-N,5,0.0,2,clear,2,15,1,0.07,YELLOW,1447.5,2.0,0.17
2026-07-29 15:08:49,int-1,lane-S,1,29.4,1,clear,2,15,0,0.03,RED,0.0,2.0,0.03
2026-07-29 15:08:49,int-1,lane-E,0,29.4,0,clear,2,15,0,0.0,RED,0.0,2.0,0.0
2026-07-29 15:08:49,int-1,lane-W,0,29.4,0,clear,2,15,0,0.0,RED,0.0,2.0,0.0
2026-07-29 15:08:57,int-1,lane-N,4,0.5,1,clear,2,15,1,0.03,GREEN,1449.5,6.0,0.13
2026-07-29 15:08:57,int-1,lane-S,1,29.7,1,clear,2,15,0,0.03,RED,0.0,6.0,0.03
2026-07-29 15:08:57,int-1,lane-E,0,29.7,0,clear,2,15,0,0.0,RED,0.0,6.0,0.0
2026-07-29 15:08:57,int-1,lane-W,1,29.7,1,clear,2,15,0,0.03,RED,0.0,6.0,0.03
2026-07-29 15:09:03,int-1,lane-N,2,1.5,0,clear,2,15,1,0.0,GREEN,1450.5,3.0,0.07
2026-07-29 15:09:03,int-1,lane-S,1,29.099999999999998,1,clear,2,15,0,0.03,RED,0.0,3.0,0.03
2026-07-29 15:09:03,int-1,lane-E,1,29.099999999999998,1,clear,2,15,0,0.03,RED,0.0,3.0,0.03
2026-07-29 15:09:03,int-1,lane-W,2,29.099999999999998,2,clear,2,15,0,0.07,RED,0.0,3.0,0.07
2026-07-29 15:09:15,int-1,lane-N,5,0.0,2,clear,2,15,0,0.07,YELLOW,1452.5,2.0,0.17
2026-07-29 15:09:15,int-1,lane-S,1,29.4,1,clear,2,15,0,0.03,RED,0.0,2.0,0.03
2026-07-29 15:09:15,int-1,lane-E,1,29.4,1,clear,2,15,0,0.03,RED,0.0,2.0,0.03
2026-07-29 15:09:15,int-1,lane-W,1,29.4,1,clear,2,15,0,0.03,RED,0.0,2.0,0.03
2026-07-29 15:09:24,int-1,lane-N,6,0.0,3,clear,2,15,0,0.1,RED,1454.5,6.0,0.2
2026-07-29 15:09:24,int-1,lane-S,0,30.0,0,clear,2,15,0,0.0,GREEN,0.0,6.0,0.0
2026-07-29 15:09:24,int-1,lane-E,0,29.7,0,clear,2,15,0,0.0,RED,0.0,6.0,0.0
2026-07-29 15:09:24,int-1,lane-W,0,29.7,0,clear,2,15,0,0.0,RED,0.0,6.0,0.0
2026-07-29 15:09:30,int-1,lane-N,7,0.0,4,clear,2,15,0,0.13,RED,1455.5,3.0,0.23
2026-07-29 15:09:30,int-1,lane-S,0,30.0,0,clear,2,15,0,0.0,GREEN,0.0,3.0,0.0
2026-07-29 15:09:30,int-1,lane-E,1,29.099999999999998,1,clear,2,15,0,0.03,RED,0.0,3.0,0.03
2026-07-29 15:09:30,int-1,lane-W,3,29.099999999999998,3,clear,2,15,0,0.1,RED,0.0,3.0,0.1
2026-07-29 15:09:37,int-1,lane-N,5,0.0,2,clear,2,15,0,0.07,RED,1457.5,2.0,0.17
2026-07-29 15:09:37,int-1,lane-S,0,30.0,0,clear,2,15,0,0.0,YELLOW,0.0,2.0,0.0
2026-07-29 15:09:37,int-1,lane-E,1,29.4,1,clear,2,15,0,0.03,RED,0.0,2.0,0.03
2026-07-29 15:09:37,int-1,lane-W,0,29.4,0,clear,2,15,0,0.0,RED,0.0,2.0,0.0
2026-07-29 15:09:45,int-1,lane-N,4,0.5,1,clear,2,15,0,0.03,GREEN,1459.5,6.0,0.13
2026-07-29 15:09:45,int-1,lane-S,0,29.7,0,clear,2,15,0,0.0,RED,0.0,6.0,0.0
2026-07-29 15:09:45,int-1,lane-E,0,29.7,0,clear,2,15,0,0.0,RED,0.0,6.0,0.0
2026-07-29 15:09:45,int-1,lane-W,1,29.7,1,clear,2,15,0,0.03,RED,0.0,6.0,0.03
2026-07-29 15:09:52,int-1,lane-N,2,1.5,0,clear,2,15,0,0.0,GREEN,1460.5,4.0,0.07
2026-07-29 15:09:52,int-1,lane-S,2,29.099999999999998,2,clear,2,15,0,0.07,RED,0.0,4.0,0.07
2026-07-29 15:09:52,int-1,lane-E,1,29.099999999999998,1,clear,2,15,0,0.03,RED,0.0,4.0,0.03
2026-07-29 15:09:52,int-1,lane-W,2,29.099999999999998,2,clear,2,15,0,0.07,RED,0.0,4.0,0.07
2026-07-29 15:09:59,int-1,lane-N,4,0.5,1,clear,2,15,0,0.03,YELLOW,1462.5,2.0,0.13
2026-07-29 15:09:59,int-1,lane-S,1,29.4,1,clear,2,15,0,0.03,RED,0.0,2.0,0.03
2026-07-29 15:09:59,int-1,lane-E,1,29.4,1,clear,2,15,0,0.03,RED,0.0,2.0,0.03
2026-07-29 15:09:59,int-1,lane-W,0,29.4,0,clear,2,15,0,0.0,RED,0.0,2.0,0.0
2026-07-29 15:10:07,int-1,lane-N,5,0.0,2,clear,2,15,1,0.07,RED,1464.5,4.0,0.17
2026-07-29 15:10:07,int-1,lane-S,0,29.7,0,clear,2,15,0,0.0,RED,0.0,4.0,0.0
2026-07-29 15:10:07,int-1,lane-E,0,29.7,0,clear,2,15,0,0.0,RED,0.0,4.0,0.0
2026-07-29 15:10:07,int-1,lane-W,0,30.0,0,clear,2,15,0,0.0,GREEN,0.0,4.0,0.0
2026-07-29 15:10:15,int-1,lane-N,7,0.0,4,clear,2,15,1,0.13,RED,1465.5,2.0,0.23
2026-07-29 15:10:15,int-1,lane-S,2,29.099999999999998,2,clear,2,15,0,0.07,RED,0.0,2.0,0.07
2026-07-29 15:10:15,int-1,lane-E,1,29.099999999999998,1,clear,2,15,0,0.03,RED,0.0,2.0,0.03
2026-07-29 15:10:15,int-1,lane-W,0,30.0,0,clear,2,15,0,0.0,YELLOW,0.0,2.0,0.0
2026-07-29 15:10:22,int-1,lane-N,3,1.0,0,clear,2,15,1,0.0,GREEN,1467.5,6.0,0.1
2026-07-29 15:10:22,int-1,lane-S,1,29.4,1,clear,2,15,0,0.03,RED,0.0,6.0,0.03
2026-07-29 15:10:22,int-1,lane-E,1,29.4,1,clear,2,15,0,0.03,RED,0.0,6.0,0.03
2026-07-29 15:10:22,int-1,lane-W,1,29.4,1,clear,2,15,0,0.03,RED,0.0,6.0,0.03
2026-07-29 15:10:30,int-1,lane-N,4,0.5,1,clear,2,15,0,0.03,GREEN,1469.5,5.0,0.13
2026-07-29 15:10:30,int-1,lane-S,0,29.7,0,clear,2,15,0,0.0,RED,0.0,5.0,0.0
2026-07-29 15:10:30,int-1,lane-E,1,29.7,1,clear,2,15,0,0.03,RED,0.0,5.0,0.03
2026-07-29 15:10:30,int-1,lane-W,1,29.7,1,clear,2,15,0,0.03,RED,0.0,5.0,0.03
2026-07-29 15:10:36,int-1,lane-N,2,1.5,0,clear,2,15,0,0.0,GREEN,1470.5,2.0,0.07
2026-07-29 15:10:36,int-1,lane-S,2,29.099999999999998,2,clear,2,15,0,0.07,RED,0.0,2.0,0.07
2026-07-29 15:10:36,int-1,lane-E,2,29.099999999999998,2,clear,2,15,0,0.07,RED,0.0,2.0,0.07
2026-07-29 15:10:36,int-1,lane-W,0,29.099999999999998,0,clear,2,15,0,0.0,RED,0.0,2.0,0.0
2026-07-29 15:10:43,int-1,lane-N,5,0.0,2,clear,2,15,0,0.07,YELLOW,1472.5,1.0,0.17
2026-07-29 15:10:43,int-1,lane-S,0,29.4,0,clear,2,15,0,0.0,RED,0.0,1.0,0.0
2026-07-29 15:10:43,int-1,lane-E,1,29.4,1,clear,2,15,0,0.03,RED,0.0,1.0,0.03
2026-07-29 15:10:43,int-1,lane-W,2,29.4,2,clear,2,15,0,0.07,RED,0.0,1.0,0.07
2026-07-29 15:10:51,int-1,lane-N,5,0.0,2,clear,2,15,0,0.07,RED,1474.5,2.0,0.17
2026-07-29 15:10:51,int-1,lane-S,0,29.7,0,clear,2,15,0,0.0,RED,0.0,2.0,0.0
2026-07-29 15:10:51,int-1,lane-E,1,29.7,1,clear,2,15,0,0.03,RED,0.0,2.0,0.03
2026-07-29 15:10:51,int-1,lane-W,0,30.0,0,clear,2,15,0,0.0,GREEN,0.0,2.0,0.0
2026-07-29 15:10:57,int-1,lane-N,12,0.5,4,clear,2,15,0,0.13,GREEN,1475.5,6.0,0.4
2026-07-29 15:10:57,int-1,lane-S,13,29.099999999999998,5,clear,2,15,0,0.17,RED,0.0,6.0,0.43
2026-07-29 15:10:57,int-1,lane-E,19,29.099999999999998,8,clear,2,15,0,0.27,RED,0.0,6.0,0.63
2026-07-29 15:10:57,int-1,lane-W,8,29.7,3,clear,2,15,0,0.1,RED,0.0,6.0,0.27
2026-07-29 15:11:04,int-1,lane-N,3,1.0,0,clear,2,15,1,0.0,GREEN,1477.5,5.0,0.1
2026-07-29 15:11:04,int-1,lane-S,0,29.4,0,clear,2,15,0,0.0,RED,0.0,5.0,0.0
2026-07-29 15:11:04,int-1,lane-E,1,29.4,1,clear,2,15,0,0.03,RED,0.0,5.0,0.03
2026-07-29 15:11:04,int-1,lane-W,1,29.4,1,clear,2,15,0,0.03,RED,0.0,5.0,0.03
2026-07-29 15:11:16,int-1,lane-N,4,0.5,1,clear,2,15,1,0.03,GREEN,1479.5,2.0,0.13
2026-07-29 15:11:16,int-1,lane-S,0,29.7,0,clear,2,15,0,0.0,RED,0.0,2.0,0.0
2026-07-29 15:11:16,int-1,lane-E,1,29.7,1,clear,2,15,0,0.03,RED,0.0,2.0,0.03
2026-07-29 15:11:16,int-1,lane-W,1,29.7,1,clear,2,15,0,0.03,RED,0.0,2.0,0.03
2026-07-29 15:11:23,int-1,lane-N,5,0.0,2,clear,2,15,1,0.07,YELLOW,1480.5,1.0,0.17
2026-07-29 15:11:23,int-1,lane-S,2,29.099999999999998,2,clear,2,15,0,0.07,RED,0.0,1.0,0.07
2026-07-29 15:11:23,int-1,lane-E,0,29.099999999999998,0,clear,2,15,0,0.0,RED,0.0,1.0,0.0
2026-07-29 15:11:23,int-1,lane-W,0,29.099999999999998,0,clear,2,15,0,0.0,RED,0.0,1.0,0.0
2026-07-29 15:11:40,int-1,lane-N,6,0.0,3,clear,2,15,0,0.1,RED,1482.5,6.0,0.2
2026-07-29 15:11:40,int-1,lane-S,0,30.0,0,clear,2,15,0,0.0,GREEN,0.0,6.0,0.0
2026-07-29 15:11:40,int-1,lane-E,0,29.4,0,clear,2,15,0,0.0,RED,0.0,6.0,0.0
2026-07-29 15:11:40,int-1,lane-W,0,29.4,0,clear,2,15,0,0.0,RED,0.0,6.0,0.0
2026-07-29 15:12:09,int-1,lane-N,5,0.0,2,clear,2,15,0,0.07,RED,1484.5,3.0,0.17
2026-07-29 15:12:09,int-1,lane-S,0,30.0,0,clear,2,15,0,0.0,GREEN,0.0,3.0,0.0
2026-07-29 15:12:09,int-1,lane-E,1,29.7,1,clear,2,15,0,0.03,RED,0.0,3.0,0.03
2026-07-29 15:12:09,int-1,lane-W,1,29.7,1,clear,2,15,0,0.03,RED,0.0,3.0,0.03
2026-07-29 15:12:19,int-1,lane-N,7,0.0,4,clear,2,15,0,0.13,RED,1485.5,2.0,0.23
2026-07-29 15:12:19,int-1,lane-S,0,30.0,0,clear,2,15,0,0.0,YELLOW,0.0,2.0,0.0
2026-07-29 15:12:19,int-1,lane-E,1,29.099999999999998,1,clear,2,15,0,0.03,RED,0.0,2.0,0.03
2026-07-29 15:12:19,int-1,lane-W,1,29.099999999999998,1,clear,2,15,0,0.03,RED,0.0,2.0,0.03
2026-07-29 15:12:38,int-1,lane-N,3,1.0,0,clear,2,15,0,0.0,GREEN,1487.5,6.0,0.1
2026-07-29 15:12:38,int-1,lane-S,2,29.4,2,clear,2,15,0,0.07,RED,0.0,6.0,0.07
2026-07-29 15:12:38,int-1,lane-E,0,29.4,0,clear,2,15,0,0.0,RED,0.0,6.0,0.0
2026-07-29 15:12:38,int-1,lane-W,0,29.4,0,clear,2,15,0,0.0,RED,0.0,6.0,0.0
2026-07-29 15:12:51,int-1,lane-N,4,0.5,1,clear,2,15,0,0.03,GREEN,1489.5,3.0,0.13
2026-07-29 15:12:51,int-1,lane-S,0,29.7,0,clear,2,15,0,0.0,RED,0.0,3.0,0.0
2026-07-29 15:12:51,int-1,lane-E,1,29.7,1,clear,2,15,0,0.03,RED,0.0,3.0,0.03
2026-07-29 15:12:51,int-1,lane-W,1,29.7,1,clear,2,15,0,0.03,RED,0.0,3.0,0.03
2026-07-29 15:13:00,int-1,lane-N,4,0.5,1,clear,2,15,1,0.03,YELLOW,1490.5,2.0,0.13
2026-07-29 15:13:00,int-1,lane-S,1,29.099999999999998,1,clear,2,15,0,0.03,RED,0.0,2.0,0.03
2026-07-29 15:13:00,int-1,lane-E,0,29.099999999999998,0,clear,2,15,0,0.0,RED,0.0,2.0,0.0
2026-07-29 15:13:00,int-1,lane-W,3,29.099999999999998,3,clear,2,15,0,0.1,RED,0.0,2.0,0.1
2026-07-29 15:13:13,int-1,lane-N,3,1.0,0,clear,2,15,1,0.0,GREEN,1492.5,6.0,0.1
2026-07-29 15:13:13,int-1,lane-S,1,29.4,1,clear,2,15,0,0.03,RED,0.0,6.0,0.03
2026-07-29 15:13:13,int-1,lane-E,0,29.4,0,clear,2,15,0,0.0,RED,0.0,6.0,0.0
2026-07-29 15:13:13,int-1,lane-W,1,29.4,1,clear,2,15,0,0.03,RED,0.0,6.0,0.03
2026-07-29 15:13:21,int-1,lane-N,4,0.5,1,clear,2,15,1,0.03,GREEN,1494.5,4.0,0.13
2026-07-29 15:13:21,int-1,lane-S,0,29.7,0,clear,2,15,0,0.0,RED,0.0,4.0,0.0
2026-07-29 15:13:21,int-1,lane-E,0,29.7,0,clear,2,15,0,0.0,RED,0.0,4.0,0.0
2026-07-29 15:13:21,int-1,lane-W,0,29.7,0,clear,2,15,0,0.0,RED,0.0,4.0,0.0
2026-07-29 15:13:35,int-1,lane-N,3,1.0,0,clear,2,15,0,0.0,YELLOW,1495.5,2.0,0.1
2026-07-29 15:13:35,int-1,lane-S,0,29.099999999999998,0,clear,2,15,0,0.0,RED,0.0,2.0,0.0
2026-07-29 15:13:35,int-1,lane-E,0,29.099999999999998,0,clear,2,15,0,0.0,RED,0.0,2.0,0.0
2026-07-29 15:13:35,int-1,lane-W,0,29.099999999999998,0,clear,2,15,0,0.0,RED,0.0,2.0,0.0
2026-07-29 15:13:48,int-1,lane-N,7,0.0,4,clear,2,15,0,0.13,RED,1497.5,7.0,0.23
2026-07-29 15:13:48,int-1,lane-S,1,29.4,1,clear,2,15,0,0.03,RED,0.0,7.0,0.03
2026-07-29 15:13:48,int-1,lane-E,0,30.0,0,clear,2,15,0,0.0,GREEN,0.0,7.0,0.0
2026-07-29 15:13:48,int-1,lane-W,1,29.4,1,clear,2,15,0,0.03,RED,0.0,7.0,0.03
2026-07-29 15:14:08,int-1,lane-N,5,0.0,2,clear,2,15,0,0.07,RED,1499.5,6.0,0.17
2026-07-29 15:14:08,int-1,lane-S,1,29.7,1,clear,2,15,0,0.03,RED,0.0,6.0,0.03
2026-07-29 15:14:08,int-1,lane-E,0,30.0,0,clear,2,15,0,0.0,GREEN,0.0,6.0,0.0
2026-07-29 15:14:08,int-1,lane-W,0,29.7,0,clear,2,15,0,0.0,RED,0.0,6.0,0.0
2026-07-29 15:14:17,int-1,lane-N,7,0.0,4,clear,2,15,0,0.13,RED,1500.5,6.0,0.23
2026-07-29 15:14:17,int-1,lane-S,2,29.099999999999998,2,clear,2,15,0,0.07,RED,0.0,6.0,0.07
2026-07-29 15:14:17,int-1,lane-E,0,30.0,0,clear,2,15,0,0.0,GREEN,0.0,6.0,0.0
2026-07-29 15:14:17,int-1,lane-W,1,29.099999999999998,1,clear,2,15,0,0.03,RED,0.0,6.0,0.03
2026-07-29 15:14:25,int-1,lane-N,5,0.0,2,clear,2,15,0,0.07,RED,1502.5,4.0,0.17
2026-07-29 15:14:25,int-1,lane-S,0,29.4,0,clear,2,15,0,0.0,RED,0.0,4.0,0.0
2026-07-29 15:14:25,int-1,lane-E,0,30.0,0,clear,2,15,0,0.0,GREEN,0.0,4.0,0.0
2026-07-29 15:14:25,int-1,lane-W,1,29.4,1,clear,2,15,0,0.03,RED,0.0,4.0,0.03
2026-07-29 15:14:35,int-1,lane-N,5,0.0,2,clear,2,15,0,0.07,RED,1504.5,2.0,0.17
2026-07-29 15:14:35,int-1,lane-S,1,29.7,1,clear,2,15,0,0.03,RED,0.0,2.0,0.03
2026-07-29 15:14:35,int-1,lane-E,0,30.0,0,clear,2,15,0,0.0,YELLOW,0.0,2.0,0.0
2026-07-29 15:14:35,int-1,lane-W,0,29.7,0,clear,2,15,0,0.0,RED,0.0,2.0,0.0
2026-07-29 15:14:42,int-1,lane-N,11,1.5,3,clear,2,15,0,0.1,GREEN,1505.5,6.0,0.37
2026-07-29 15:14:42,int-1,lane-S,18,29.099999999999998,8,clear,2,15,0,0.27,RED,0.0,6.0,0.6
2026-07-29 15:14:42,int-1,lane-E,20,29.099999999999998,9,clear,2,15,0,0.3,RED,0.0,6.0,0.67
2026-07-29 15:14:42,int-1,lane-W,9,29.099999999999998,5,clear,2,15,0,0.17,RED,0.0,6.0,0.3
2026-07-29 15:14:49,int-1,lane-N,3,1.0,0,clear,2,15,0,0.0,GREEN,1507.5,5.0,0.1
2026-07-29 15:14:49,int-1,lane-S,1,29.4,1,clear,2,15,0,0.03,RED,0.0,5.0,0.03
2026-07-29 15:14:49,int-1,lane-E,0,29.4,0,clear,2,15,0,0.0,RED,0.0,5.0,0.0
2026-07-29 15:14:49,int-1,lane-W,0,29.4,0,clear,2,15,0,0.0,RED,0.0,5.0,0.0
2026-07-29 15:14:59,int-1,lane-N,4,0.5,1,clear,2,15,0,0.03,GREEN,1509.5,2.0,0.13
2026-07-29 15:14:59,int-1,lane-S,0,29.7,0,clear,2,15,0,0.0,RED,0.0,2.0,0.0
2026-07-29 15:14:59,int-1,lane-E,0,29.7,0,clear,2,15,0,0.0,RED,0.0,2.0,0.0
2026-07-29 15:14:59,int-1,lane-W,0,29.7,0,clear,2,15,0,0.0,RED,0.0,2.0,0.0
2026-07-29 15:15:06,int-1,lane-N,14,0.0,6,clear,2,15,0,0.2,RED,1510.5,6.0,0.47
2026-07-29 15:15:06,int-1,lane-S,14,29.9,5,clear,2,15,0,0.17,GREEN,0.0,6.0,0.47
2026-07-29 15:15:06,int-1,lane-E,19,29.099999999999998,8,clear,2,15,0,0.27,RED,0.0,6.0,0.63
2026-07-29 15:15:06,int-1,lane-W,7,29.099999999999998,3,clear,2,15,0,0.1,RED,0.0,6.0,0.23
2026-07-29 15:15:13,int-1,lane-N,7,0.0,4,clear,2,15,0,0.13,RED,1512.5,6.0,0.23
2026-07-29 15:15:13,int-1,lane-S,0,30.0,0,clear,2,15,0,0.0,GREEN,0.0,6.0,0.0
2026-07-29 15:15:13,int-1,lane-E,1,29.4,1,clear,2,15,0,0.03,RED,0.0,6.0,0.03
2026-07-29 15:15:13,int-1,lane-W,1,29.4,1,clear,2,15,0,0.03,RED,0.0,6.0,0.03
2026-07-29 15:15:23,int-1,lane-N,6,0.0,3,clear,2,15,0,0.1,RED,1514.5,4.0,0.2
2026-07-29 15:15:23,int-1,lane-S,0,30.0,0,clear,2,15,0,0.0,GREEN,0.0,4.0,0.0
2026-07-29 15:15:23,int-1,lane-E,1,29.7,1,clear,2,15,0,0.03,RED,0.0,4.0,0.03
2026-07-29 15:15:23,int-1,lane-W,0,29.7,0,clear,2,15,0,0.0,RED,0.0,4.0,0.0
2026-07-29 15:15:32,int-1,lane-N,7,0.0,4,clear,2,15,0,0.13,RED,1515.5,2.0,0.23
2026-07-29 15:15:32,int-1,lane-S,0,30.0,0,clear,2,15,0,0.0,YELLOW,0.0,2.0,0.0
2026-07-29 15:15:32,int-1,lane-E,2,29.099999999999998,2,clear,2,15,0,0.07,RED,0.0,2.0,0.07
2026-07-29 15:15:32,int-1,lane-W,1,29.099999999999998,1,clear,2,15,0,0.03,RED,0.0,2.0,0.03
2026-07-29 15:15:41,int-1,lane-N,3,1.0,0,clear,2,15,0,0.0,GREEN,1517.5,6.0,0.1
2026-07-29 15:15:41,int-1,lane-S,1,29.4,1,clear,2,15,0,0.03,RED,0.0,6.0,0.03
2026-07-29 15:15:41,int-1,lane-E,0,29.4,0,clear,2,15,0,0.0,RED,0.0,6.0,0.0
2026-07-29 15:15:41,int-1,lane-W,1,29.4,1,clear,2,15,0,0.03,RED,0.0,6.0,0.03
2026-07-29 15:15:52,int-1,lane-N,4,0.5,1,clear,2,15,0,0.03,GREEN,1519.5,3.0,0.13
2026-07-29 15:15:52,int-1,lane-S,0,29.7,0,clear,2,15,0,0.0,RED,0.0,3.0,0.0
2026-07-29 15:15:52,int-1,lane-E,1,29.7,1,clear,2,15,0,0.03,RED,0.0,3.0,0.03
2026-07-29 15:15:52,int-1,lane-W,1,29.7,1,clear,2,15,0,0.03,RED,0.0,3.0,0.03
2026-07-29 15:15:59,int-1,lane-N,4,0.5,1,clear,2,15,1,0.03,YELLOW,1520.5,2.0,0.13
2026-07-29 15:15:59,int-1,lane-S,2,29.099999999999998,2,clear,2,15,0,0.07,RED,0.0,2.0,0.07
2026-07-29 15:15:59,int-1,lane-E,0,29.099999999999998,0,clear,2,15,0,0.0,RED,0.0,2.0,0.0
2026-07-29 15:15:59,int-1,lane-W,1,29.099999999999998,1,clear,2,15,0,0.03,RED,0.0,2.0,0.03
2026-07-29 15:16:06,int-1,lane-N,3,1.0,0,clear,2,15,1,0.0,GREEN,1522.5,6.0,0.1
2026-07-29 15:16:06,int-1,lane-S,1,29.4,1,clear,2,15,0,0.03,RED,0.0,6.0,0.03
2026-07-29 15:16:06,int-1,lane-E,0,29.4,0,clear,2,15,0,0.0,RED,0.0,6.0,0.0
2026-07-29 15:16:06,int-1,lane-W,1,29.4,1,clear,2,15,0,0.03,RED,0.0,6.0,0.03
2026-07-29 15:16:16,int-1,lane-N,4,0.5,1,clear,2,15,1,0.03,GREEN,1524.5,4.0,0.13
2026-07-29 15:16:16,int-1,lane-S,0,29.7,0,clear,2,15,0,0.0,RED,0.0,4.0,0.0
2026-07-29 15:16:16,int-1,lane-E,0,29.7,0,clear,2,15,0,0.0,RED,0.0,4.0,0.0
2026-07-29 15:16:16,int-1,lane-W,0,29.7,0,clear,2,15,0,0.0,RED,0.0,4.0,0.0
2026-07-29 15:16:23,int-1,lane-N,2,1.5,0,clear,2,15,0,0.0,GREEN,1525.5,1.0,0.07
2026-07-29 15:16:23,int-1,lane-S,3,29.099999999999998,3,clear,2,15,0,0.1,RED,0.0,1.0,0.1
2026-07-29 15:16:23,int-1,lane-E,0,29.099999999999998,0,clear,2,15,0,0.0,RED,0.0,1.0,0.0
2026-07-29 15:16:23,int-1,lane-W,1,29.099999999999998,1,clear,2,15,0,0.03,RED,0.0,1.0,0.03
2026-07-29 15:16:30,int-1,lane-N,15,0.0,7,clear,2,15,0,0.23,RED,1527.5,6.0,0.5
2026-07-29 15:16:30,int-1,lane-S,12,31.0,4,clear,2,15,0,0.13,GREEN,0.0,6.0,0.4
2026-07-29 15:16:30,int-1,lane-E,21,29.4,10,clear,2,15,0,0.33,RED,0.0,6.0,0.7
2026-07-29 15:16:30,int-1,lane-W,9,29.4,5,clear,2,15,0,0.17,RED,0.0,6.0,0.3
2026-07-29 15:16:37,int-1,lane-N,6,0.0,3,clear,2,15,0,0.1,RED,1529.5,5.0,0.2
2026-07-29 15:16:37,int-1,lane-S,0,30.0,0,clear,2,15,0,0.0,GREEN,0.0,5.0,0.0
2026-07-29 15:16:37,int-1,lane-E,0,29.7,0,clear,2,15,0,0.0,RED,0.0,5.0,0.0
2026-07-29 15:16:37,int-1,lane-W,1,29.7,1,clear,2,15,0,0.03,RED,0.0,5.0,0.03
2026-07-29 15:16:44,int-1,lane-N,6,0.0,3,clear,2,15,0,0.1,RED,1530.5,2.0,0.2
2026-07-29 15:16:44,int-1,lane-S,0,30.0,0,clear,2,15,0,0.0,GREEN,0.0,2.0,0.0
2026-07-29 15:16:44,int-1,lane-E,1,29.099999999999998,1,clear,2,15,0,0.03,RED,0.0,2.0,0.03
2026-07-29 15:16:44,int-1,lane-W,0,29.099999999999998,0,clear,2,15,0,0.0,RED,0.0,2.0,0.0
2026-07-29 15:16:52,int-1,lane-N,5,0.0,2,clear,2,15,0,0.07,RED,1532.5,1.0,0.17
2026-07-29 15:16:52,int-1,lane-S,0,30.0,0,clear,2,15,0,0.0,YELLOW,0.0,1.0,0.0
2026-07-29 15:16:52,int-1,lane-E,1,29.4,1,clear,2,15,0,0.03,RED,0.0,1.0,0.03
2026-07-29 15:16:52,int-1,lane-W,0,29.4,0,clear,2,15,0,0.0,RED,0.0,1.0,0.0
2026-07-29 15:17:01,int-1,lane-N,4,0.5,1,clear,2,15,0,0.03,GREEN,1534.5,6.0,0.13
2026-07-29 15:17:01,int-1,lane-S,1,29.7,1,clear,2,15,0,0.03,RED,0.0,6.0,0.03
2026-07-29 15:17:01,int-1,lane-E,0,29.7,0,clear,2,15,0,0.0,RED,0.0,6.0,0.0
2026-07-29 15:17:01,int-1,lane-W,0,29.7,0,clear,2,15,0,0.0,RED,0.0,6.0,0.0
2026-07-29 15:17:09,int-1,lane-N,2,1.5,0,clear,2,15,0,0.0,GREEN,1535.5,4.0,0.07
2026-07-29 15:17:09,int-1,lane-S,2,29.099999999999998,2,clear,2,15,0,0.07,RED,0.0,4.0,0.07
2026-07-29 15:17:09,int-1,lane-E,1,29.099999999999998,1,clear,2,15,0,0.03,RED,0.0,4.0,0.03
2026-07-29 15:17:09,int-1,lane-W,1,29.099999999999998,1,clear,2,15,0,0.03,RED,0.0,4.0,0.03
2026-07-29 15:17:15,int-1,lane-N,4,0.5,1,clear,2,15,0,0.03,YELLOW,1537.5,2.0,0.13
2026-07-29 15:17:15,int-1,lane-S,1,29.4,1,clear,2,15,0,0.03,RED,0.0,2.0,0.03
2026-07-29 15:17:15,int-1,lane-E,1,29.4,1,clear,2,15,0,0.03,RED,0.0,2.0,0.03
2026-07-29 15:17:15,int-1,lane-W,0,29.4,0,clear,2,15,0,0.0,RED,0.0,2.0,0.0
2026-07-29 15:17:23,int-1,lane-N,5,0.0,2,clear,2,15,0,0.07,RED,1539.5,3.0,0.17
2026-07-29 15:17:23,int-1,lane-S,0,29.7,0,clear,2,15,0,0.0,RED,0.0,3.0,0.0
2026-07-29 15:17:23,int-1,lane-E,1,29.7,1,clear,2,15,0,0.03,RED,0.0,3.0,0.03
2026-07-29 15:17:23,int-1,lane-W,0,30.0,0,clear,2,15,0,0.0,GREEN,0.0,3.0,0.0
2026-07-29 15:17:30,int-1,lane-N,5,0.0,2,clear,2,15,0,0.07,RED,1540.5,2.0,0.17
2026-07-29 15:17:30,int-1,lane-S,0,29.099999999999998,0,clear,2,15,0,0.0,RED,0.0,2.0,0.0
2026-07-29 15:17:30,int-1,lane-E,1,29.099999999999998,1,clear,2,15,0,0.03,RED,0.0,2.0,0.03
2026-07-29 15:17:30,int-1,lane-W,0,30.0,0,clear,2,15,0,0.0,YELLOW,0.0,2.0,0.0
2026-07-29 15:17:38,int-1,lane-N,3,1.0,0,clear,2,15,0,0.0,GREEN,1542.5,6.0,0.1
2026-07-29 15:17:38,int-1,lane-S,0,29.4,0,clear,2,15,0,0.0,RED,0.0,6.0,0.0
2026-07-29 15:17:38,int-1,lane-E,1,29.4,1,clear,2,15,0,0.03,RED,0.0,6.0,0.03
2026-07-29 15:17:38,int-1,lane-W,0,29.4,0,clear,2,15,0,0.0,RED,0.0,6.0,0.0
2026-07-29 15:17:44,int-1,lane-N,4,0.5,1,clear,2,15,0,0.03,GREEN,1544.5,5.0,0.13
2026-07-29 15:17:44,int-1,lane-S,0,29.7,0,clear,2,15,0,0.0,RED,0.0,5.0,0.0
2026-07-29 15:17:44,int-1,lane-E,0,29.7,0,clear,2,15,0,0.0,RED,0.0,5.0,0.0
2026-07-29 15:17:44,int-1,lane-W,0,29.7,0,clear,2,15,0,0.0,RED,0.0,5.0,0.0
2026-07-29 15:17:51,int-1,lane-N,2,1.5,0,clear,2,15,0,0.0,GREEN,1545.5,2.0,0.07
2026-07-29 15:17:51,int-1,lane-S,2,29.099999999999998,2,clear,2,15,0,0.07,RED,0.0,2.0,0.07
2026-07-29 15:17:51,int-1,lane-E,1,29.099999999999998,1,clear,2,15,0,0.03,RED,0.0,2.0,0.03
2026-07-29 15:17:51,int-1,lane-W,0,29.099999999999998,0,clear,2,15,0,0.0,RED,0.0,2.0,0.0
2026-07-29 15:17:59,int-1,lane-N,15,0.0,6,clear,2,15,0,0.2,RED,1547.5,6.0,0.5
2026-07-29 15:17:59,int-1,lane-S,14,30.2,5,clear,2,15,0,0.17,GREEN,0.0,6.0,0.47
2026-07-29 15:17:59,int-1,lane-E,20,29.4,8,clear,2,15,0,0.27,RED,0.0,6.0,0.67
2026-07-29 15:17:59,int-1,lane-W,8,29.4,4,clear,2,15,0,0.13,RED,0.0,6.0,0.27
2026-07-29 15:18:06,int-1,lane-N,5,0.0,2,clear,2,15,0,0.07,RED,1549.5,6.0,0.17
2026-07-29 15:18:06,int-1,lane-S,0,30.0,0,clear,2,15,0,0.0,GREEN,0.0,6.0,0.0
2026-07-29 15:18:06,int-1,lane-E,0,29.7,0,clear,2,15,0,0.0,RED,0.0,6.0,0.0
2026-07-29 15:18:06,int-1,lane-W,1,29.7,1,clear,2,15,0,0.03,RED,0.0,6.0,0.03
2026-07-29 15:18:13,int-1,lane-N,7,0.0,4,clear,2,15,0,0.13,RED,1550.5,4.0,0.23
2026-07-29 15:18:13,int-1,lane-S,0,30.0,0,clear,2,15,0,0.0,GREEN,0.0,4.0,0.0
2026-07-29 15:18:13,int-1,lane-E,0,29.099999999999998,0,clear,2,15,0,0.0,RED,0.0,4.0,0.0
2026-07-29 15:18:13,int-1,lane-W,3,29.099999999999998,3,clear,2,15,0,0.1,RED,0.0,4.0,0.1
2026-07-29 15:18:21,int-1,lane-N,6,0.0,3,clear,2,15,0,0.1,RED,1552.5,2.0,0.2
2026-07-29 15:18:21,int-1,lane-S,0,30.0,0,clear,2,15,0,0.0,YELLOW,0.0,2.0,0.0
2026-07-29 15:18:21,int-1,lane-E,0,29.4,0,clear,2,15,0,0.0,RED,0.0,2.0,0.0
2026-07-29 15:18:21,int-1,lane-W,0,29.4,0,clear,2,15,0,0.0,RED,0.0,2.0,0.0
2026-07-29 15:18:28,int-1,lane-N,4,0.5,1,clear,2,15,0,0.03,GREEN,1554.5,6.0,0.13
2026-07-29 15:18:28,int-1,lane-S,0,29.7,0,clear,2,15,0,0.0,RED,0.0,6.0,0.0
2026-07-29 15:18:28,int-1,lane-E,0,29.7,0,clear,2,15,0,0.0,RED,0.0,6.0,0.0
2026-07-29 15:18:28,int-1,lane-W,1,29.7,1,clear,2,15,0,0.03,RED,0.0,6.0,0.03
2026-07-29 15:18:35,int-1,lane-N,2,1.5,0,clear,2,15,0,0.0,GREEN,1555.5,4.0,0.07
2026-07-29 15:18:35,int-1,lane-S,2,29.099999999999998,2,clear,2,15,0,0.07,RED,0.0,4.0,0.07
2026-07-29 15:18:35,int-1,lane-E,1,29.099999999999998,1,clear,2,15,0,0.03,RED,0.0,4.0,0.03
2026-07-29 15:18:35,int-1,lane-W,2,29.099999999999998,2,clear,2,15,0,0.07,RED,0.0,4.0,0.07
2026-07-29 15:18:42,int-1,lane-N,3,1.0,0,clear,2,15,0,0.0,GREEN,1557.5,1.0,0.1
2026-07-29 15:18:42,int-1,lane-S,0,29.4,0,clear,2,15,0,0.0,RED,0.0,1.0,0.0
2026-07-29 15:18:42,int-1,lane-E,0,29.4,0,clear,2,15,0,0.0,RED,0.0,1.0,0.0
2026-07-29 15:18:42,int-1,lane-W,0,29.4,0,clear,2,15,0,0.0,RED,0.0,1.0,0.0
2026-07-29 15:18:49,int-1,lane-N,5,0.0,2,clear,2,15,1,0.07,RED,1559.5,6.0,0.17
2026-07-29 15:18:49,int-1,lane-S,0,30.0,0,clear,2,15,0,0.0,GREEN,0.0,6.0,0.0
2026-07-29 15:18:49,int-1,lane-E,0,29.7,0,clear,2,15,0,0.0,RED,0.0,6.0,0.0
2026-07-29 15:18:49,int-1,lane-W,1,29.7,1,clear,2,15,0,0.03,RED,0.0,6.0,0.03
2026-07-29 15:18:58,int-1,lane-N,6,0.0,3,clear,2,15,1,0.1,RED,1560.5,5.0,0.2
2026-07-29 15:18:58,int-1,lane-S,0,30.0,0,clear,2,15,0,0.0,GREEN,0.0,5.0,0.0
2026-07-29 15:18:58,int-1,lane-E,1,29.099999999999998,1,clear,2,15,0,0.03,RED,0.0,5.0,0.03
2026-07-29 15:18:58,int-1,lane-W,1,29.099999999999998,1,clear,2,15,0,0.03,RED,0.0,5.0,0.03
2026-07-29 15:19:04,int-1,lane-N,7,0.0,4,clear,2,15,1,0.13,RED,1562.5,2.0,0.23
2026-07-29 15:19:04,int-1,lane-S,0,30.0,0,clear,2,15,0,0.0,GREEN,0.0,2.0,0.0
2026-07-29 15:19:04,int-1,lane-E,0,29.4,0,clear,2,15,0,0.0,RED,0.0,2.0,0.0
2026-07-29 15:19:04,int-1,lane-W,1,29.4,1,clear,2,15,0,0.03,RED,0.0,2.0,0.03
2026-07-29 15:19:12,int-1,lane-N,13,0.5,5,clear,2,15,1,0.17,GREEN,1564.5,6.0,0.43
2026-07-29 15:19:12,int-1,lane-S,14,29.7,6,clear,2,15,0,0.2,RED,0.0,6.0,0.47
2026-07-29 15:19:12,int-1,lane-E,20,29.7,8,clear,2,15,0,0.27,RED,0.0,6.0,0.67
2026-07-29 15:19:12,int-1,lane-W,7,29.7,3,clear,2,15,0,0.1,RED,0.0,6.0,0.23
2026-07-29 15:19:19,int-1,lane-N,2,1.5,0,clear,2,15,1,0.0,GREEN,1565.5,6.0,0.07
2026-07-29 15:19:19,int-1,lane-S,0,29.099999999999998,0,clear,2,15,0,0.0,RED,0.0,6.0,0.0
2026-07-29 15:19:19,int-1,lane-E,2,29.099999999999998,2,clear,2,15,0,0.07,RED,0.0,6.0,0.07
2026-07-29 15:19:19,int-1,lane-W,1,29.099999999999998,1,clear,2,15,0,0.03,RED,0.0,6.0,0.03
2026-07-29 15:19:25,int-1,lane-N,3,1.0,0,clear,2,15,1,0.0,GREEN,1567.5,3.0,0.1
2026-07-29 15:19:25,int-1,lane-S,1,29.4,1,clear,2,15,0,0.03,RED,0.0,3.0,0.03
2026-07-29 15:19:25,int-1,lane-E,2,29.4,2,clear,2,15,0,0.07,RED,0.0,3.0,0.07
2026-07-29 15:19:25,int-1,lane-W,1,29.4,1,clear,2,15,0,0.03,RED,0.0,3.0,0.03
2026-07-29 15:19:34,int-1,lane-N,5,0.0,2,clear,2,15,1,0.07,YELLOW,1569.5,2.0,0.17
2026-07-29 15:19:34,int-1,lane-S,1,29.7,1,clear,2,15,0,0.03,RED,0.0,2.0,0.03
2026-07-29 15:19:34,int-1,lane-E,0,29.7,0,clear,2,15,0,0.0,RED,0.0,2.0,0.0
2026-07-29 15:19:34,int-1,lane-W,1,29.7,1,clear,2,15,0,0.03,RED,0.0,2.0,0.03
2026-07-29 15:19:41,int-1,lane-N,2,1.5,0,clear,2,15,1,0.0,GREEN,1570.5,5.0,0.07
2026-07-29 15:19:41,int-1,lane-S,2,29.099999999999998,2,clear,2,15,0,0.07,RED,0.0,5.0,0.07
2026-07-29 15:19:41,int-1,lane-E,0,29.099999999999998,0,clear,2,15,0,0.0,RED,0.0,5.0,0.0
2026-07-29 15:19:41,int-1,lane-W,2,29.099999999999998,2,clear,2,15,0,0.07,RED,0.0,5.0,0.07
2026-07-29 15:19:48,int-1,lane-N,3,1.0,0,clear,2,15,0,0.0,GREEN,1572.5,2.0,0.1
2026-07-29 15:19:48,int-1,lane-S,2,29.4,2,clear,2,15,0,0.07,RED,0.0,2.0,0.07
2026-07-29 15:19:48,int-1,lane-E,0,29.4,0,clear,2,15,0,0.0,RED,0.0,2.0,0.0
2026-07-29 15:19:48,int-1,lane-W,0,29.4,0,clear,2,15,0,0.0,RED,0.0,2.0,0.0
2026-07-29 15:19:55,int-1,lane-N,5,0.0,2,clear,2,15,0,0.07,YELLOW,1574.5,1.0,0.17
2026-07-29 15:19:55,int-1,lane-S,1,29.7,1,clear,2,15,0,0.03,RED,0.0,1.0,0.03
2026-07-29 15:19:55,int-1,lane-E,1,29.7,1,clear,2,15,0,0.03,RED,0.0,1.0,0.03
2026-07-29 15:19:55,int-1,lane-W,0,29.7,0,clear,2,15,0,0.0,RED,0.0,1.0,0.0
2026-07-29 15:20:02,int-1,lane-N,7,0.0,4,clear,2,15,0,0.13,RED,1575.5,5.0,0.23
2026-07-29 15:20:02,int-1,lane-S,0,30.0,0,clear,2,15,0,0.0,GREEN,0.0,5.0,0.0
2026-07-29 15:20:02,int-1,lane-E,0,29.099999999999998,0,clear,2,15,0,0.0,RED,0.0,5.0,0.0
2026-07-29 15:20:02,int-1,lane-W,2,29.099999999999998,2,clear,2,15,0,0.07,RED,0.0,5.0,0.07
2026-07-29 15:20:09,int-1,lane-N,5,0.0,2,clear,2,15,1,0.07,RED,1577.5,2.0,0.17
2026-07-29 15:20:09,int-1,lane-S,0,30.0,0,clear,2,15,0,0.0,GREEN,0.0,2.0,0.0
2026-07-29 15:20:09,int-1,lane-E,2,29.4,2,clear,2,15,0,0.07,RED,0.0,2.0,0.07
2026-07-29 15:20:09,int-1,lane-W,0,29.4,0,clear,2,15,0,0.0,RED,0.0,2.0,0.0
2026-07-29 15:20:17,int-1,lane-N,6,0.0,3,clear,2,15,1,0.1,RED,1579.5,1.0,0.2
2026-07-29 15:20:17,int-1,lane-S,0,30.0,0,clear,2,15,0,0.0,YELLOW,0.0,1.0,0.0
2026-07-29 15:20:17,int-1,lane-E,1,29.7,1,clear,2,15,0,0.03,RED,0.0,1.0,0.03
2026-07-29 15:20:17,int-1,lane-W,0,29.7,0,clear,2,15,0,0.0,RED,0.0,1.0,0.0
2026-07-29 15:20:24,int-1,lane-N,2,1.5,0,clear,2,15,1,0.0,GREEN,1580.5,6.0,0.07
2026-07-29 15:20:24,int-1,lane-S,1,29.099999999999998,1,clear,2,15,0,0.03,RED,0.0,6.0,0.03
2026-07-29 15:20:24,int-1,lane-E,2,29.099999999999998,2,clear,2,15,0,0.07,RED,0.0,6.0,0.07
2026-07-29 15:20:24,int-1,lane-W,1,29.099999999999998,1,clear,2,15,0,0.03,RED,0.0,6.0,0.03
2026-07-29 15:20:31,int-1,lane-N,3,1.0,0,clear,2,15,0,0.0,GREEN,1582.5,3.0,0.1
2026-07-29 15:20:31,int-1,lane-S,0,29.4,0,clear,2,15,0,0.0,RED,0.0,3.0,0.0
2026-07-29 15:20:31,int-1,lane-E,1,29.4,1,clear,2,15,0,0.03,RED,0.0,3.0,0.03
2026-07-29 15:20:31,int-1,lane-W,0,29.4,0,clear,2,15,0,0.0,RED,0.0,3.0,0.0
2026-07-29 15:20:39,int-1,lane-N,5,0.0,2,clear,2,15,0,0.07,YELLOW,1584.5,2.0,0.17
2026-07-29 15:20:39,int-1,lane-S,0,29.7,0,clear,2,15,0,0.0,RED,0.0,2.0,0.0
2026-07-29 15:20:39,int-1,lane-E,1,29.7,1,clear,2,15,0,0.03,RED,0.0,2.0,0.03
2026-07-29 15:20:39,int-1,lane-W,0,29.7,0,clear,2,15,0,0.0,RED,0.0,2.0,0.0
2026-07-29 15:20:46,int-1,lane-N,6,0.0,3,clear,2,15,1,0.1,RED,1585.5,6.0,0.2
2026-07-29 15:20:46,int-1,lane-S,0,29.099999999999998,0,clear,2,15,0,0.0,RED,0.0,6.0,0.0
2026-07-29 15:20:46,int-1,lane-E,0,30.0,0,clear,2,15,0,0.0,GREEN,0.0,6.0,0.0
2026-07-29 15:20:46,int-1,lane-W,0,29.099999999999998,0,clear,2,15,0,0.0,RED,0.0,6.0,0.0
2026-07-29 15:20:53,int-1,lane-N,5,0.0,2,clear,2,15,1,0.07,RED,1587.5,6.0,0.17
2026-07-29 15:20:53,int-1,lane-S,2,29.4,2,clear,2,15,0,0.07,RED,0.0,6.0,0.07
2026-07-29 15:20:53,int-1,lane-E,0,30.0,0,clear,2,15,0,0.0,GREEN,0.0,6.0,0.0
2026-07-29 15:20:53,int-1,lane-W,1,29.4,1,clear,2,15,0,0.03,RED,0.0,6.0,0.03
2026-07-29 15:21:02,int-1,lane-N,6,0.0,3,clear,2,15,1,0.1,RED,1589.5,4.0,0.2
2026-07-29 15:21:02,int-1,lane-S,1,29.7,1,clear,2,15,0,0.03,RED,0.0,4.0,0.03
2026-07-29 15:21:02,int-1,lane-E,0,30.0,0,clear,2,15,0,0.0,GREEN,0.0,4.0,0.0
2026-07-29 15:21:02,int-1,lane-W,0,29.7,0,clear,2,15,0,0.0,RED,0.0,4.0,0.0
2026-07-29 15:21:09,int-1,lane-N,8,0.0,5,clear,2,15,1,0.17,RED,1590.5,2.0,0.27
2026-07-29 15:21:09,int-1,lane-S,2,29.099999999999998,2,clear,2,15,0,0.07,RED,0.0,2.0,0.07
2026-07-29 15:21:09,int-1,lane-E,0,30.0,0,clear,2,15,0,0.0,YELLOW,0.0,2.0,0.0
2026-07-29 15:21:09,int-1,lane-W,1,29.099999999999998,1,clear,2,15,0,0.03,RED,0.0,2.0,0.03
2026-07-29 15:21:16,int-1,lane-N,3,1.0,0,clear,2,15,1,0.0,GREEN,1592.5,6.0,0.1
2026-07-29 15:21:16,int-1,lane-S,1,29.4,1,clear,2,15,0,0.03,RED,0.0,6.0,0.03
2026-07-29 15:21:16,int-1,lane-E,0,29.4,0,clear,2,15,0,0.0,RED,0.0,6.0,0.0
2026-07-29 15:21:16,int-1,lane-W,1,29.4,1,clear,2,15,0,0.03,RED,0.0,6.0,0.03
2026-07-29 15:21:23,int-1,lane-N,4,0.5,1,clear,2,15,1,0.03,GREEN,1594.5,4.0,0.13
2026-07-29 15:21:23,int-1,lane-S,0,29.7,0,clear,2,15,0,0.0,RED,0.0,4.0,0.0
2026-07-29 15:21:23,int-1,lane-E,0,29.7,0,clear,2,15,0,0.0,RED,0.0,4.0,0.0
2026-07-29 15:21:23,int-1,lane-W,1,29.7,1,clear,2,15,0,0.03,RED,0.0,4.0,0.03
2026-07-29 15:21:30,int-1,lane-N,3,1.0,0,clear,2,15,1,0.0,YELLOW,1595.5,2.0,0.1
2026-07-29 15:21:30,int-1,lane-S,2,29.099999999999998,2,clear,2,15,0,0.07,RED,0.0,2.0,0.07
2026-07-29 15:21:30,int-1,lane-E,0,29.099999999999998,0,clear,2,15,0,0.0,RED,0.0,2.0,0.0
2026-07-29 15:21:30,int-1,lane-W,3,29.099999999999998,3,clear,2,15,0,0.1,RED,0.0,2.0,0.1
2026-07-29 15:21:36,int-1,lane-N,3,1.0,0,clear,2,15,1,0.0,GREEN,1597.5,6.0,0.1
2026-07-29 15:21:36,int-1,lane-S,1,29.4,1,clear,2,15,0,0.03,RED,0.0,6.0,0.03
2026-07-29 15:21:36,int-1,lane-E,0,29.4,0,clear,2,15,0,0.0,RED,0.0,6.0,0.0
2026-07-29 15:21:36,int-1,lane-W,2,29.4,2,clear,2,15,0,0.07,RED,0.0,6.0,0.07
2026-07-29 15:21:44,int-1,lane-N,4,0.5,1,clear,2,15,0,0.03,GREEN,1599.5,5.0,0.13
2026-07-29 15:21:44,int-1,lane-S,1,29.7,1,clear,2,15,0,0.03,RED,0.0,5.0,0.03
2026-07-29 15:21:44,int-1,lane-E,1,29.7,1,clear,2,15,0,0.03,RED,0.0,5.0,0.03
2026-07-29 15:21:44,int-1,lane-W,1,29.7,1,clear,2,15,0,0.03,RED,0.0,5.0,0.03
2026-07-29 15:21:51,int-1,lane-N,2,1.5,0,clear,2,15,0,0.0,GREEN,1600.5,2.0,0.07
2026-07-29 15:21:51,int-1,lane-S,3,29.099999999999998,3,clear,2,15,0,0.1,RED,0.0,2.0,0.1
2026-07-29 15:21:51,int-1,lane-E,0,29.099999999999998,0,clear,2,15,0,0.0,RED,0.0,2.0,0.0
2026-07-29 15:21:51,int-1,lane-W,1,29.099999999999998,1,clear,2,15,0,0.03,RED,0.0,2.0,0.03
2026-07-29 15:21:57,int-1,lane-N,5,0.0,2,clear,2,15,0,0.07,YELLOW,1602.5,1.0,0.17
2026-07-29 15:21:57,int-1,lane-S,1,29.4,1,clear,2,15,0,0.03,RED,0.0,1.0,0.03
2026-07-29 15:21:57,int-1,lane-E,0,29.4,0,clear,2,15,0,0.0,RED,0.0,1.0,0.0
2026-07-29 15:21:57,int-1,lane-W,2,29.4,2,clear,2,15,0,0.07,RED,0.0,1.0,0.07
2026-07-29 15:22:05,int-1,lane-N,6,0.0,3,clear,2,15,0,0.1,RED,1604.5,2.0,0.2
2026-07-29 15:22:05,int-1,lane-S,1,29.7,1,clear,2,15,0,0.03,RED,0.0,2.0,0.03
2026-07-29 15:22:05,int-1,lane-E,1,29.7,1,clear,2,15,0,0.03,RED,0.0,2.0,0.03
2026-07-29 15:22:05,int-1,lane-W,0,30.0,0,clear,2,15,0,0.0,GREEN,0.0,2.0,0.0
2026-07-29 15:22:12,int-1,lane-N,7,0.0,4,clear,2,15,0,0.13,RED,1605.5,1.0,0.23
2026-07-29 15:22:12,int-1,lane-S,1,29.099999999999998,1,clear,2,15,0,0.03,RED,0.0,1.0,0.03
2026-07-29 15:22:12,int-1,lane-E,2,29.099999999999998,2,clear,2,15,0,0.07,RED,0.0,1.0,0.07
2026-07-29 15:22:12,int-1,lane-W,0,30.0,0,clear,2,15,0,0.0,YELLOW,0.0,1.0,0.0
2026-07-29 15:22:19,int-1,lane-N,3,1.0,0,clear,2,15,0,0.0,GREEN,1607.5,5.0,0.1
2026-07-29 15:22:19,int-1,lane-S,0,29.4,0,clear,2,15,0,0.0,RED,0.0,5.0,0.0
2026-07-29 15:22:19,int-1,lane-E,0,29.4,0,clear,2,15,0,0.0,RED,0.0,5.0,0.0
2026-07-29 15:22:19,int-1,lane-W,0,29.4,0,clear,2,15,0,0.0,RED,0.0,5.0,0.0
2026-07-29 15:22:27,int-1,lane-N,4,0.5,1,clear,2,15,0,0.03,GREEN,1609.5,2.0,0.13
2026-07-29 15:22:27,int-1,lane-S,1,29.7,1,clear,2,15,0,0.03,RED,0.0,2.0,0.03
2026-07-29 15:22:27,int-1,lane-E,0,29.7,0,clear,2,15,0,0.0,RED,0.0,2.0,0.0
2026-07-29 15:22:27,int-1,lane-W,0,29.7,0,clear,2,15,0,0.0,RED,0.0,2.0,0.0
2026-07-29 15:22:34,int-1,lane-N,14,0.0,6,clear,2,15,0,0.2,RED,1610.5,6.0,0.47
2026-07-29 15:22:34,int-1,lane-S,14,29.9,5,clear,2,15,0,0.17,GREEN,0.0,6.0,0.47
2026-07-29 15:22:34,int-1,lane-E,22,29.099999999999998,9,clear,2,15,0,0.3,RED,0.0,6.0,0.73
2026-07-29 15:22:34,int-1,lane-W,7,29.099999999999998,3,clear,2,15,0,0.1,RED,0.0,6.0,0.23
2026-07-29 15:22:42,int-1,lane-N,6,0.0,3,clear,2,15,0,0.1,RED,1612.5,6.0,0.2
2026-07-29 15:22:42,int-1,lane-S,0,30.0,0,clear,2,15,0,0.0,GREEN,0.0,6.0,0.0
2026-07-29 15:22:42,int-1,lane-E,1,29.4,1,clear,2,15,0,0.03,RED,0.0,6.0,0.03
2026-07-29 15:22:42,int-1,lane-W,0,29.4,0,clear,2,15,0,0.0,RED,0.0,6.0,0.0
2026-07-29 15:22:49,int-1,lane-N,5,0.0,2,clear,2,15,0,0.07,RED,1614.5,4.0,0.17
2026-07-29 15:22:49,int-1,lane-S,0,30.0,0,clear,2,15,0,0.0,GREEN,0.0,4.0,0.0
2026-07-29 15:22:49,int-1,lane-E,1,29.7,1,clear,2,15,0,0.03,RED,0.0,4.0,0.03
2026-07-29 15:22:49,int-1,lane-W,1,29.7,1,clear,2,15,0,0.03,RED,0.0,4.0,0.03
2026-07-29 15:22:56,int-1,lane-N,6,0.0,3,clear,2,15,0,0.1,RED,1615.5,2.0,0.2
2026-07-29 15:22:56,int-1,lane-S,0,30.0,0,clear,2,15,0,0.0,YELLOW,0.0,2.0,0.0
2026-07-29 15:22:56,int-1,lane-E,1,29.099999999999998,1,clear,2,15,0,0.03,RED,0.0,2.0,0.03
2026-07-29 15:22:56,int-1,lane-W,1,29.099999999999998,1,clear,2,15,0,0.03,RED,0.0,2.0,0.03
2026-07-29 15:23:02,int-1,lane-N,3,1.0,0,clear,2,15,0,0.0,GREEN,1617.5,6.0,0.1
2026-07-29 15:23:02,int-1,lane-S,1,29.4,1,clear,2,15,0,0.03,RED,0.0,6.0,0.03
2026-07-29 15:23:02,int-1,lane-E,0,29.4,0,clear,2,15,0,0.0,RED,0.0,6.0,0.0
2026-07-29 15:23:02,int-1,lane-W,0,29.4,0,clear,2,15,0,0.0,RED,0.0,6.0,0.0
2026-07-29 15:23:13,int-1,lane-N,4,0.5,1,clear,2,15,0,0.03,GREEN,1619.5,4.0,0.13
2026-07-29 15:23:13,int-1,lane-S,0,29.7,0,clear,2,15,0,0.0,RED,0.0,4.0,0.0
2026-07-29 15:23:13,int-1,lane-E,0,29.7,0,clear,2,15,0,0.0,RED,0.0,4.0,0.0
2026-07-29 15:23:13,int-1,lane-W,0,29.7,0,clear,2,15,0,0.0,RED,0.0,4.0,0.0
2026-07-29 15:23:21,int-1,lane-N,2,1.5,0,clear,2,15,0,0.0,GREEN,1620.5,1.0,0.07
2026-07-29 15:23:21,int-1,lane-S,1,29.099999999999998,1,clear,2,15,0,0.03,RED,0.0,1.0,0.03
2026-07-29 15:23:21,int-1,lane-E,0,29.099999999999998,0,clear,2,15,0,0.0,RED,0.0,1.0,0.0
2026-07-29 15:23:21,int-1,lane-W,0,29.099999999999998,0,clear,2,15,0,0.0,RED,0.0,1.0,0.0
2026-07-29 15:23:27,int-1,lane-N,14,0.0,6,clear,2,15,0,0.2,RED,1622.5,6.0,0.47
2026-07-29 15:23:27,int-1,lane-S,13,31.0,4,clear,2,15,0,0.13,GREEN,0.0,6.0,0.43
2026-07-29 15:23:27,int-1,lane-E,24,29.4,10,clear,2,15,0,0.33,RED,0.0,6.0,0.8
2026-07-29 15:23:27,int-1,lane-W,8,29.4,4,clear,2,15,0,0.13,RED,0.0,6.0,0.27
2026-07-29 15:23:35,int-1,lane-N,5,0.0,2,clear,2,15,0,0.07,RED,1624.5,6.0,0.17
2026-07-29 15:23:35,int-1,lane-S,0,30.0,0,clear,2,15,0,0.0,GREEN,0.0,6.0,0.0
2026-07-29 15:23:35,int-1,lane-E,1,29.7,1,clear,2,15,0,0.03,RED,0.0,6.0,0.03
2026-07-29 15:23:35,int-1,lane-W,0,29.7,0,clear,2,15,0,0.0,RED,0.0,6.0,0.0
2026-07-29 15:23:42,int-1,lane-N,6,0.0,3,clear,2,15,0,0.1,RED,1625.5,3.0,0.2
2026-07-29 15:23:42,int-1,lane-S,0,30.0,0,clear,2,15,0,0.0,GREEN,0.0,3.0,0.0
2026-07-29 15:23:42,int-1,lane-E,1,29.099999999999998,1,clear,2,15,0,0.03,RED,0.0,3.0,0.03
2026-07-29 15:23:42,int-1,lane-W,0,29.099999999999998,0,clear,2,15,0,0.0,RED,0.0,3.0,0.0
2026-07-29 15:23:49,int-1,lane-N,6,0.0,3,clear,2,15,1,0.1,RED,1627.5,2.0,0.2
2026-07-29 15:23:49,int-1,lane-S,0,30.0,0,clear,2,15,0,0.0,YELLOW,0.0,2.0,0.0
2026-07-29 15:23:49,int-1,lane-E,0,29.4,0,clear,2,15,0,0.0,RED,0.0,2.0,0.0
2026-07-29 15:23:49,int-1,lane-W,2,29.4,2,clear,2,15,0,0.07,RED,0.0,2.0,0.07
2026-07-29 15:23:56,int-1,lane-N,4,0.5,1,clear,2,15,1,0.03,GREEN,1629.5,6.0,0.13
2026-07-29 15:23:56,int-1,lane-S,1,29.7,1,clear,2,15,0,0.03,RED,0.0,6.0,0.03
2026-07-29 15:23:56,int-1,lane-E,0,29.7,0,clear,2,15,0,0.0,RED,0.0,6.0,0.0
2026-07-29 15:23:56,int-1,lane-W,0,29.7,0,clear,2,15,0,0.0,RED,0.0,6.0,0.0
2026-07-29 15:24:03,int-1,lane-N,2,1.5,0,clear,2,15,1,0.0,GREEN,1630.5,4.0,0.07
2026-07-29 15:24:03,int-1,lane-S,1,29.099999999999998,1,clear,2,15,0,0.03,RED,0.0,4.0,0.03
2026-07-29 15:24:03,int-1,lane-E,1,29.099999999999998,1,clear,2,15,0,0.03,RED,0.0,4.0,0.03
2026-07-29 15:24:03,int-1,lane-W,2,29.099999999999998,2,clear,2,15,0,0.07,RED,0.0,4.0,0.07
2026-07-29 15:24:11,int-1,lane-N,4,0.5,1,clear,2,15,0,0.03,YELLOW,1632.5,2.0,0.13
2026-07-29 15:24:11,int-1,lane-S,0,29.4,0,clear,2,15,0,0.0,RED,0.0,2.0,0.0
2026-07-29 15:24:11,int-1,lane-E,1,29.4,1,clear,2,15,0,0.03,RED,0.0,2.0,0.03
2026-07-29 15:24:11,int-1,lane-W,2,29.4,2,clear,2,15,0,0.07,RED,0.0,2.0,0.07
2026-07-29 15:24:20,int-1,lane-N,6,0.0,3,clear,2,15,0,0.1,RED,1634.5,6.0,0.2
2026-07-29 15:24:20,int-1,lane-S,0,30.0,0,clear,2,15,0,0.0,GREEN,0.0,6.0,0.0
2026-07-29 15:24:20,int-1,lane-E,0,29.7,0,clear,2,15,0,0.0,RED,0.0,6.0,0.0
2026-07-29 15:24:20,int-1,lane-W,1,29.7,1,clear,2,15,0,0.03,RED,0.0,6.0,0.03
2026-07-29 15:24:27,int-1,lane-N,7,0.0,4,clear,2,15,0,0.13,RED,1635.5,5.0,0.23
2026-07-29 15:24:27,int-1,lane-S,0,30.0,0,clear,2,15,0,0.0,GREEN,0.0,5.0,0.0
2026-07-29 15:24:27,int-1,lane-E,2,29.099999999999998,2,clear,2,15,0,0.07,RED,0.0,5.0,0.07
2026-07-29 15:24:27,int-1,lane-W,1,29.099999999999998,1,clear,2,15,0,0.03,RED,0.0,5.0,0.03
2026-07-29 15:24:34,int-1,lane-N,5,0.0,2,clear,2,15,0,0.07,RED,1637.5,2.0,0.17
2026-07-29 15:24:34,int-1,lane-S,0,30.0,0,clear,2,15,0,0.0,GREEN,0.0,2.0,0.0
2026-07-29 15:24:34,int-1,lane-E,0,29.4,0,clear,2,15,0,0.0,RED,0.0,2.0,0.0
2026-07-29 15:24:34,int-1,lane-W,2,29.4,2,clear,2,15,0,0.07,RED,0.0,2.0,0.07
2026-07-29 15:24:41,int-1,lane-N,5,0.0,2,clear,2,15,0,0.07,RED,1639.5,1.0,0.17
2026-07-29 15:24:41,int-1,lane-S,0,30.0,0,clear,2,15,0,0.0,YELLOW,0.0,1.0,0.0
2026-07-29 15:24:41,int-1,lane-E,0,29.7,0,clear,2,15,0,0.0,RED,0.0,1.0,0.0
2026-07-29 15:24:41,int-1,lane-W,0,29.7,0,clear,2,15,0,0.0,RED,0.0,1.0,0.0
2026-07-29 15:24:49,int-1,lane-N,2,1.5,0,clear,2,15,0,0.0,GREEN,1640.5,6.0,0.07
2026-07-29 15:24:49,int-1,lane-S,3,29.099999999999998,3,clear,2,15,0,0.1,RED,0.0,6.0,0.1
2026-07-29 15:24:49,int-1,lane-E,1,29.099999999999998,1,clear,2,15,0,0.03,RED,0.0,6.0,0.03
2026-07-29 15:24:49,int-1,lane-W,1,29.099999999999998,1,clear,2,15,0,0.03,RED,0.0,6.0,0.03
2026-07-29 15:24:56,int-1,lane-N,3,1.0,0,clear,2,15,0,0.0,GREEN,1642.5,4.0,0.1
2026-07-29 15:24:56,int-1,lane-S,0,29.4,0,clear,2,15,0,0.0,RED,0.0,4.0,0.0
2026-07-29 15:24:56,int-1,lane-E,1,29.4,1,clear,2,15,0,0.03,RED,0.0,4.0,0.03
2026-07-29 15:24:56,int-1,lane-W,0,29.4,0,clear,2,15,0,0.0,RED,0.0,4.0,0.0
2026-07-29 15:25:04,int-1,lane-N,4,0.5,1,clear,2,15,0,0.03,GREEN,1644.5,1.0,0.13
2026-07-29 15:25:04,int-1,lane-S,1,29.7,1,clear,2,15,0,0.03,RED,0.0,1.0,0.03
2026-07-29 15:25:04,int-1,lane-E,0,29.7,0,clear,2,15,0,0.0,RED,0.0,1.0,0.0
2026-07-29 15:25:04,int-1,lane-W,1,29.7,1,clear,2,15,0,0.03,RED,0.0,1.0,0.03
2026-07-29 15:25:11,int-1,lane-N,13,0.0,5,clear,2,15,0,0.17,RED,1645.5,6.0,0.43
2026-07-29 15:25:11,int-1,lane-S,10,30.7,3,clear,2,15,0,0.1,GREEN,0.0,6.0,0.33
2026-07-29 15:25:11,int-1,lane-E,23,29.099999999999998,9,clear,2,15,0,0.3,RED,0.0,6.0,0.77
2026-07-29 15:25:11,int-1,lane-W,7,29.099999999999998,3,clear,2,15,0,0.1,RED,0.0,6.0,0.23
2026-07-29 15:25:19,int-1,lane-N,6,0.0,3,clear,2,15,1,0.1,RED,1647.5,4.0,0.2
2026-07-29 15:25:19,int-1,lane-S,0,30.0,0,clear,2,15,0,0.0,GREEN,0.0,4.0,0.0
2026-07-29 15:25:19,int-1,lane-E,2,29.4,2,clear,2,15,0,0.07,RED,0.0,4.0,0.07
2026-07-29 15:25:19,int-1,lane-W,0,29.4,0,clear,2,15,0,0.0,RED,0.0,4.0,0.0
2026-07-29 15:25:28,int-1,lane-N,5,0.0,2,clear,2,15,1,0.07,RED,1649.5,1.0,0.17
2026-07-29 15:25:28,int-1,lane-S,0,30.0,0,clear,2,15,0,0.0,GREEN,0.0,1.0,0.0
2026-07-29 15:25:28,int-1,lane-E,1,29.7,1,clear,2,15,0,0.03,RED,0.0,1.0,0.03
2026-07-29 15:25:28,int-1,lane-W,0,29.7,0,clear,2,15,0,0.0,RED,0.0,1.0,0.0
2026-07-29 15:25:35,int-1,lane-N,11,1.0,3,clear,2,15,1,0.1,GREEN,1650.5,6.0,0.37
2026-07-29 15:25:35,int-1,lane-S,14,29.4,6,clear,2,15,0,0.2,RED,0.0,6.0,0.47
2026-07-29 15:25:35,int-1,lane-E,21,29.099999999999998,9,clear,2,15,0,0.3,RED,0.0,6.0,0.7
2026-07-29 15:25:35,int-1,lane-W,7,29.099999999999998,3,clear,2,15,0,0.1,RED,0.0,6.0,0.23
2026-07-29 15:25:41,int-1,lane-N,3,1.0,0,clear,2,15,0,0.0,GREEN,1652.5,5.0,0.1
2026-07-29 15:25:41,int-1,lane-S,0,29.4,0,clear,2,15,0,0.0,RED,0.0,5.0,0.0
2026-07-29 15:25:41,int-1,lane-E,1,29.4,1,clear,2,15,0,0.03,RED,0.0,5.0,0.03
2026-07-29 15:25:41,int-1,lane-W,1,29.4,1,clear,2,15,0,0.03,RED,0.0,5.0,0.03
2026-07-29 15:25:50,int-1,lane-N,4,0.5,1,clear,2,15,0,0.03,GREEN,1654.5,2.0,0.13
2026-07-29 15:25:50,int-1,lane-S,0,29.7,0,clear,2,15,0,0.0,RED,0.0,2.0,0.0
2026-07-29 15:25:50,int-1,lane-E,1,29.7,1,clear,2,15,0,0.03,RED,0.0,2.0,0.03
2026-07-29 15:25:50,int-1,lane-W,1,29.7,1,clear,2,15,0,0.03,RED,0.0,2.0,0.03
2026-07-29 15:25:56,int-1,lane-N,11,0.0,4,clear,2,15,0,0.13,RED,1655.5,5.0,0.37
2026-07-29 15:25:56,int-1,lane-S,15,29.099999999999998,7,clear,2,15,0,0.23,RED,0.0,5.0,0.5
2026-07-29 15:25:56,int-1,lane-E,22,29.099999999999998,9,clear,2,15,0,0.3,RED,0.0,5.0,0.73
2026-07-29 15:25:56,int-1,lane-W,6,29.9,2,clear,2,15,0,0.07,GREEN,0.0,5.0,0.2
2026-07-29 15:26:03,int-1,lane-N,5,0.0,2,clear,2,15,1,0.07,RED,1657.5,2.0,0.17
2026-07-29 15:26:03,int-1,lane-S,0,29.4,0,clear,2,15,0,0.0,RED,0.0,2.0,0.0
2026-07-29 15:26:03,int-1,lane-E,0,29.4,0,clear,2,15,0,0.0,RED,0.0,2.0,0.0
2026-07-29 15:26:03,int-1,lane-W,0,30.0,0,clear,2,15,0,0.0,GREEN,0.0,2.0,0.0
2026-07-29 15:26:17,int-1,lane-N,12,0.5,4,clear,2,15,1,0.13,GREEN,1659.5,6.0,0.4
2026-07-29 15:26:17,int-1,lane-S,14,29.7,6,clear,2,15,0,0.2,RED,0.0,6.0,0.47
2026-07-29 15:26:17,int-1,lane-E,18,29.7,8,clear,2,15,0,0.27,RED,0.0,6.0,0.6
2026-07-29 15:26:17,int-1,lane-W,7,29.7,3,clear,2,15,0,0.1,RED,0.0,6.0,0.23
2026-07-29 15:26:34,int-1,lane-N,2,1.5,0,clear,2,15,1,0.0,GREEN,1660.5,5.0,0.07
2026-07-29 15:26:34,int-1,lane-S,2,29.099999999999998,2,clear,2,15,0,0.07,RED,0.0,5.0,0.07
2026-07-29 15:26:34,int-1,lane-E,2,29.099999999999998,2,clear,2,15,0,0.07,RED,0.0,5.0,0.07
2026-07-29 15:26:34,int-1,lane-W,1,29.099999999999998,1,clear,2,15,0,0.03,RED,0.0,5.0,0.03
2026-07-29 15:27:01,int-1,lane-N,3,1.0,0,clear,2,15,0,0.0,GREEN,1662.5,2.0,0.1
2026-07-29 15:27:01,int-1,lane-S,1,29.4,1,clear,2,15,0,0.03,RED,0.0,2.0,0.03
2026-07-29 15:27:01,int-1,lane-E,0,29.4,0,clear,2,15,0,0.0,RED,0.0,2.0,0.0
2026-07-29 15:27:01,int-1,lane-W,1,29.4,1,clear,2,15,0,0.03,RED,0.0,2.0,0.03
2026-07-29 15:27:28,int-1,lane-N,5,0.0,2,clear,2,15,1,0.07,YELLOW,1664.5,1.0,0.17
2026-07-29 15:27:28,int-1,lane-S,1,29.7,1,clear,2,15,0,0.03,RED,0.0,1.0,0.03
2026-07-29 15:27:28,int-1,lane-E,0,29.7,0,clear,2,15,0,0.0,RED,0.0,1.0,0.0
2026-07-29 15:27:28,int-1,lane-W,0,29.7,0,clear,2,15,0,0.0,RED,0.0,1.0,0.0
2026-07-29 15:27:45,int-1,lane-N,2,1.5,0,clear,2,15,1,0.0,GREEN,1665.5,6.0,0.07
2026-07-29 15:27:45,int-1,lane-S,1,29.099999999999998,1,clear,2,15,0,0.03,RED,0.0,6.0,0.03
2026-07-29 15:27:45,int-1,lane-E,1,29.099999999999998,1,clear,2,15,0,0.03,RED,0.0,6.0,0.03
2026-07-29 15:27:45,int-1,lane-W,1,29.099999999999998,1,clear,2,15,0,0.03,RED,0.0,6.0,0.03
2026-07-29 15:28:13,int-1,lane-N,3,1.0,0,clear,2,15,1,0.0,GREEN,1667.5,4.0,0.1
2026-07-29 15:28:13,int-1,lane-S,1,29.4,1,clear,2,15,0,0.03,RED,0.0,4.0,0.03
2026-07-29 15:28:13,int-1,lane-E,1,29.4,1,clear,2,15,0,0.03,RED,0.0,4.0,0.03
2026-07-29 15:28:13,int-1,lane-W,1,29.4,1,clear,2,15,0,0.03,RED,0.0,4.0,0.03
2026-07-29 15:28:41,int-1,lane-N,5,0.0,2,clear,2,15,0,0.07,YELLOW,1669.5,2.0,0.17
2026-07-29 15:28:41,int-1,lane-S,0,29.7,0,clear,2,15,0,0.0,RED,0.0,2.0,0.0
2026-07-29 15:28:41,int-1,lane-E,0,29.7,0,clear,2,15,0,0.0,RED,0.0,2.0,0.0
2026-07-29 15:28:41,int-1,lane-W,0,29.7,0,clear,2,15,0,0.0,RED,0.0,2.0,0.0
2026-07-29 15:28:58,int-1,lane-N,14,0.0,6,clear,2,15,0,0.2,RED,1670.5,6.0,0.47
2026-07-29 15:28:58,int-1,lane-S,11,31.5,3,clear,2,15,0,0.1,GREEN,0.0,6.0,0.37
2026-07-29 15:28:58,int-1,lane-E,18,29.099999999999998,7,clear,2,15,0,0.23,RED,0.0,6.0,0.6
2026-07-29 15:28:58,int-1,lane-W,9,29.099999999999998,5,clear,2,15,0,0.17,RED,0.0,6.0,0.3
2026-07-29 15:29:25,int-1,lane-N,7,0.0,4,clear,2,15,0,0.13,RED,1672.5,5.0,0.23
2026-07-29 15:29:25,int-1,lane-S,0,30.0,0,clear,2,15,0,0.0,GREEN,0.0,5.0,0.0
2026-07-29 15:29:25,int-1,lane-E,1,29.4,1,clear,2,15,0,0.03,RED,0.0,5.0,0.03
2026-07-29 15:29:25,int-1,lane-W,2,29.4,2,clear,2,15,0,0.07,RED,0.0,5.0,0.07
2026-07-29 15:29:53,int-1,lane-N,5,0.0,2,clear,2,15,0,0.07,RED,1674.5,2.0,0.17
2026-07-29 15:29:53,int-1,lane-S,0,30.0,0,clear,2,15,0,0.0,GREEN,0.0,2.0,0.0
2026-07-29 15:29:53,int-1,lane-E,1,29.7,1,clear,2,15,0,0.03,RED,0.0,2.0,0.03
2026-07-29 15:29:53,int-1,lane-W,0,29.7,0,clear,2,15,0,0.0,RED,0.0,2.0,0.0
2026-07-29 15:30:09,int-1,lane-N,12,0.5,4,clear,2,15,0,0.13,GREEN,1675.5,6.0,0.4
2026-07-29 15:30:09,int-1,lane-S,14,29.7,6,clear,2,15,0,0.2,RED,0.0,6.0,0.47
2026-07-29 15:30:09,int-1,lane-E,22,29.099999999999998,9,clear,2,15,0,0.3,RED,0.0,6.0,0.73
2026-07-29 15:30:09,int-1,lane-W,7,29.099999999999998,3,clear,2,15,0,0.1,RED,0.0,6.0,0.23
2026-07-29 15:30:38,int-1,lane-N,3,1.0,0,clear,2,15,0,0.0,GREEN,1677.5,5.0,0.1
2026-07-29 15:30:38,int-1,lane-S,1,29.4,1,clear,2,15,0,0.03,RED,0.0,5.0,0.03
2026-07-29 15:30:38,int-1,lane-E,0,29.4,0,clear,2,15,0,0.0,RED,0.0,5.0,0.0
2026-07-29 15:30:38,int-1,lane-W,2,29.4,2,clear,2,15,0,0.07,RED,0.0,5.0,0.07
2026-07-29 15:31:06,int-1,lane-N,4,0.5,1,clear,2,15,0,0.03,GREEN,1679.5,2.0,0.13
2026-07-29 15:31:06,int-1,lane-S,0,29.7,0,clear,2,15,0,0.0,RED,0.0,2.0,0.0
2026-07-29 15:31:06,int-1,lane-E,1,29.7,1,clear,2,15,0,0.03,RED,0.0,2.0,0.03
2026-07-29 15:31:06,int-1,lane-W,0,29.7,0,clear,2,15,0,0.0,RED,0.0,2.0,0.0
2026-07-29 15:31:22,int-1,lane-N,5,0.0,2,clear,2,15,1,0.07,YELLOW,1680.5,1.0,0.17
2026-07-29 15:31:22,int-1,lane-S,1,29.099999999999998,1,clear,2,15,0,0.03,RED,0.0,1.0,0.03
2026-07-29 15:31:22,int-1,lane-E,1,29.099999999999998,1,clear,2,15,0,0.03,RED,0.0,1.0,0.03
2026-07-29 15:31:22,int-1,lane-W,1,29.099999999999998,1,clear,2,15,0,0.03,RED,0.0,1.0,0.03
2026-07-29 15:31:51,int-1,lane-N,3,1.0,0,clear,2,15,1,0.0,GREEN,1682.5,6.0,0.1
2026-07-29 15:31:51,int-1,lane-S,0,29.4,0,clear,2,15,0,0.0,RED,0.0,6.0,0.0
2026-07-29 15:31:51,int-1,lane-E,1,29.4,1,clear,2,15,0,0.03,RED,0.0,6.0,0.03
2026-07-29 15:31:51,int-1,lane-W,2,29.4,2,clear,2,15,0,0.07,RED,0.0,6.0,0.07
2026-07-29 15:32:18,int-1,lane-N,4,0.5,1,clear,2,15,1,0.03,GREEN,1684.5,3.0,0.13
2026-07-29 15:32:18,int-1,lane-S,0,29.7,0,clear,2,15,0,0.0,RED,0.0,3.0,0.0
2026-07-29 15:32:18,int-1,lane-E,1,29.7,1,clear,2,15,0,0.03,RED,0.0,3.0,0.03
2026-07-29 15:32:18,int-1,lane-W,1,29.7,1,clear,2,15,0,0.03,RED,0.0,3.0,0.03
2026-07-29 15:32:35,int-1,lane-N,4,0.5,1,clear,2,15,0,0.03,YELLOW,1685.5,2.0,0.13
2026-07-29 15:32:35,int-1,lane-S,2,29.099999999999998,2,clear,2,15,0,0.07,RED,0.0,2.0,0.07
2026-07-29 15:32:35,int-1,lane-E,2,29.099999999999998,2,clear,2,15,0,0.07,RED,0.0,2.0,0.07
2026-07-29 15:32:35,int-1,lane-W,1,29.099999999999998,1,clear,2,15,0,0.03,RED,0.0,2.0,0.03
2026-07-29 15:33:03,int-1,lane-N,6,0.0,3,clear,2,15,0,0.1,RED,1687.5,6.0,0.2
2026-07-29 15:33:03,int-1,lane-S,0,30.0,0,clear,2,15,0,0.0,GREEN,0.0,6.0,0.0
2026-07-29 15:33:03,int-1,lane-E,1,29.4,1,clear,2,15,0,0.03,RED,0.0,6.0,0.03
2026-07-29 15:33:03,int-1,lane-W,1,29.4,1,clear,2,15,0,0.03,RED,0.0,6.0,0.03
2026-07-29 15:33:32,int-1,lane-N,5,0.0,2,clear,2,15,0,0.07,RED,1689.5,5.0,0.17
2026-07-29 15:33:32,int-1,lane-S,0,30.0,0,clear,2,15,0,0.0,GREEN,0.0,5.0,0.0
2026-07-29 15:33:32,int-1,lane-E,0,29.7,0,clear,2,15,0,0.0,RED,0.0,5.0,0.0
2026-07-29 15:33:32,int-1,lane-W,0,29.7,0,clear,2,15,0,0.0,RED,0.0,5.0,0.0
2026-07-29 15:33:49,int-1,lane-N,5,0.0,2,clear,2,15,0,0.07,RED,1690.5,2.0,0.17
2026-07-29 15:33:49,int-1,lane-S,0,30.0,0,clear,2,15,0,0.0,GREEN,0.0,2.0,0.0
2026-07-29 15:33:49,int-1,lane-E,1,29.099999999999998,1,clear,2,15,0,0.03,RED,0.0,2.0,0.03
2026-07-29 15:33:49,int-1,lane-W,0,29.099999999999998,0,clear,2,15,0,0.0,RED,0.0,2.0,0.0
2026-07-29 15:34:16,int-1,lane-N,5,0.0,2,clear,2,15,0,0.07,RED,1692.5,1.0,0.17
2026-07-29 15:34:16,int-1,lane-S,0,30.0,0,clear,2,15,0,0.0,YELLOW,0.0,1.0,0.0
2026-07-29 15:34:16,int-1,lane-E,1,29.4,1,clear,2,15,0,0.03,RED,0.0,1.0,0.03
2026-07-29 15:34:16,int-1,lane-W,1,29.4,1,clear,2,15,0,0.03,RED,0.0,1.0,0.03
2026-07-29 15:34:44,int-1,lane-N,4,0.5,1,clear,2,15,0,0.03,GREEN,1694.5,6.0,0.13
2026-07-29 15:34:44,int-1,lane-S,0,29.7,0,clear,2,15,0,0.0,RED,0.0,6.0,0.0
2026-07-29 15:34:44,int-1,lane-E,0,29.7,0,clear,2,15,0,0.0,RED,0.0,6.0,0.0
2026-07-29 15:34:44,int-1,lane-W,0,29.7,0,clear,2,15,0,0.0,RED,0.0,6.0,0.0
2026-07-29 15:35:01,int-1,lane-N,2,1.5,0,clear,2,15,0,0.0,GREEN,1695.5,3.0,0.07
2026-07-29 15:35:01,int-1,lane-S,2,29.099999999999998,2,clear,2,15,0,0.07,RED,0.0,3.0,0.07
2026-07-29 15:35:01,int-1,lane-E,2,29.099999999999998,2,clear,2,15,0,0.07,RED,0.0,3.0,0.07
2026-07-29 15:35:01,int-1,lane-W,0,29.099999999999998,0,clear,2,15,0,0.0,RED,0.0,3.0,0.0
2026-07-29 15:35:29,int-1,lane-N,5,0.0,2,clear,2,15,0,0.07,YELLOW,1697.5,2.0,0.17
2026-07-29 15:35:29,int-1,lane-S,0,29.4,0,clear,2,15,0,0.0,RED,0.0,2.0,0.0
2026-07-29 15:35:29,int-1,lane-E,1,29.4,1,clear,2,15,0,0.03,RED,0.0,2.0,0.03
2026-07-29 15:35:29,int-1,lane-W,0,29.4,0,clear,2,15,0,0.0,RED,0.0,2.0,0.0
2026-07-29 15:36:01,int-1,lane-N,6,0.0,3,clear,2,15,0,0.1,RED,1699.5,6.0,0.2
2026-07-29 15:36:01,int-1,lane-S,0,30.0,0,clear,2,15,0,0.0,GREEN,0.0,6.0,0.0
2026-07-29 15:36:01,int-1,lane-E,0,29.7,0,clear,2,15,0,0.0,RED,0.0,6.0,0.0
2026-07-29 15:36:01,int-1,lane-W,0,29.7,0,clear,2,15,0,0.0,RED,0.0,6.0,0.0
2026-07-29 15:36:18,int-1,lane-N,6,0.0,3,clear,2,15,0,0.1,RED,1700.5,5.0,0.2
2026-07-29 15:36:18,int-1,lane-S,0,30.0,0,clear,2,15,0,0.0,GREEN,0.0,5.0,0.0
2026-07-29 15:36:18,int-1,lane-E,2,29.099999999999998,2,clear,2,15,0,0.07,RED,0.0,5.0,0.07
2026-07-29 15:36:18,int-1,lane-W,1,29.099999999999998,1,clear,2,15,0,0.03,RED,0.0,5.0,0.03
2026-07-29 15:36:47,int-1,lane-N,6,0.0,3,clear,2,15,0,0.1,RED,1702.5,2.0,0.2
2026-07-29 15:36:47,int-1,lane-S,0,30.0,0,clear,2,15,0,0.0,GREEN,0.0,2.0,0.0
2026-07-29 15:36:47,int-1,lane-E,1,29.4,1,clear,2,15,0,0.03,RED,0.0,2.0,0.03
2026-07-29 15:36:47,int-1,lane-W,1,29.4,1,clear,2,15,0,0.03,RED,0.0,2.0,0.03
2026-07-29 15:37:17,int-1,lane-N,12,0.5,4,clear,2,15,0,0.13,GREEN,1704.5,6.0,0.4
2026-07-29 15:37:17,int-1,lane-S,13,29.7,6,clear,2,15,0,0.2,RED,0.0,6.0,0.43
2026-07-29 15:37:17,int-1,lane-E,17,29.7,7,clear,2,15,0,0.23,RED,0.0,6.0,0.57
2026-07-29 15:37:17,int-1,lane-W,7,29.7,3,clear,2,15,0,0.1,RED,0.0,6.0,0.23
2026-07-29 15:37:33,int-1,lane-N,2,1.5,0,clear,2,15,0,0.0,GREEN,1705.5,5.0,0.07
2026-07-29 15:37:33,int-1,lane-S,2,29.099999999999998,2,clear,2,15,0,0.07,RED,0.0,5.0,0.07
2026-07-29 15:37:33,int-1,lane-E,2,29.099999999999998,2,clear,2,15,0,0.07,RED,0.0,5.0,0.07
2026-07-29 15:37:33,int-1,lane-W,1,29.099999999999998,1,clear,2,15,0,0.03,RED,0.0,5.0,0.03
2026-07-29 15:37:51,int-1,lane-N,3,1.0,0,clear,2,15,0,0.0,GREEN,1707.5,2.0,0.1
2026-07-29 15:37:51,int-1,lane-S,2,29.4,2,clear,2,15,0,0.07,RED,0.0,2.0,0.07
2026-07-29 15:37:51,int-1,lane-E,1,29.4,1,clear,2,15,0,0.03,RED,0.0,2.0,0.03
2026-07-29 15:37:51,int-1,lane-W,1,29.4,1,clear,2,15,0,0.03,RED,0.0,2.0,0.03
2026-07-29 15:38:13,int-1,lane-N,5,0.0,2,clear,2,15,0,0.07,YELLOW,1709.5,1.0,0.17
2026-07-29 15:38:13,int-1,lane-S,0,29.7,0,clear,2,15,0,0.0,RED,0.0,1.0,0.0
2026-07-29 15:38:13,int-1,lane-E,1,29.7,1,clear,2,15,0,0.03,RED,0.0,1.0,0.03
2026-07-29 15:38:13,int-1,lane-W,0,29.7,0,clear,2,15,0,0.0,RED,0.0,1.0,0.0
2026-07-29 15:38:24,int-1,lane-N,7,0.0,4,clear,2,15,0,0.13,RED,1710.5,6.0,0.23
2026-07-29 15:38:24,int-1,lane-S,1,29.099999999999998,1,clear,2,15,0,0.03,RED,0.0,6.0,0.03
2026-07-29 15:38:24,int-1,lane-E,0,30.0,0,clear,2,15,0,0.0,GREEN,0.0,6.0,0.0
2026-07-29 15:38:24,int-1,lane-W,1,29.099999999999998,1,clear,2,15,0,0.03,RED,0.0,6.0,0.03
2026-07-29 15:38:39,int-1,lane-N,6,0.0,3,clear,2,15,0,0.1,RED,1712.5,6.0,0.2
2026-07-29 15:38:39,int-1,lane-S,1,29.4,1,clear,2,15,0,0.03,RED,0.0,6.0,0.03
2026-07-29 15:38:39,int-1,lane-E,0,30.0,0,clear,2,15,0,0.0,GREEN,0.0,6.0,0.0
2026-07-29 15:38:39,int-1,lane-W,1,29.4,1,clear,2,15,0,0.03,RED,0.0,6.0,0.03
2026-07-29 15:38:55,int-1,lane-N,5,0.0,2,clear,2,15,0,0.07,RED,1714.5,4.0,0.17
2026-07-29 15:38:55,int-1,lane-S,0,29.7,0,clear,2,15,0,0.0,RED,0.0,4.0,0.0
2026-07-29 15:38:55,int-1,lane-E,0,30.0,0,clear,2,15,0,0.0,GREEN,0.0,4.0,0.0
2026-07-29 15:38:55,int-1,lane-W,1,29.7,1,clear,2,15,0,0.03,RED,0.0,4.0,0.03
2026-07-29 15:39:02,int-1,lane-N,7,0.0,4,clear,2,15,0,0.13,RED,1715.5,1.0,0.23
2026-07-29 15:39:02,int-1,lane-S,1,29.099999999999998,1,clear,2,15,0,0.03,RED,0.0,1.0,0.03
2026-07-29 15:39:02,int-1,lane-E,0,30.0,0,clear,2,15,0,0.0,GREEN,0.0,1.0,0.0
2026-07-29 15:39:02,int-1,lane-W,1,29.099999999999998,1,clear,2,15,0,0.03,RED,0.0,1.0,0.03
2026-07-29 15:39:13,int-1,lane-N,11,1.0,3,clear,2,15,0,0.1,GREEN,1717.5,6.0,0.37
2026-07-29 15:39:13,int-1,lane-S,13,29.4,5,clear,2,15,0,0.17,RED,0.0,6.0,0.43
2026-07-29 15:39:13,int-1,lane-E,22,29.4,10,clear,2,15,0,0.33,RED,0.0,6.0,0.73
2026-07-29 15:39:13,int-1,lane-W,8,29.4,4,clear,2,15,0,0.13,RED,0.0,6.0,0.27
2026-07-29 15:39:25,int-1,lane-N,4,0.5,1,clear,2,15,0,0.03,GREEN,1719.5,5.0,0.13
2026-07-29 15:39:25,int-1,lane-S,0,29.7,0,clear,2,15,0,0.0,RED,0.0,5.0,0.0
2026-07-29 15:39:25,int-1,lane-E,0,29.7,0,clear,2,15,0,0.0,RED,0.0,5.0,0.0
2026-07-29 15:39:25,int-1,lane-W,0,29.7,0,clear,2,15,0,0.0,RED,0.0,5.0,0.0
2026-07-29 15:39:32,int-1,lane-N,2,1.5,0,clear,2,15,0,0.0,GREEN,1720.5,2.0,0.07
2026-07-29 15:39:32,int-1,lane-S,1,29.099999999999998,1,clear,2,15,0,0.03,RED,0.0,2.0,0.03
2026-07-29 15:39:32,int-1,lane-E,0,29.099999999999998,0,clear,2,15,0,0.0,RED,0.0,2.0,0.0
2026-07-29 15:39:32,int-1,lane-W,1,29.099999999999998,1,clear,2,15,0,0.03,RED,0.0,2.0,0.03
2026-07-29 15:39:44,int-1,lane-N,15,0.0,7,clear,2,15,0,0.23,RED,1722.5,6.0,0.5
2026-07-29 15:39:44,int-1,lane-S,14,30.2,5,clear,2,15,0,0.17,GREEN,0.0,6.0,0.47
2026-07-29 15:39:44,int-1,lane-E,21,29.4,8,clear,2,15,0,0.27,RED,0.0,6.0,0.7
2026-07-29 15:39:44,int-1,lane-W,6,29.4,2,clear,2,15,0,0.07,RED,0.0,6.0,0.2
2026-07-29 15:39:55,int-1,lane-N,5,0.0,2,clear,2,15,0,0.07,RED,1724.5,6.0,0.17
2026-07-29 15:39:55,int-1,lane-S,0,30.0,0,clear,2,15,0,0.0,GREEN,0.0,6.0,0.0
2026-07-29 15:39:55,int-1,lane-E,0,29.7,0,clear,2,15,0,0.0,RED,0.0,6.0,0.0
2026-07-29 15:39:55,int-1,lane-W,1,29.7,1,clear,2,15,0,0.03,RED,0.0,6.0,0.03
2026-07-29 15:40:03,int-1,lane-N,5,0.0,2,clear,2,15,0,0.07,RED,1725.5,4.0,0.17
2026-07-29 15:40:03,int-1,lane-S,0,30.0,0,clear,2,15,0,0.0,GREEN,0.0,4.0,0.0
2026-07-29 15:40:03,int-1,lane-E,1,29.099999999999998,1,clear,2,15,0,0.03,RED,0.0,4.0,0.03
2026-07-29 15:40:03,int-1,lane-W,1,29.099999999999998,1,clear,2,15,0,0.03,RED,0.0,4.0,0.03
2026-07-29 15:40:21,int-1,lane-N,7,0.0,4,clear,2,15,0,0.13,RED,1727.5,2.0,0.23
2026-07-29 15:40:21,int-1,lane-S,0,30.0,0,clear,2,15,0,0.0,YELLOW,0.0,2.0,0.0
2026-07-29 15:40:21,int-1,lane-E,1,29.4,1,clear,2,15,0,0.03,RED,0.0,2.0,0.03
2026-07-29 15:40:21,int-1,lane-W,0,29.4,0,clear,2,15,0,0.0,RED,0.0,2.0,0.0
2026-07-29 15:40:53,int-1,lane-N,4,0.5,1,clear,2,15,0,0.03,GREEN,1729.5,6.0,0.13
2026-07-29 15:40:53,int-1,lane-S,0,29.7,0,clear,2,15,0,0.0,RED,0.0,6.0,0.0
2026-07-29 15:40:53,int-1,lane-E,1,29.7,1,clear,2,15,0,0.03,RED,0.0,6.0,0.03
2026-07-29 15:40:53,int-1,lane-W,0,29.7,0,clear,2,15,0,0.0,RED,0.0,6.0,0.0
2026-07-29 15:41:04,int-1,lane-N,2,1.5,0,clear,2,15,0,0.0,GREEN,1730.5,4.0,0.07
2026-07-29 15:41:04,int-1,lane-S,3,29.099999999999998,3,clear,2,15,0,0.1,RED,0.0,4.0,0.1
2026-07-29 15:41:04,int-1,lane-E,1,29.099999999999998,1,clear,2,15,0,0.03,RED,0.0,4.0,0.03
2026-07-29 15:41:04,int-1,lane-W,1,29.099999999999998,1,clear,2,15,0,0.03,RED,0.0,4.0,0.03
2026-07-29 15:41:21,int-1,lane-N,3,1.0,0,clear,2,15,1,0.0,GREEN,1732.5,1.0,0.1
2026-07-29 15:41:21,int-1,lane-S,2,29.4,2,clear,2,15,0,0.07,RED,0.0,1.0,0.07
2026-07-29 15:41:21,int-1,lane-E,0,29.4,0,clear,2,15,0,0.0,RED,0.0,1.0,0.0
2026-07-29 15:41:21,int-1,lane-W,1,29.4,1,clear,2,15,0,0.03,RED,0.0,1.0,0.03
2026-07-29 15:41:47,int-1,lane-N,4,0.5,1,clear,2,15,1,0.03,GREEN,1734.5,6.0,0.13
2026-07-29 15:41:47,int-1,lane-S,1,29.7,1,clear,2,15,0,0.03,RED,0.0,6.0,0.03
2026-07-29 15:41:47,int-1,lane-E,1,29.7,1,clear,2,15,0,0.03,RED,0.0,6.0,0.03
2026-07-29 15:41:47,int-1,lane-W,0,29.7,0,clear,2,15,0,0.0,RED,0.0,6.0,0.0
2026-07-29 15:42:04,int-1,lane-N,2,1.5,0,clear,2,15,1,0.0,GREEN,1735.5,5.0,0.07
2026-07-29 15:42:04,int-1,lane-S,2,29.099999999999998,2,clear,2,15,0,0.07,RED,0.0,5.0,0.07
2026-07-29 15:42:04,int-1,lane-E,2,29.099999999999998,2,clear,2,15,0,0.07,RED,0.0,5.0,0.07
2026-07-29 15:42:04,int-1,lane-W,0,29.099999999999998,0,clear,2,15,0,0.0,RED,0.0,5.0,0.0
2026-07-29 15:42:21,int-1,lane-N,3,1.0,0,clear,2,15,0,0.0,GREEN,1737.5,2.0,0.1
2026-07-29 15:42:21,int-1,lane-S,1,29.4,1,clear,2,15,0,0.03,RED,0.0,2.0,0.03
2026-07-29 15:42:21,int-1,lane-E,1,29.4,1,clear,2,15,0,0.03,RED,0.0,2.0,0.03
2026-07-29 15:42:21,int-1,lane-W,0,29.4,0,clear,2,15,0,0.0,RED,0.0,2.0,0.0
2026-07-29 15:42:43,int-1,lane-N,13,0.0,5,clear,2,15,0,0.17,RED,1739.5,6.0,0.43
2026-07-29 15:42:43,int-1,lane-S,13,30.5,5,clear,2,15,0,0.17,GREEN,0.0,6.0,0.43
2026-07-29 15:42:43,int-1,lane-E,20,29.7,8,clear,2,15,0,0.27,RED,0.0,6.0,0.67
2026-07-29 15:42:43,int-1,lane-W,7,29.7,3,clear,2,15,0,0.1,RED,0.0,6.0,0.23
2026-07-29 15:42:56,int-1,lane-N,5,0.0,2,clear,2,15,0,0.07,RED,1740.5,6.0,0.17
2026-07-29 15:42:56,int-1,lane-S,0,30.0,0,clear,2,15,0,0.0,GREEN,0.0,6.0,0.0
2026-07-29 15:42:56,int-1,lane-E,0,29.099999999999998,0,clear,2,15,0,0.0,RED,0.0,6.0,0.0
2026-07-29 15:42:56,int-1,lane-W,2,29.099999999999998,2,clear,2,15,0,0.07,RED,0.0,6.0,0.07
2026-07-29 15:43:07,int-1,lane-N,5,0.0,2,clear,2,15,0,0.07,RED,1742.5,3.0,0.17
2026-07-29 15:43:07,int-1,lane-S,0,30.0,0,clear,2,15,0,0.0,GREEN,0.0,3.0,0.0
2026-07-29 15:43:07,int-1,lane-E,0,29.4,0,clear,2,15,0,0.0,RED,0.0,3.0,0.0
2026-07-29 15:43:07,int-1,lane-W,2,29.4,2,clear,2,15,0,0.07,RED,0.0,3.0,0.07
2026-07-29 15:43:32,int-1,lane-N,6,0.0,3,clear,2,15,0,0.1,RED,1744.5,2.0,0.2
2026-07-29 15:43:32,int-1,lane-S,0,30.0,0,clear,2,15,0,0.0,YELLOW,0.0,2.0,0.0
2026-07-29 15:43:32,int-1,lane-E,1,29.7,1,clear,2,15,0,0.03,RED,0.0,2.0,0.03
2026-07-29 15:43:32,int-1,lane-W,0,29.7,0,clear,2,15,0,0.0,RED,0.0,2.0,0.0
2026-07-29 15:43:38,int-1,lane-N,2,1.5,0,clear,2,15,0,0.0,GREEN,1745.5,6.0,0.07
2026-07-29 15:43:38,int-1,lane-S,3,29.099999999999998,3,clear,2,15,0,0.1,RED,0.0,6.0,0.1
2026-07-29 15:43:38,int-1,lane-E,1,29.099999999999998,1,clear,2,15,0,0.03,RED,0.0,6.0,0.03
2026-07-29 15:43:38,int-1,lane-W,1,29.099999999999998,1,clear,2,15,0,0.03,RED,0.0,6.0,0.03
2026-07-29 15:43:47,int-1,lane-N,3,1.0,0,clear,2,15,0,0.0,GREEN,1747.5,4.0,0.1
2026-07-29 15:43:47,int-1,lane-S,0,29.4,0,clear,2,15,0,0.0,RED,0.0,4.0,0.0
2026-07-29 15:43:47,int-1,lane-E,1,29.4,1,clear,2,15,0,0.03,RED,0.0,4.0,0.03
2026-07-29 15:43:47,int-1,lane-W,1,29.4,1,clear,2,15,0,0.03,RED,0.0,4.0,0.03
2026-07-29 15:43:57,int-1,lane-N,5,0.0,2,clear,2,15,0,0.07,YELLOW,1749.5,2.0,0.17
2026-07-29 15:43:57,int-1,lane-S,1,29.7,1,clear,2,15,0,0.03,RED,0.0,2.0,0.03
2026-07-29 15:43:57,int-1,lane-E,1,29.7,1,clear,2,15,0,0.03,RED,0.0,2.0,0.03
2026-07-29 15:43:57,int-1,lane-W,0,29.7,0,clear,2,15,0,0.0,RED,0.0,2.0,0.0
2026-07-29 15:44:05,int-1,lane-N,12,0.0,5,clear,2,15,0,0.17,RED,1750.5,6.0,0.4
2026-07-29 15:44:05,int-1,lane-S,10,31.5,2,clear,2,15,0,0.07,GREEN,0.0,6.0,0.33
2026-07-29 15:44:05,int-1,lane-E,21,29.099999999999998,9,clear,2,15,0,0.3,RED,0.0,6.0,0.7
2026-07-29 15:44:05,int-1,lane-W,9,29.099999999999998,4,clear,2,15,0,0.13,RED,0.0,6.0,0.3
2026-07-29 15:44:14,int-1,lane-N,6,0.0,3,clear,2,15,0,0.1,RED,1752.5,4.0,0.2
2026-07-29 15:44:14,int-1,lane-S,0,30.0,0,clear,2,15,0,0.0,GREEN,0.0,4.0,0.0
2026-07-29 15:44:14,int-1,lane-E,1,29.4,1,clear,2,15,0,0.03,RED,0.0,4.0,0.03
2026-07-29 15:44:14,int-1,lane-W,2,29.4,2,clear,2,15,0,0.07,RED,0.0,4.0,0.07
2026-07-29 15:44:22,int-1,lane-N,5,0.0,2,clear,2,15,0,0.07,RED,1754.5,1.0,0.17
2026-07-29 15:44:22,int-1,lane-S,0,30.0,0,clear,2,15,0,0.0,GREEN,0.0,1.0,0.0
2026-07-29 15:44:22,int-1,lane-E,1,29.7,1,clear,2,15,0,0.03,RED,0.0,1.0,0.03
2026-07-29 15:44:22,int-1,lane-W,1,29.7,1,clear,2,15,0,0.03,RED,0.0,1.0,0.03
2026-07-29 15:44:28,int-1,lane-N,11,1.0,3,clear,2,15,0,0.1,GREEN,1755.5,6.0,0.37
2026-07-29 15:44:28,int-1,lane-S,15,29.4,7,clear,2,15,0,0.23,RED,0.0,6.0,0.5
2026-07-29 15:44:28,int-1,lane-E,22,29.099999999999998,9,clear,2,15,0,0.3,RED,0.0,6.0,0.73
2026-07-29 15:44:28,int-1,lane-W,8,29.099999999999998,4,clear,2,15,0,0.13,RED,0.0,6.0,0.27
2026-07-29 15:44:42,int-1,lane-N,3,1.0,0,clear,2,15,0,0.0,GREEN,1757.5,5.0,0.1
2026-07-29 15:44:42,int-1,lane-S,1,29.4,1,clear,2,15,0,0.03,RED,0.0,5.0,0.03
2026-07-29 15:44:42,int-1,lane-E,1,29.4,1,clear,2,15,0,0.03,RED,0.0,5.0,0.03
2026-07-29 15:44:42,int-1,lane-W,0,29.4,0,clear,2,15,0,0.0,RED,0.0,5.0,0.0
2026-07-29 15:45:06,int-1,lane-N,4,0.5,1,clear,2,15,0,0.03,GREEN,1759.5,2.0,0.13
2026-07-29 15:45:06,int-1,lane-S,1,29.7,1,clear,2,15,0,0.03,RED,0.0,2.0,0.03
2026-07-29 15:45:06,int-1,lane-E,0,29.7,0,clear,2,15,0,0.0,RED,0.0,2.0,0.0
2026-07-29 15:45:06,int-1,lane-W,1,29.7,1,clear,2,15,0,0.03,RED,0.0,2.0,0.03
2026-07-29 15:45:16,int-1,lane-N,15,0.0,6,clear,2,15,0,0.2,RED,1760.5,7.0,0.5
2026-07-29 15:45:16,int-1,lane-S,15,29.099999999999998,7,clear,2,15,0,0.23,RED,0.0,7.0,0.5
2026-07-29 15:45:16,int-1,lane-E,21,29.9,8,clear,2,15,0,0.27,GREEN,0.0,7.0,0.7
2026-07-29 15:45:16,int-1,lane-W,7,29.099999999999998,3,clear,2,15,0,0.1,RED,0.0,7.0,0.23
2026-07-29 15:45:34,int-1,lane-N,5,0.0,2,clear,2,15,0,0.07,RED,1762.5,6.0,0.17
2026-07-29 15:45:34,int-1,lane-S,0,29.4,0,clear,2,15,0,0.0,RED,0.0,6.0,0.0
2026-07-29 15:45:34,int-1,lane-E,0,30.0,0,clear,2,15,0,0.0,GREEN,0.0,6.0,0.0
2026-07-29 15:45:34,int-1,lane-W,1,29.4,1,clear,2,15,0,0.03,RED,0.0,6.0,0.03
2026-07-29 15:45:42,int-1,lane-N,5,0.0,2,clear,2,15,0,0.07,RED,1764.5,6.0,0.17
2026-07-29 15:45:42,int-1,lane-S,1,29.7,1,clear,2,15,0,0.03,RED,0.0,6.0,0.03
2026-07-29 15:45:42,int-1,lane-E,0,30.0,0,clear,2,15,0,0.0,GREEN,0.0,6.0,0.0
2026-07-29 15:45:42,int-1,lane-W,1,29.7,1,clear,2,15,0,0.03,RED,0.0,6.0,0.03
2026-07-29 15:45:49,int-1,lane-N,7,0.0,4,clear,2,15,1,0.13,RED,1765.5,5.0,0.23
2026-07-29 15:45:49,int-1,lane-S,1,29.099999999999998,1,clear,2,15,0,0.03,RED,0.0,5.0,0.03
2026-07-29 15:45:49,int-1,lane-E,0,30.0,0,clear,2,15,0,0.0,GREEN,0.0,5.0,0.0
2026-07-29 15:45:49,int-1,lane-W,2,29.099999999999998,2,clear,2,15,0,0.07,RED,0.0,5.0,0.07
2026-07-29 15:45:57,int-1,lane-N,6,0.0,3,clear,2,15,1,0.1,RED,1767.5,2.0,0.2
2026-07-29 15:45:57,int-1,lane-S,0,29.4,0,clear,2,15,0,0.0,RED,0.0,2.0,0.0
2026-07-29 15:45:57,int-1,lane-E,0,30.0,0,clear,2,15,0,0.0,GREEN,0.0,2.0,0.0
2026-07-29 15:45:57,int-1,lane-W,1,29.4,1,clear,2,15,0,0.03,RED,0.0,2.0,0.03
2026-07-29 15:46:04,int-1,lane-N,12,0.5,4,clear,2,15,1,0.13,GREEN,1769.5,6.0,0.4
2026-07-29 15:46:04,int-1,lane-S,14,29.7,6,clear,2,15,0,0.2,RED,0.0,6.0,0.47
2026-07-29 15:46:04,int-1,lane-E,20,29.7,8,clear,2,15,0,0.27,RED,0.0,6.0,0.67
2026-07-29 15:46:04,int-1,lane-W,7,29.7,3,clear,2,15,0,0.1,RED,0.0,6.0,0.23
2026-07-29 15:46:11,int-1,lane-N,2,1.5,0,clear,2,15,0,0.0,GREEN,1770.5,5.0,0.07
2026-07-29 15:46:11,int-1,lane-S,0,29.099999999999998,0,clear,2,15,0,0.0,RED,0.0,5.0,0.0
2026-07-29 15:46:11,int-1,lane-E,2,29.099999999999998,2,clear,2,15,0,0.07,RED,0.0,5.0,0.07
2026-07-29 15:46:11,int-1,lane-W,1,29.099999999999998,1,clear,2,15,0,0.03,RED,0.0,5.0,0.03
2026-07-29 15:46:20,int-1,lane-N,3,1.0,0,clear,2,15,0,0.0,GREEN,1772.5,2.0,0.1
2026-07-29 15:46:20,int-1,lane-S,0,29.4,0,clear,2,15,0,0.0,RED,0.0,2.0,0.0
2026-07-29 15:46:20,int-1,lane-E,0,29.4,0,clear,2,15,0,0.0,RED,0.0,2.0,0.0
2026-07-29 15:46:20,int-1,lane-W,0,29.4,0,clear,2,15,0,0.0,RED,0.0,2.0,0.0
2026-07-29 15:46:27,int-1,lane-N,5,0.0,2,clear,2,15,0,0.07,YELLOW,1774.5,1.0,0.17
2026-07-29 15:46:27,int-1,lane-S,0,29.7,0,clear,2,15,0,0.0,RED,0.0,1.0,0.0
2026-07-29 15:46:27,int-1,lane-E,1,29.7,1,clear,2,15,0,0.03,RED,0.0,1.0,0.03
2026-07-29 15:46:27,int-1,lane-W,1,29.7,1,clear,2,15,0,0.03,RED,0.0,1.0,0.03
2026-07-29 15:46:33,int-1,lane-N,7,0.0,4,clear,2,15,0,0.13,RED,1775.5,6.0,0.23
2026-07-29 15:46:33,int-1,lane-S,0,29.099999999999998,0,clear,2,15,0,0.0,RED,0.0,6.0,0.0
2026-07-29 15:46:33,int-1,lane-E,0,30.0,0,clear,2,15,0,0.0,GREEN,0.0,6.0,0.0
2026-07-29 15:46:33,int-1,lane-W,1,29.099999999999998,1,clear,2,15,0,0.03,RED,0.0,6.0,0.03
2026-07-29 15:46:40,int-1,lane-N,5,0.0,2,clear,2,15,0,0.07,RED,1777.5,6.0,0.17
2026-07-29 15:46:40,int-1,lane-S,1,29.4,1,clear,2,15,0,0.03,RED,0.0,6.0,0.03
2026-07-29 15:46:40,int-1,lane-E,0,30.0,0,clear,2,15,0,0.0,GREEN,0.0,6.0,0.0
2026-07-29 15:46:40,int-1,lane-W,1,29.4,1,clear,2,15,0,0.03,RED,0.0,6.0,0.03
2026-07-29 15:46:47,int-1,lane-N,5,0.0,2,clear,2,15,0,0.07,RED,1779.5,4.0,0.17
2026-07-29 15:46:47,int-1,lane-S,0,29.7,0,clear,2,15,0,0.0,RED,0.0,4.0,0.0
2026-07-29 15:46:47,int-1,lane-E,0,30.0,0,clear,2,15,0,0.0,GREEN,0.0,4.0,0.0
2026-07-29 15:46:47,int-1,lane-W,0,29.7,0,clear,2,15,0,0.0,RED,0.0,4.0,0.0
2026-07-29 15:46:53,int-1,lane-N,6,0.0,3,clear,2,15,0,0.1,RED,1780.5,2.0,0.2
2026-07-29 15:46:53,int-1,lane-S,0,29.099999999999998,0,clear,2,15,0,0.0,RED,0.0,2.0,0.0
2026-07-29 15:46:53,int-1,lane-E,0,30.0,0,clear,2,15,0,0.0,YELLOW,0.0,2.0,0.0
2026-07-29 15:46:53,int-1,lane-W,1,29.099999999999998,1,clear,2,15,0,0.03,RED,0.0,2.0,0.03
2026-07-29 15:47:01,int-1,lane-N,3,1.0,0,clear,2,15,0,0.0,GREEN,1782.5,6.0,0.1
2026-07-29 15:47:01,int-1,lane-S,0,29.4,0,clear,2,15,0,0.0,RED,0.0,6.0,0.0
2026-07-29 15:47:01,int-1,lane-E,1,29.4,1,clear,2,15,0,0.03,RED,0.0,6.0,0.03
2026-07-29 15:47:01,int-1,lane-W,1,29.4,1,clear,2,15,0,0.03,RED,0.0,6.0,0.03
2026-07-29 15:47:08,int-1,lane-N,4,0.5,1,clear,2,15,0,0.03,GREEN,1784.5,4.0,0.13
2026-07-29 15:47:08,int-1,lane-S,0,29.7,0,clear,2,15,0,0.0,RED,0.0,4.0,0.0
2026-07-29 15:47:08,int-1,lane-E,1,29.7,1,clear,2,15,0,0.03,RED,0.0,4.0,0.03
2026-07-29 15:47:08,int-1,lane-W,1,29.7,1,clear,2,15,0,0.03,RED,0.0,4.0,0.03
2026-07-29 15:47:15,int-1,lane-N,2,1.5,0,clear,2,15,0,0.0,GREEN,1785.5,1.0,0.07
2026-07-29 15:47:15,int-1,lane-S,1,29.099999999999998,1,clear,2,15,0,0.03,RED,0.0,1.0,0.03
2026-07-29 15:47:15,int-1,lane-E,2,29.099999999999998,2,clear,2,15,0,0.07,RED,0.0,1.0,0.07
2026-07-29 15:47:15,int-1,lane-W,1,29.099999999999998,1,clear,2,15,0,0.03,RED,0.0,1.0,0.03
2026-07-29 15:47:24,int-1,lane-N,14,0.0,6,clear,2,15,0,0.2,RED,1787.5,6.0,0.47
2026-07-29 15:47:24,int-1,lane-S,10,31.0,3,clear,2,15,0,0.1,GREEN,0.0,6.0,0.33
2026-07-29 15:47:24,int-1,lane-E,20,29.4,9,clear,2,15,0,0.3,RED,0.0,6.0,0.67
2026-07-29 15:47:24,int-1,lane-W,7,29.4,3,clear,2,15,0,0.1,RED,0.0,6.0,0.23
2026-07-29 15:47:31,int-1,lane-N,5,0.0,2,clear,2,15,0,0.07,RED,1789.5,4.0,0.17
2026-07-29 15:47:31,int-1,lane-S,0,30.0,0,clear,2,15,0,0.0,GREEN,0.0,4.0,0.0
2026-07-29 15:47:31,int-1,lane-E,0,29.7,0,clear,2,15,0,0.0,RED,0.0,4.0,0.0
2026-07-29 15:47:31,int-1,lane-W,0,29.7,0,clear,2,15,0,0.0,RED,0.0,4.0,0.0
2026-07-29 15:47:37,int-1,lane-N,8,0.0,5,clear,2,15,0,0.17,RED,1790.5,1.0,0.27
2026-07-29 15:47:37,int-1,lane-S,0,30.0,0,clear,2,15,0,0.0,GREEN,0.0,1.0,0.0
2026-07-29 15:47:37,int-1,lane-E,1,29.099999999999998,1,clear,2,15,0,0.03,RED,0.0,1.0,0.03
2026-07-29 15:47:37,int-1,lane-W,0,29.099999999999998,0,clear,2,15,0,0.0,RED,0.0,1.0,0.0
2026-07-29 15:47:44,int-1,lane-N,11,1.0,3,clear,2,15,0,0.1,GREEN,1792.5,6.0,0.37
2026-07-29 15:47:44,int-1,lane-S,13,29.4,6,clear,2,15,0,0.2,RED,0.0,6.0,0.43
2026-07-29 15:47:44,int-1,lane-E,21,29.4,10,clear,2,15,0,0.33,RED,0.0,6.0,0.7
2026-07-29 15:47:44,int-1,lane-W,9,29.4,5,clear,2,15,0,0.17,RED,0.0,6.0,0.3
2026-07-29 15:48:00,int-1,lane-N,4,0.5,1,clear,2,15,0,0.03,GREEN,1794.5,5.0,0.13
2026-07-29 15:48:00,int-1,lane-S,0,29.7,0,clear,2,15,0,0.0,RED,0.0,5.0,0.0
2026-07-29 15:48:00,int-1,lane-E,1,29.7,1,clear,2,15,0,0.03,RED,0.0,5.0,0.03
2026-07-29 15:48:00,int-1,lane-W,0,29.7,0,clear,2,15,0,0.0,RED,0.0,5.0,0.0
2026-07-29 15:48:06,int-1,lane-N,2,1.5,0,clear,2,15,0,0.0,GREEN,1795.5,2.0,0.07
2026-07-29 15:48:06,int-1,lane-S,0,29.099999999999998,0,clear,2,15,0,0.0,RED,0.0,2.0,0.0
2026-07-29 15:48:06,int-1,lane-E,1,29.099999999999998,1,clear,2,15,0,0.03,RED,0.0,2.0,0.03
2026-07-29 15:48:06,int-1,lane-W,2,29.099999999999998,2,clear,2,15,0,0.07,RED,0.0,2.0,0.07
2026-07-29 15:48:13,int-1,lane-N,15,0.0,7,clear,2,15,0,0.23,RED,1797.5,6.0,0.5
2026-07-29 15:48:13,int-1,lane-S,15,30.2,5,clear,2,15,0,0.17,GREEN,0.0,6.0,0.5
2026-07-29 15:48:13,int-1,lane-E,17,29.4,7,clear,2,15,0,0.23,RED,0.0,6.0,0.57
2026-07-29 15:48:13,int-1,lane-W,6,29.4,2,clear,2,15,0,0.07,RED,0.0,6.0,0.2
2026-07-29 15:48:23,int-1,lane-N,5,0.0,2,clear,2,15,0,0.07,RED,1799.5,6.0,0.17
2026-07-29 15:48:23,int-1,lane-S,0,30.0,0,clear,2,15,0,0.0,GREEN,0.0,6.0,0.0
2026-07-29 15:48:23,int-1,lane-E,0,29.7,0,clear,2,15,0,0.0,RED,0.0,6.0,0.0
2026-07-29 15:48:23,int-1,lane-W,1,29.7,1,clear,2,15,0,0.03,RED,0.0,6.0,0.03
2026-07-29 15:48:29,int-1,lane-N,8,0.0,5,clear,2,15,0,0.17,RED,1800.5,4.0,0.27
2026-07-29 15:48:29,int-1,lane-S,0,30.0,0,clear,2,15,0,0.0,GREEN,0.0,4.0,0.0
2026-07-29 15:48:29,int-1,lane-E,0,29.099999999999998,0,clear,2,15,0,0.0,RED,0.0,4.0,0.0
2026-07-29 15:48:29,int-1,lane-W,2,29.099999999999998,2,clear,2,15,0,0.07,RED,0.0,4.0,0.07
2026-07-29 15:48:38,int-1,lane-N,7,0.0,4,clear,2,15,0,0.13,RED,1802.5,1.0,0.23
2026-07-29 15:48:38,int-1,lane-S,0,30.0,0,clear,2,15,0,0.0,GREEN,0.0,1.0,0.0
2026-07-29 15:48:38,int-1,lane-E,2,29.4,2,clear,2,15,0,0.07,RED,0.0,1.0,0.07
2026-07-29 15:48:38,int-1,lane-W,0,29.4,0,clear,2,15,0,0.0,RED,0.0,1.0,0.0
2026-07-29 15:48:48,int-1,lane-N,4,0.5,1,clear,2,15,0,0.03,GREEN,1804.5,6.0,0.13
2026-07-29 15:48:48,int-1,lane-S,1,29.7,1,clear,2,15,0,0.03,RED,0.0,6.0,0.03
2026-07-29 15:48:48,int-1,lane-E,0,29.7,0,clear,2,15,0,0.0,RED,0.0,6.0,0.0
2026-07-29 15:48:48,int-1,lane-W,1,29.7,1,clear,2,15,0,0.03,RED,0.0,6.0,0.03
2026-07-29 15:48:55,int-1,lane-N,2,1.5,0,clear,2,15,0,0.0,GREEN,1805.5,4.0,0.07
2026-07-29 15:48:55,int-1,lane-S,2,29.099999999999998,2,clear,2,15,0,0.07,RED,0.0,4.0,0.07
2026-07-29 15:48:55,int-1,lane-E,1,29.099999999999998,1,clear,2,15,0,0.03,RED,0.0,4.0,0.03
2026-07-29 15:48:55,int-1,lane-W,3,29.099999999999998,3,clear,2,15,0,0.1,RED,0.0,4.0,0.1
2026-07-29 15:49:02,int-1,lane-N,3,1.0,0,clear,2,15,0,0.0,GREEN,1807.5,1.0,0.1
2026-07-29 15:49:02,int-1,lane-S,0,29.4,0,clear,2,15,0,0.0,RED,0.0,1.0,0.0
2026-07-29 15:49:02,int-1,lane-E,1,29.4,1,clear,2,15,0,0.03,RED,0.0,1.0,0.03
2026-07-29 15:49:02,int-1,lane-W,1,29.4,1,clear,2,15,0,0.03,RED,0.0,1.0,0.03
2026-07-29 15:49:09,int-1,lane-N,5,0.0,2,clear,2,15,0,0.07,RED,1809.5,7.0,0.17
2026-07-29 15:49:09,int-1,lane-S,1,29.7,1,clear,2,15,0,0.03,RED,0.0,7.0,0.03
2026-07-29 15:49:09,int-1,lane-E,0,30.0,0,clear,2,15,0,0.0,GREEN,0.0,7.0,0.0
2026-07-29 15:49:09,int-1,lane-W,0,29.7,0,clear,2,15,0,0.0,RED,0.0,7.0,0.0
2026-07-29 15:49:15,int-1,lane-N,6,0.0,3,clear,2,15,0,0.1,RED,1810.5,6.0,0.2
2026-07-29 15:49:15,int-1,lane-S,2,29.099999999999998,2,clear,2,15,0,0.07,RED,0.0,6.0,0.07
2026-07-29 15:49:15,int-1,lane-E,0,30.0,0,clear,2,15,0,0.0,GREEN,0.0,6.0,0.0
2026-07-29 15:49:15,int-1,lane-W,2,29.099999999999998,2,clear,2,15,0,0.07,RED,0.0,6.0,0.07
2026-07-29 15:49:23,int-1,lane-N,5,0.0,2,clear,2,15,0,0.07,RED,1812.5,6.0,0.17
2026-07-29 15:49:23,int-1,lane-S,0,29.4,0,clear,2,15,0,0.0,RED,0.0,6.0,0.0
2026-07-29 15:49:23,int-1,lane-E,0,30.0,0,clear,2,15,0,0.0,GREEN,0.0,6.0,0.0
2026-07-29 15:49:23,int-1,lane-W,0,29.4,0,clear,2,15,0,0.0,RED,0.0,6.0,0.0
2026-07-29 15:49:36,int-1,lane-N,5,0.0,2,clear,2,15,0,0.07,RED,1814.5,4.0,0.17
2026-07-29 15:49:36,int-1,lane-S,0,29.7,0,clear,2,15,0,0.0,RED,0.0,4.0,0.0
2026-07-29 15:49:36,int-1,lane-E,0,30.0,0,clear,2,15,0,0.0,GREEN,0.0,4.0,0.0
2026-07-29 15:49:36,int-1,lane-W,1,29.7,1,clear,2,15,0,0.03,RED,0.0,4.0,0.03
2026-07-29 15:49:47,int-1,lane-N,6,0.0,3,clear,2,15,1,0.1,RED,1815.5,2.0,0.2
2026-07-29 15:49:47,int-1,lane-S,2,29.099999999999998,2,clear,2,15,0,0.07,RED,0.0,2.0,0.07
2026-07-29 15:49:47,int-1,lane-E,0,30.0,0,clear,2,15,0,0.0,YELLOW,0.0,2.0,0.0
2026-07-29 15:49:47,int-1,lane-W,0,29.099999999999998,0,clear,2,15,0,0.0,RED,0.0,2.0,0.0
2026-07-29 15:49:54,int-1,lane-N,3,1.0,0,clear,2,15,1,0.0,GREEN,1817.5,6.0,0.1
2026-07-29 15:49:54,int-1,lane-S,1,29.4,1,clear,2,15,0,0.03,RED,0.0,6.0,0.03
2026-07-29 15:49:54,int-1,lane-E,2,29.4,2,clear,2,15,0,0.07,RED,0.0,6.0,0.07
2026-07-29 15:49:54,int-1,lane-W,0,29.4,0,clear,2,15,0,0.0,RED,0.0,6.0,0.0
2026-07-29 15:50:13,int-1,lane-N,4,0.5,1,clear,2,15,1,0.03,GREEN,1819.5,4.0,0.13
2026-07-29 15:50:13,int-1,lane-S,0,29.7,0,clear,2,15,0,0.0,RED,0.0,4.0,0.0
2026-07-29 15:50:13,int-1,lane-E,1,29.7,1,clear,2,15,0,0.03,RED,0.0,4.0,0.03
2026-07-29 15:50:13,int-1,lane-W,0,29.7,0,clear,2,15,0,0.0,RED,0.0,4.0,0.0
2026-07-29 15:50:21,int-1,lane-N,3,1.0,0,clear,2,15,0,0.0,YELLOW,1820.5,2.0,0.1
2026-07-29 15:50:21,int-1,lane-S,0,29.099999999999998,0,clear,2,15,0,0.0,RED,0.0,2.0,0.0
2026-07-29 15:50:21,int-1,lane-E,2,29.099999999999998,2,clear,2,15,0,0.07,RED,0.0,2.0,0.07
2026-07-29 15:50:21,int-1,lane-W,2,29.099999999999998,2,clear,2,15,0,0.07,RED,0.0,2.0,0.07
2026-07-29 15:50:41,int-1,lane-N,7,0.0,4,clear,2,15,0,0.13,RED,1822.5,6.0,0.23
2026-07-29 15:50:41,int-1,lane-S,0,30.0,0,clear,2,15,0,0.0,GREEN,0.0,6.0,0.0
2026-07-29 15:50:41,int-1,lane-E,1,29.4,1,clear,2,15,0,0.03,RED,0.0,6.0,0.03
2026-07-29 15:50:41,int-1,lane-W,0,29.4,0,clear,2,15,0,0.0,RED,0.0,6.0,0.0
2026-07-29 15:50:53,int-1,lane-N,5,0.0,2,clear,2,15,0,0.07,RED,1824.5,5.0,0.17
2026-07-29 15:50:53,int-1,lane-S,0,30.0,0,clear,2,15,0,0.0,GREEN,0.0,5.0,0.0
2026-07-29 15:50:53,int-1,lane-E,1,29.7,1,clear,2,15,0,0.03,RED,0.0,5.0,0.03
2026-07-29 15:50:53,int-1,lane-W,0,29.7,0,clear,2,15,0,0.0,RED,0.0,5.0,0.0
2026-07-29 15:51:00,int-1,lane-N,6,0.0,3,clear,2,15,0,0.1,RED,1825.5,2.0,0.2
2026-07-29 15:51:00,int-1,lane-S,0,30.0,0,clear,2,15,0,0.0,GREEN,0.0,2.0,0.0
2026-07-29 15:51:00,int-1,lane-E,2,29.099999999999998,2,clear,2,15,0,0.07,RED,0.0,2.0,0.07
2026-07-29 15:51:00,int-1,lane-W,2,29.099999999999998,2,clear,2,15,0,0.07,RED,0.0,2.0,0.07
2026-07-29 15:51:07,int-1,lane-N,13,0.5,5,clear,2,15,0,0.17,GREEN,1827.5,6.0,0.43
2026-07-29 15:51:07,int-1,lane-S,15,29.7,7,clear,2,15,0,0.23,RED,0.0,6.0,0.5
2026-07-29 15:51:07,int-1,lane-E,22,29.4,9,clear,2,15,0,0.3,RED,0.0,6.0,0.73
2026-07-29 15:51:07,int-1,lane-W,8,29.4,4,clear,2,15,0,0.13,RED,0.0,6.0,0.27
2026-07-29 15:51:15,int-1,lane-N,4,0.5,1,clear,2,15,0,0.03,GREEN,1829.5,6.0,0.13
2026-07-29 15:51:15,int-1,lane-S,0,29.7,0,clear,2,15,0,0.0,RED,0.0,6.0,0.0
2026-07-29 15:51:15,int-1,lane-E,0,29.7,0,clear,2,15,0,0.0,RED,0.0,6.0,0.0
2026-07-29 15:51:15,int-1,lane-W,1,29.7,1,clear,2,15,0,0.03,RED,0.0,6.0,0.03
2026-07-29 15:51:21,int-1,lane-N,2,1.5,0,clear,2,15,0,0.0,GREEN,1830.5,3.0,0.07
2026-07-29 15:51:21,int-1,lane-S,1,29.099999999999998,1,clear,2,15,0,0.03,RED,0.0,3.0,0.03
2026-07-29 15:51:21,int-1,lane-E,0,29.099999999999998,0,clear,2,15,0,0.0,RED,0.0,3.0,0.0
2026-07-29 15:51:21,int-1,lane-W,1,29.099999999999998,1,clear,2,15,0,0.03,RED,0.0,3.0,0.03
2026-07-29 15:51:31,int-1,lane-N,5,0.0,2,clear,2,15,0,0.07,YELLOW,1832.5,2.0,0.17
2026-07-29 15:51:31,int-1,lane-S,2,29.4,2,clear,2,15,0,0.07,RED,0.0,2.0,0.07
2026-07-29 15:51:31,int-1,lane-E,0,29.4,0,clear,2,15,0,0.0,RED,0.0,2.0,0.0
2026-07-29 15:51:31,int-1,lane-W,0,29.4,0,clear,2,15,0,0.0,RED,0.0,2.0,0.0
2026-07-29 15:51:49,int-1,lane-N,5,0.0,2,clear,2,15,0,0.07,RED,1834.5,6.0,0.17
2026-07-29 15:51:49,int-1,lane-S,0,30.0,0,clear,2,15,0,0.0,GREEN,0.0,6.0,0.0
2026-07-29 15:51:49,int-1,lane-E,0,29.7,0,clear,2,15,0,0.0,RED,0.0,6.0,0.0
2026-07-29 15:51:49,int-1,lane-W,1,29.7,1,clear,2,15,0,0.03,RED,0.0,6.0,0.03
2026-07-29 15:52:00,int-1,lane-N,7,0.0,4,clear,2,15,0,0.13,RED,1835.5,5.0,0.23
2026-07-29 15:52:00,int-1,lane-S,0,30.0,0,clear,2,15,0,0.0,GREEN,0.0,5.0,0.0
2026-07-29 15:52:00,int-1,lane-E,1,29.099999999999998,1,clear,2,15,0,0.03,RED,0.0,5.0,0.03
2026-07-29 15:52:00,int-1,lane-W,2,29.099999999999998,2,clear,2,15,0,0.07,RED,0.0,5.0,0.07
2026-07-29 15:52:09,int-1,lane-N,7,0.0,4,clear,2,15,1,0.13,RED,1837.5,2.0,0.23
2026-07-29 15:52:09,int-1,lane-S,0,30.0,0,clear,2,15,0,0.0,GREEN,0.0,2.0,0.0
2026-07-29 15:52:09,int-1,lane-E,1,29.4,1,clear,2,15,0,0.03,RED,0.0,2.0,0.03
2026-07-29 15:52:09,int-1,lane-W,0,29.4,0,clear,2,15,0,0.0,RED,0.0,2.0,0.0
2026-07-29 15:52:20,int-1,lane-N,14,0.5,5,clear,2,15,1,0.17,GREEN,1839.5,6.0,0.47
2026-07-29 15:52:20,int-1,lane-S,16,29.7,6,clear,2,15,0,0.2,RED,0.0,6.0,0.53
2026-07-29 15:52:20,int-1,lane-E,23,29.7,9,clear,2,15,0,0.3,RED,0.0,6.0,0.77
2026-07-29 15:52:20,int-1,lane-W,9,29.7,4,clear,2,15,0,0.13,RED,0.0,6.0,0.3
2026-07-29 15:52:27,int-1,lane-N,2,1.5,0,clear,2,15,1,0.0,GREEN,1840.5,6.0,0.07
2026-07-29 15:52:27,int-1,lane-S,1,29.099999999999998,1,clear,2,15,0,0.03,RED,0.0,6.0,0.03
2026-07-29 15:52:27,int-1,lane-E,1,29.099999999999998,1,clear,2,15,0,0.03,RED,0.0,6.0,0.03
2026-07-29 15:52:27,int-1,lane-W,2,29.099999999999998,2,clear,2,15,0,0.07,RED,0.0,6.0,0.07
2026-07-29 15:52:43,int-1,lane-N,3,1.0,0,clear,2,15,0,0.0,GREEN,1842.5,4.0,0.1
2026-07-29 15:52:43,int-1,lane-S,0,29.4,0,clear,2,15,0,0.0,RED,0.0,4.0,0.0
2026-07-29 15:52:43,int-1,lane-E,0,29.4,0,clear,2,15,0,0.0,RED,0.0,4.0,0.0
2026-07-29 15:52:43,int-1,lane-W,1,29.4,1,clear,2,15,0,0.03,RED,0.0,4.0,0.03
2026-07-29 15:52:52,int-1,lane-N,5,0.0,2,clear,2,15,0,0.07,YELLOW,1844.5,2.0,0.17
2026-07-29 15:52:52,int-1,lane-S,0,29.7,0,clear,2,15,0,0.0,RED,0.0,2.0,0.0
2026-07-29 15:52:52,int-1,lane-E,0,29.7,0,clear,2,15,0,0.0,RED,0.0,2.0,0.0
2026-07-29 15:52:52,int-1,lane-W,1,29.7,1,clear,2,15,0,0.03,RED,0.0,2.0,0.03
2026-07-29 15:52:58,int-1,lane-N,15,0.0,7,clear,2,15,0,0.23,RED,1845.5,6.0,0.5
2026-07-29 15:52:58,int-1,lane-S,11,31.5,3,clear,2,15,0,0.1,GREEN,0.0,6.0,0.37
2026-07-29 15:52:58,int-1,lane-E,22,29.099999999999998,9,clear,2,15,0,0.3,RED,0.0,6.0,0.73
2026-07-29 15:52:58,int-1,lane-W,8,29.099999999999998,4,clear,2,15,0,0.13,RED,0.0,6.0,0.27
2026-07-29 15:53:06,int-1,lane-N,7,0.0,4,clear,2,15,0,0.13,RED,1847.5,5.0,0.23
2026-07-29 15:53:06,int-1,lane-S,0,30.0,0,clear,2,15,0,0.0,GREEN,0.0,5.0,0.0
2026-07-29 15:53:06,int-1,lane-E,1,29.4,1,clear,2,15,0,0.03,RED,0.0,5.0,0.03
2026-07-29 15:53:06,int-1,lane-W,1,29.4,1,clear,2,15,0,0.03,RED,0.0,5.0,0.03
2026-07-29 15:53:15,int-1,lane-N,5,0.0,2,clear,2,15,0,0.07,RED,1849.5,2.0,0.17
2026-07-29 15:53:15,int-1,lane-S,0,30.0,0,clear,2,15,0,0.0,GREEN,0.0,2.0,0.0
2026-07-29 15:53:15,int-1,lane-E,0,29.7,0,clear,2,15,0,0.0,RED,0.0,2.0,0.0
2026-07-29 15:53:15,int-1,lane-W,0,29.7,0,clear,2,15,0,0.0,RED,0.0,2.0,0.0
2026-07-29 15:53:21,int-1,lane-N,12,0.5,4,clear,2,15,0,0.13,GREEN,1850.5,6.0,0.4
2026-07-29 15:53:21,int-1,lane-S,15,29.7,7,clear,2,15,0,0.23,RED,0.0,6.0,0.5
2026-07-29 15:53:21,int-1,lane-E,21,29.099999999999998,8,clear,2,15,0,0.27,RED,0.0,6.0,0.7
2026-07-29 15:53:21,int-1,lane-W,7,29.099999999999998,3,clear,2,15,0,0.1,RED,0.0,6.0,0.23
2026-07-29 15:53:28,int-1,lane-N,3,1.0,0,clear,2,15,0,0.0,GREEN,1852.5,5.0,0.1
2026-07-29 15:53:28,int-1,lane-S,1,29.4,1,clear,2,15,0,0.03,RED,0.0,5.0,0.03
2026-07-29 15:53:28,int-1,lane-E,1,29.4,1,clear,2,15,0,0.03,RED,0.0,5.0,0.03
2026-07-29 15:53:28,int-1,lane-W,2,29.4,2,clear,2,15,0,0.07,RED,0.0,5.0,0.07
2026-07-29 15:53:35,int-1,lane-N,4,0.5,1,clear,2,15,0,0.03,GREEN,1854.5,2.0,0.13
2026-07-29 15:53:35,int-1,lane-S,0,29.7,0,clear,2,15,0,0.0,RED,0.0,2.0,0.0
2026-07-29 15:53:35,int-1,lane-E,0,29.7,0,clear,2,15,0,0.0,RED,0.0,2.0,0.0
2026-07-29 15:53:35,int-1,lane-W,1,29.7,1,clear,2,15,0,0.03,RED,0.0,2.0,0.03
2026-07-29 15:53:41,int-1,lane-N,5,0.0,2,clear,2,15,0,0.07,YELLOW,1855.5,1.0,0.17
2026-07-29 15:53:41,int-1,lane-S,1,29.099999999999998,1,clear,2,15,0,0.03,RED,0.0,1.0,0.03
2026-07-29 15:53:41,int-1,lane-E,3,29.099999999999998,3,clear,2,15,0,0.1,RED,0.0,1.0,0.1
2026-07-29 15:53:41,int-1,lane-W,2,29.099999999999998,2,clear,2,15,0,0.07,RED,0.0,1.0,0.07
2026-07-29 15:53:50,int-1,lane-N,6,0.0,3,clear,2,15,0,0.1,RED,1857.5,6.0,0.2
2026-07-29 15:53:50,int-1,lane-S,0,30.0,0,clear,2,15,0,0.0,GREEN,0.0,6.0,0.0
2026-07-29 15:53:50,int-1,lane-E,1,29.4,1,clear,2,15,0,0.03,RED,0.0,6.0,0.03
2026-07-29 15:53:50,int-1,lane-W,0,29.4,0,clear,2,15,0,0.0,RED,0.0,6.0,0.0
2026-07-29 15:53:57,int-1,lane-N,6,0.0,3,clear,2,15,0,0.1,RED,1859.5,3.0,0.2
2026-07-29 15:53:57,int-1,lane-S,0,30.0,0,clear,2,15,0,0.0,GREEN,0.0,3.0,0.0
2026-07-29 15:53:57,int-1,lane-E,0,29.7,0,clear,2,15,0,0.0,RED,0.0,3.0,0.0
2026-07-29 15:53:57,int-1,lane-W,1,29.7,1,clear,2,15,0,0.03,RED,0.0,3.0,0.03
2026-07-29 15:54:03,int-1,lane-N,5,0.0,2,clear,2,15,0,0.07,RED,1860.5,2.0,0.17
2026-07-29 15:54:03,int-1,lane-S,0,30.0,0,clear,2,15,0,0.0,YELLOW,0.0,2.0,0.0
2026-07-29 15:54:03,int-1,lane-E,1,29.099999999999998,1,clear,2,15,0,0.03,RED,0.0,2.0,0.03
2026-07-29 15:54:03,int-1,lane-W,3,29.099999999999998,3,clear,2,15,0,0.1,RED,0.0,2.0,0.1
2026-07-29 15:54:11,int-1,lane-N,3,1.0,0,clear,2,15,0,0.0,GREEN,1862.5,6.0,0.1
2026-07-29 15:54:11,int-1,lane-S,1,29.4,1,clear,2,15,0,0.03,RED,0.0,6.0,0.03
2026-07-29 15:54:11,int-1,lane-E,1,29.4,1,clear,2,15,0,0.03,RED,0.0,6.0,0.03
2026-07-29 15:54:11,int-1,lane-W,0,29.4,0,clear,2,15,0,0.0,RED,0.0,6.0,0.0
2026-07-29 15:54:18,int-1,lane-N,4,0.5,1,clear,2,15,0,0.03,GREEN,1864.5,4.0,0.13
2026-07-29 15:54:18,int-1,lane-S,0,29.7,0,clear,2,15,0,0.0,RED,0.0,4.0,0.0
2026-07-29 15:54:18,int-1,lane-E,1,29.7,1,clear,2,15,0,0.03,RED,0.0,4.0,0.03
2026-07-29 15:54:18,int-1,lane-W,0,29.7,0,clear,2,15,0,0.0,RED,0.0,4.0,0.0
2026-07-29 15:54:24,int-1,lane-N,3,1.0,0,clear,2,15,0,0.0,YELLOW,1865.5,2.0,0.1
2026-07-29 15:54:24,int-1,lane-S,1,29.099999999999998,1,clear,2,15,0,0.03,RED,0.0,2.0,0.03
2026-07-29 15:54:24,int-1,lane-E,1,29.099999999999998,1,clear,2,15,0,0.03,RED,0.0,2.0,0.03
2026-07-29 15:54:24,int-1,lane-W,0,29.099999999999998,0,clear,2,15,0,0.0,RED,0.0,2.0,0.0
2026-07-29 15:54:32,int-1,lane-N,6,0.0,3,clear,2,15,0,0.1,RED,1867.5,6.0,0.2
2026-07-29 15:54:32,int-1,lane-S,0,30.0,0,clear,2,15,0,0.0,GREEN,0.0,6.0,0.0
2026-07-29 15:54:32,int-1,lane-E,1,29.4,1,clear,2,15,0,0.03,RED,0.0,6.0,0.03
2026-07-29 15:54:32,int-1,lane-W,0,29.4,0,clear,2,15,0,0.0,RED,0.0,6.0,0.0
2026-07-29 15:54:39,int-1,lane-N,5,0.0,2,clear,2,15,0,0.07,RED,1869.5,5.0,0.17
2026-07-29 15:54:39,int-1,lane-S,0,30.0,0,clear,2,15,0,0.0,GREEN,0.0,5.0,0.0
2026-07-29 15:54:39,int-1,lane-E,1,29.7,1,clear,2,15,0,0.03,RED,0.0,5.0,0.03
2026-07-29 15:54:39,int-1,lane-W,0,29.7,0,clear,2,15,0,0.0,RED,0.0,5.0,0.0
2026-07-29 15:54:46,int-1,lane-N,5,0.0,2,clear,2,15,0,0.07,RED,1870.5,2.0,0.17
2026-07-29 15:54:46,int-1,lane-S,0,30.0,0,clear,2,15,0,0.0,GREEN,0.0,2.0,0.0
2026-07-29 15:54:46,int-1,lane-E,2,29.099999999999998,2,clear,2,15,0,0.07,RED,0.0,2.0,0.07
2026-07-29 15:54:46,int-1,lane-W,0,29.099999999999998,0,clear,2,15,0,0.0,RED,0.0,2.0,0.0
2026-07-29 15:54:55,int-1,lane-N,6,0.0,3,clear,2,15,0,0.1,RED,1872.5,1.0,0.2
2026-07-29 15:54:55,int-1,lane-S,0,30.0,0,clear,2,15,0,0.0,YELLOW,0.0,1.0,0.0
2026-07-29 15:54:55,int-1,lane-E,1,29.4,1,clear,2,15,0,0.03,RED,0.0,1.0,0.03
2026-07-29 15:54:55,int-1,lane-W,2,29.4,2,clear,2,15,0,0.07,RED,0.0,1.0,0.07
2026-07-29 15:55:02,int-1,lane-N,4,0.5,1,clear,2,15,0,0.03,GREEN,1874.5,6.0,0.13
2026-07-29 15:55:02,int-1,lane-S,0,29.7,0,clear,2,15,0,0.0,RED,0.0,6.0,0.0
2026-07-29 15:55:02,int-1,lane-E,0,29.7,0,clear,2,15,0,0.0,RED,0.0,6.0,0.0
2026-07-29 15:55:02,int-1,lane-W,1,29.7,1,clear,2,15,0,0.03,RED,0.0,6.0,0.03
2026-07-29 15:55:09,int-1,lane-N,2,1.5,0,clear,2,15,0,0.0,GREEN,1875.5,3.0,0.07
2026-07-29 15:55:09,int-1,lane-S,2,29.099999999999998,2,clear,2,15,0,0.07,RED,0.0,3.0,0.07
2026-07-29 15:55:09,int-1,lane-E,1,29.099999999999998,1,clear,2,15,0,0.03,RED,0.0,3.0,0.03
2026-07-29 15:55:09,int-1,lane-W,0,29.099999999999998,0,clear,2,15,0,0.0,RED,0.0,3.0,0.0
2026-07-29 15:55:16,int-1,lane-N,5,0.0,2,clear,2,15,0,0.07,YELLOW,1877.5,2.0,0.17
2026-07-29 15:55:16,int-1,lane-S,2,29.4,2,clear,2,15,0,0.07,RED,0.0,2.0,0.07
2026-07-29 15:55:16,int-1,lane-E,1,29.4,1,clear,2,15,0,0.03,RED,0.0,2.0,0.03
2026-07-29 15:55:16,int-1,lane-W,1,29.4,1,clear,2,15,0,0.03,RED,0.0,2.0,0.03
2026-07-29 15:55:23,int-1,lane-N,5,0.0,2,clear,2,15,0,0.07,RED,1879.5,6.0,0.17
2026-07-29 15:55:23,int-1,lane-S,0,30.0,0,clear,2,15,0,0.0,GREEN,0.0,6.0,0.0
2026-07-29 15:55:23,int-1,lane-E,1,29.7,1,clear,2,15,0,0.03,RED,0.0,6.0,0.03
2026-07-29 15:55:23,int-1,lane-W,0,29.7,0,clear,2,15,0,0.0,RED,0.0,6.0,0.0
2026-07-29 15:55:30,int-1,lane-N,7,0.0,4,clear,2,15,0,0.13,RED,1880.5,3.0,0.23
2026-07-29 15:55:30,int-1,lane-S,0,30.0,0,clear,2,15,0,0.0,GREEN,0.0,3.0,0.0
2026-07-29 15:55:30,int-1,lane-E,1,29.099999999999998,1,clear,2,15,0,0.03,RED,0.0,3.0,0.03
2026-07-29 15:55:30,int-1,lane-W,1,29.099999999999998,1,clear,2,15,0,0.03,RED,0.0,3.0,0.03
2026-07-29 15:55:37,int-1,lane-N,5,0.0,2,clear,2,15,0,0.07,RED,1882.5,2.0,0.17
2026-07-29 15:55:37,int-1,lane-S,0,30.0,0,clear,2,15,0,0.0,YELLOW,0.0,2.0,0.0
2026-07-29 15:55:37,int-1,lane-E,2,29.4,2,clear,2,15,0,0.07,RED,0.0,2.0,0.07
2026-07-29 15:55:37,int-1,lane-W,1,29.4,1,clear,2,15,0,0.03,RED,0.0,2.0,0.03
2026-07-29 15:55:44,int-1,lane-N,4,0.5,1,clear,2,15,0,0.03,GREEN,1884.5,6.0,0.13
2026-07-29 15:55:44,int-1,lane-S,1,29.7,1,clear,2,15,0,0.03,RED,0.0,6.0,0.03
2026-07-29 15:55:44,int-1,lane-E,0,29.7,0,clear,2,15,0,0.0,RED,0.0,6.0,0.0
2026-07-29 15:55:44,int-1,lane-W,0,29.7,0,clear,2,15,0,0.0,RED,0.0,6.0,0.0
2026-07-29 15:55:51,int-1,lane-N,2,1.5,0,clear,2,15,1,0.0,GREEN,1885.5,4.0,0.07
2026-07-29 15:55:51,int-1,lane-S,1,29.099999999999998,1,clear,2,15,0,0.03,RED,0.0,4.0,0.03
2026-07-29 15:55:51,int-1,lane-E,1,29.099999999999998,1,clear,2,15,0,0.03,RED,0.0,4.0,0.03
2026-07-29 15:55:51,int-1,lane-W,1,29.099999999999998,1,clear,2,15,0,0.03,RED,0.0,4.0,0.03
2026-07-29 15:56:00,int-1,lane-N,3,1.0,0,clear,2,15,1,0.0,GREEN,1887.5,1.0,0.1
2026-07-29 15:56:00,int-1,lane-S,1,29.4,1,clear,2,15,0,0.03,RED,0.0,1.0,0.03
2026-07-29 15:56:00,int-1,lane-E,0,29.4,0,clear,2,15,0,0.0,RED,0.0,1.0,0.0
2026-07-29 15:56:00,int-1,lane-W,1,29.4,1,clear,2,15,0,0.03,RED,0.0,1.0,0.03
2026-07-29 15:56:07,int-1,lane-N,4,0.5,1,clear,2,15,1,0.03,GREEN,1889.5,6.0,0.13
2026-07-29 15:56:07,int-1,lane-S,0,29.7,0,clear,2,15,0,0.0,RED,0.0,6.0,0.0
2026-07-29 15:56:07,int-1,lane-E,0,29.7,0,clear,2,15,0,0.0,RED,0.0,6.0,0.0
2026-07-29 15:56:07,int-1,lane-W,0,29.7,0,clear,2,15,0,0.0,RED,0.0,6.0,0.0
2026-07-29 15:56:13,int-1,lane-N,2,1.5,0,clear,2,15,0,0.0,GREEN,1890.5,5.0,0.07
2026-07-29 15:56:13,int-1,lane-S,1,29.099999999999998,1,clear,2,15,0,0.03,RED,0.0,5.0,0.03
2026-07-29 15:56:13,int-1,lane-E,1,29.099999999999998,1,clear,2,15,0,0.03,RED,0.0,5.0,0.03
2026-07-29 15:56:13,int-1,lane-W,1,29.099999999999998,1,clear,2,15,0,0.03,RED,0.0,5.0,0.03
2026-07-29 15:56:20,int-1,lane-N,3,1.0,0,clear,2,15,0,0.0,GREEN,1892.5,2.0,0.1
2026-07-29 15:56:20,int-1,lane-S,1,29.4,1,clear,2,15,0,0.03,RED,0.0,2.0,0.03
2026-07-29 15:56:20,int-1,lane-E,1,29.4,1,clear,2,15,0,0.03,RED,0.0,2.0,0.03
2026-07-29 15:56:20,int-1,lane-W,0,29.4,0,clear,2,15,0,0.0,RED,0.0,2.0,0.0
2026-07-29 15:56:27,int-1,lane-N,11,0.0,4,clear,2,15,0,0.13,RED,1894.5,6.0,0.37
2026-07-29 15:56:27,int-1,lane-S,15,30.5,5,clear,2,15,0,0.17,GREEN,0.0,6.0,0.5
2026-07-29 15:56:27,int-1,lane-E,21,29.7,9,clear,2,15,0,0.3,RED,0.0,6.0,0.7
2026-07-29 15:56:27,int-1,lane-W,8,29.7,4,clear,2,15,0,0.13,RED,0.0,6.0,0.27
2026-07-29 15:56:33,int-1,lane-N,5,0.0,2,clear,2,15,0,0.07,RED,1895.5,6.0,0.17
2026-07-29 15:56:33,int-1,lane-S,0,30.0,0,clear,2,15,0,0.0,GREEN,0.0,6.0,0.0
2026-07-29 15:56:33,int-1,lane-E,0,29.099999999999998,0,clear,2,15,0,0.0,RED,0.0,6.0,0.0
2026-07-29 15:56:33,int-1,lane-W,2,29.099999999999998,2,clear,2,15,0,0.07,RED,0.0,6.0,0.07
2026-07-29 15:56:40,int-1,lane-N,6,0.0,3,clear,2,15,0,0.1,RED,1897.5,4.0,0.2
2026-07-29 15:56:40,int-1,lane-S,0,30.0,0,clear,2,15,0,0.0,GREEN,0.0,4.0,0.0
2026-07-29 15:56:40,int-1,lane-E,1,29.4,1,clear,2,15,0,0.03,RED,0.0,4.0,0.03
2026-07-29 15:56:40,int-1,lane-W,0,29.4,0,clear,2,15,0,0.0,RED,0.0,4.0,0.0
2026-07-29 15:56:47,int-1,lane-N,6,0.0,3,clear,2,15,0,0.1,RED,1899.5,1.0,0.2
2026-07-29 15:56:47,int-1,lane-S,0,30.0,0,clear,2,15,0,0.0,GREEN,0.0,1.0,0.0
2026-07-29 15:56:47,int-1,lane-E,0,29.7,0,clear,2,15,0,0.0,RED,0.0,1.0,0.0
2026-07-29 15:56:47,int-1,lane-W,1,29.7,1,clear,2,15,0,0.03,RED,0.0,1.0,0.03
2026-07-29 15:56:53,int-1,lane-N,12,1.0,4,clear,2,15,0,0.13,GREEN,1900.5,6.0,0.4
2026-07-29 15:56:53,int-1,lane-S,16,29.4,6,clear,2,15,0,0.2,RED,0.0,6.0,0.53
2026-07-29 15:56:53,int-1,lane-E,20,29.099999999999998,8,clear,2,15,0,0.27,RED,0.0,6.0,0.67
2026-07-29 15:56:53,int-1,lane-W,8,29.099999999999998,3,clear,2,15,0,0.1,RED,0.0,6.0,0.27
2026-07-29 15:57:03,int-1,lane-N,3,1.0,0,clear,2,15,0,0.0,GREEN,1902.5,5.0,0.1
2026-07-29 15:57:03,int-1,lane-S,0,29.4,0,clear,2,15,0,0.0,RED,0.0,5.0,0.0
2026-07-29 15:57:03,int-1,lane-E,0,29.4,0,clear,2,15,0,0.0,RED,0.0,5.0,0.0
2026-07-29 15:57:03,int-1,lane-W,0,29.4,0,clear,2,15,0,0.0,RED,0.0,5.0,0.0
2026-07-29 15:57:12,int-1,lane-N,4,0.5,1,clear,2,15,1,0.03,GREEN,1904.5,2.0,0.13
2026-07-29 15:57:12,int-1,lane-S,1,29.7,1,clear,2,15,0,0.03,RED,0.0,2.0,0.03
2026-07-29 15:57:12,int-1,lane-E,0,29.7,0,clear,2,15,0,0.0,RED,0.0,2.0,0.0
2026-07-29 15:57:12,int-1,lane-W,0,29.7,0,clear,2,15,0,0.0,RED,0.0,2.0,0.0
2026-07-29 15:57:18,int-1,lane-N,5,0.0,2,clear,2,15,1,0.07,YELLOW,1905.5,1.0,0.17
2026-07-29 15:57:18,int-1,lane-S,1,29.099999999999998,1,clear,2,15,0,0.03,RED,0.0,1.0,0.03
2026-07-29 15:57:18,int-1,lane-E,0,29.099999999999998,0,clear,2,15,0,0.0,RED,0.0,1.0,0.0
2026-07-29 15:57:18,int-1,lane-W,1,29.099999999999998,1,clear,2,15,0,0.03,RED,0.0,1.0,0.03
2026-07-29 15:57:25,int-1,lane-N,3,1.0,0,clear,2,15,1,0.0,GREEN,1907.5,6.0,0.1
2026-07-29 15:57:25,int-1,lane-S,1,29.4,1,clear,2,15,0,0.03,RED,0.0,6.0,0.03
2026-07-29 15:57:25,int-1,lane-E,2,29.4,2,clear,2,15,0,0.07,RED,0.0,6.0,0.07
2026-07-29 15:57:25,int-1,lane-W,1,29.4,1,clear,2,15,0,0.03,RED,0.0,6.0,0.03
2026-07-29 15:57:32,int-1,lane-N,4,0.5,1,clear,2,15,0,0.03,GREEN,1909.5,3.0,0.13
2026-07-29 15:57:32,int-1,lane-S,0,29.7,0,clear,2,15,0,0.0,RED,0.0,3.0,0.0
2026-07-29 15:57:32,int-1,lane-E,1,29.7,1,clear,2,15,0,0.03,RED,0.0,3.0,0.03
2026-07-29 15:57:32,int-1,lane-W,0,29.7,0,clear,2,15,0,0.0,RED,0.0,3.0,0.0
2026-07-29 15:57:38,int-1,lane-N,4,0.5,1,clear,2,15,0,0.03,YELLOW,1910.5,2.0,0.13
2026-07-29 15:57:38,int-1,lane-S,1,29.099999999999998,1,clear,2,15,0,0.03,RED,0.0,2.0,0.03
2026-07-29 15:57:38,int-1,lane-E,2,29.099999999999998,2,clear,2,15,0,0.07,RED,0.0,2.0,0.07
2026-07-29 15:57:38,int-1,lane-W,2,29.099999999999998,2,clear,2,15,0,0.07,RED,0.0,2.0,0.07
2026-07-29 15:57:45,int-1,lane-N,6,0.0,3,clear,2,15,0,0.1,RED,1912.5,6.0,0.2
2026-07-29 15:57:45,int-1,lane-S,0,30.0,0,clear,2,15,0,0.0,GREEN,0.0,6.0,0.0
2026-07-29 15:57:45,int-1,lane-E,0,29.4,0,clear,2,15,0,0.0,RED,0.0,6.0,0.0
2026-07-29 15:57:45,int-1,lane-W,1,29.4,1,clear,2,15,0,0.03,RED,0.0,6.0,0.03
2026-07-29 15:57:53,int-1,lane-N,6,0.0,3,clear,2,15,0,0.1,RED,1914.5,4.0,0.2
2026-07-29 15:57:53,int-1,lane-S,0,30.0,0,clear,2,15,0,0.0,GREEN,0.0,4.0,0.0
2026-07-29 15:57:53,int-1,lane-E,0,29.7,0,clear,2,15,0,0.0,RED,0.0,4.0,0.0
2026-07-29 15:57:53,int-1,lane-W,0,29.7,0,clear,2,15,0,0.0,RED,0.0,4.0,0.0
2026-07-29 15:57:59,int-1,lane-N,6,0.0,3,clear,2,15,0,0.1,RED,1915.5,1.0,0.2
2026-07-29 15:57:59,int-1,lane-S,0,30.0,0,clear,2,15,0,0.0,GREEN,0.0,1.0,0.0
2026-07-29 15:57:59,int-1,lane-E,3,29.099999999999998,3,clear,2,15,0,0.1,RED,0.0,1.0,0.1
2026-07-29 15:57:59,int-1,lane-W,3,29.099999999999998,3,clear,2,15,0,0.1,RED,0.0,1.0,0.1
2026-07-29 15:58:10,int-1,lane-N,11,1.0,3,clear,2,15,1,0.1,GREEN,1917.5,6.0,0.37
2026-07-29 15:58:10,int-1,lane-S,15,29.4,7,clear,2,15,0,0.23,RED,0.0,6.0,0.5
2026-07-29 15:58:10,int-1,lane-E,23,29.4,10,clear,2,15,0,0.33,RED,0.0,6.0,0.77
2026-07-29 15:58:10,int-1,lane-W,8,29.4,4,clear,2,15,0,0.13,RED,0.0,6.0,0.27
2026-07-29 15:58:17,int-1,lane-N,4,0.5,1,clear,2,15,1,0.03,GREEN,1919.5,5.0,0.13
2026-07-29 15:58:17,int-1,lane-S,1,29.7,1,clear,2,15,0,0.03,RED,0.0,5.0,0.03
2026-07-29 15:58:17,int-1,lane-E,1,29.7,1,clear,2,15,0,0.03,RED,0.0,5.0,0.03
2026-07-29 15:58:17,int-1,lane-W,0,29.7,0,clear,2,15,0,0.0,RED,0.0,5.0,0.0
2026-07-29 15:58:23,int-1,lane-N,2,1.5,0,clear,2,15,1,0.0,GREEN,1920.5,2.0,0.07
2026-07-29 15:58:23,int-1,lane-S,1,29.099999999999998,1,clear,2,15,0,0.03,RED,0.0,2.0,0.03
2026-07-29 15:58:23,int-1,lane-E,0,29.099999999999998,0,clear,2,15,0,0.0,RED,0.0,2.0,0.0
2026-07-29 15:58:23,int-1,lane-W,0,29.099999999999998,0,clear,2,15,0,0.0,RED,0.0,2.0,0.0
2026-07-29 15:58:31,int-1,lane-N,11,0.5,4,clear,2,15,1,0.13,GREEN,1922.5,6.0,0.37
2026-07-29 15:58:31,int-1,lane-S,15,29.4,7,clear,2,15,0,0.23,RED,0.0,6.0,0.5
2026-07-29 15:58:31,int-1,lane-E,18,29.4,8,clear,2,15,0,0.27,RED,0.0,6.0,0.6
2026-07-29 15:58:31,int-1,lane-W,6,29.4,2,clear,2,15,0,0.07,RED,0.0,6.0,0.2
2026-07-29 15:58:38,int-1,lane-N,4,0.5,1,clear,2,15,1,0.03,GREEN,1924.5,5.0,0.13
2026-07-29 15:58:38,int-1,lane-S,0,29.7,0,clear,2,15,0,0.0,RED,0.0,5.0,0.0
2026-07-29 15:58:38,int-1,lane-E,1,29.7,1,clear,2,15,0,0.03,RED,0.0,5.0,0.03
2026-07-29 15:58:38,int-1,lane-W,0,29.7,0,clear,2,15,0,0.0,RED,0.0,5.0,0.0
2026-07-29 15:58:44,int-1,lane-N,2,1.5,0,clear,2,15,1,0.0,GREEN,1925.5,2.0,0.07
2026-07-29 15:58:44,int-1,lane-S,1,29.099999999999998,1,clear,2,15,0,0.03,RED,0.0,2.0,0.03
2026-07-29 15:58:44,int-1,lane-E,1,29.099999999999998,1,clear,2,15,0,0.03,RED,0.0,2.0,0.03
2026-07-29 15:58:44,int-1,lane-W,2,29.099999999999998,2,clear,2,15,0,0.07,RED,0.0,2.0,0.07
2026-07-29 15:58:51,int-1,lane-N,13,0.0,5,clear,2,15,0,0.17,RED,1927.5,6.0,0.43
2026-07-29 15:58:51,int-1,lane-S,12,30.2,4,clear,2,15,0,0.13,GREEN,0.0,6.0,0.4
2026-07-29 15:58:51,int-1,lane-E,23,29.4,9,clear,2,15,0,0.3,RED,0.0,6.0,0.77
2026-07-29 15:58:51,int-1,lane-W,8,29.4,4,clear,2,15,0,0.13,RED,0.0,6.0,0.27
2026-07-29 15:58:59,int-1,lane-N,6,0.0,3,clear,2,15,0,0.1,RED,1929.5,5.0,0.2
2026-07-29 15:58:59,int-1,lane-S,0,30.0,0,clear,2,15,0,0.0,GREEN,0.0,5.0,0.0
2026-07-29 15:58:59,int-1,lane-E,1,29.7,1,clear,2,15,0,0.03,RED,0.0,5.0,0.03
2026-07-29 15:58:59,int-1,lane-W,1,29.7,1,clear,2,15,0,0.03,RED,0.0,5.0,0.03
2026-07-29 15:59:06,int-1,lane-N,7,0.0,4,clear,2,15,0,0.13,RED,1930.5,2.0,0.23
2026-07-29 15:59:06,int-1,lane-S,0,30.0,0,clear,2,15,0,0.0,GREEN,0.0,2.0,0.0
2026-07-29 15:59:06,int-1,lane-E,2,29.099999999999998,2,clear,2,15,0,0.07,RED,0.0,2.0,0.07
2026-07-29 15:59:06,int-1,lane-W,2,29.099999999999998,2,clear,2,15,0,0.07,RED,0.0,2.0,0.07
2026-07-29 15:59:14,int-1,lane-N,7,0.0,4,clear,2,15,0,0.13,RED,1932.5,1.0,0.23
2026-07-29 15:59:14,int-1,lane-S,0,30.0,0,clear,2,15,0,0.0,YELLOW,0.0,1.0,0.0
2026-07-29 15:59:14,int-1,lane-E,1,29.4,1,clear,2,15,0,0.03,RED,0.0,1.0,0.03
2026-07-29 15:59:14,int-1,lane-W,1,29.4,1,clear,2,15,0,0.03,RED,0.0,1.0,0.03
2026-07-29 15:59:21,int-1,lane-N,4,0.5,1,clear,2,15,0,0.03,GREEN,1934.5,6.0,0.13
2026-07-29 15:59:21,int-1,lane-S,0,29.7,0,clear,2,15,0,0.0,RED,0.0,6.0,0.0
2026-07-29 15:59:21,int-1,lane-E,0,29.7,0,clear,2,15,0,0.0,RED,0.0,6.0,0.0
2026-07-29 15:59:21,int-1,lane-W,0,29.7,0,clear,2,15,0,0.0,RED,0.0,6.0,0.0
2026-07-29 15:59:28,int-1,lane-N,2,1.5,0,clear,2,15,0,0.0,GREEN,1935.5,3.0,0.07
2026-07-29 15:59:28,int-1,lane-S,1,29.099999999999998,1,clear,2,15,0,0.03,RED,0.0,3.0,0.03
2026-07-29 15:59:28,int-1,lane-E,2,29.099999999999998,2,clear,2,15,0,0.07,RED,0.0,3.0,0.07
2026-07-29 15:59:28,int-1,lane-W,1,29.099999999999998,1,clear,2,15,0,0.03,RED,0.0,3.0,0.03
2026-07-29 15:59:35,int-1,lane-N,5,0.0,2,clear,2,15,0,0.07,YELLOW,1937.5,2.0,0.17
2026-07-29 15:59:35,int-1,lane-S,2,29.4,2,clear,2,15,0,0.07,RED,0.0,2.0,0.07
2026-07-29 15:59:35,int-1,lane-E,1,29.4,1,clear,2,15,0,0.03,RED,0.0,2.0,0.03
2026-07-29 15:59:35,int-1,lane-W,0,29.4,0,clear,2,15,0,0.0,RED,0.0,2.0,0.0
2026-07-29 15:59:42,int-1,lane-N,5,0.0,2,clear,2,15,0,0.07,RED,1939.5,6.0,0.17
2026-07-29 15:59:42,int-1,lane-S,0,30.0,0,clear,2,15,0,0.0,GREEN,0.0,6.0,0.0
2026-07-29 15:59:42,int-1,lane-E,0,29.7,0,clear,2,15,0,0.0,RED,0.0,6.0,0.0
2026-07-29 15:59:42,int-1,lane-W,1,29.7,1,clear,2,15,0,0.03,RED,0.0,6.0,0.03
2026-07-29 15:59:48,int-1,lane-N,8,0.0,5,clear,2,15,0,0.17,RED,1940.5,4.0,0.27
2026-07-29 15:59:48,int-1,lane-S,0,30.0,0,clear,2,15,0,0.0,GREEN,0.0,4.0,0.0
2026-07-29 15:59:48,int-1,lane-E,2,29.099999999999998,2,clear,2,15,0,0.07,RED,0.0,4.0,0.07
2026-07-29 15:59:48,int-1,lane-W,1,29.099999999999998,1,clear,2,15,0,0.03,RED,0.0,4.0,0.03
2026-07-29 15:59:55,int-1,lane-N,5,0.0,2,clear,2,15,0,0.07,RED,1942.5,2.0,0.17
2026-07-29 15:59:55,int-1,lane-S,0,30.0,0,clear,2,15,0,0.0,YELLOW,0.0,2.0,0.0
2026-07-29 15:59:55,int-1,lane-E,0,29.4,0,clear,2,15,0,0.0,RED,0.0,2.0,0.0
2026-07-29 15:59:55,int-1,lane-W,0,29.4,0,clear,2,15,0,0.0,RED,0.0,2.0,0.0
2026-07-29 16:00:02,int-1,lane-N,4,0.5,1,clear,2,16,0,0.03,GREEN,1944.5,6.0,0.13
2026-07-29 16:00:02,int-1,lane-S,0,29.7,0,clear,2,16,0,0.0,RED,0.0,6.0,0.0
2026-07-29 16:00:02,int-1,lane-E,0,29.7,0,clear,2,16,0,0.0,RED,0.0,6.0,0.0
2026-07-29 16:00:02,int-1,lane-W,0,29.7,0,clear,2,16,0,0.0,RED,0.0,6.0,0.0
2026-07-29 16:00:09,int-1,lane-N,2,1.5,0,clear,2,16,0,0.0,GREEN,1945.5,4.0,0.07
2026-07-29 16:00:09,int-1,lane-S,0,29.099999999999998,0,clear,2,16,0,0.0,RED,0.0,4.0,0.0
2026-07-29 16:00:09,int-1,lane-E,0,29.099999999999998,0,clear,2,16,0,0.0,RED,0.0,4.0,0.0
2026-07-29 16:00:09,int-1,lane-W,0,29.099999999999998,0,clear,2,16,0,0.0,RED,0.0,4.0,0.0
2026-07-29 16:00:18,int-1,lane-N,3,1.0,0,clear,2,16,0,0.0,GREEN,1947.5,1.0,0.1
2026-07-29 16:00:18,int-1,lane-S,1,29.4,1,clear,2,16,0,0.03,RED,0.0,1.0,0.03
2026-07-29 16:00:18,int-1,lane-E,2,29.4,2,clear,2,16,0,0.07,RED,0.0,1.0,0.07
2026-07-29 16:00:18,int-1,lane-W,2,29.4,2,clear,2,16,0,0.07,RED,0.0,1.0,0.07
2026-07-29 16:00:25,int-1,lane-N,6,0.0,3,clear,2,16,0,0.1,RED,1949.5,4.0,0.2
2026-07-29 16:00:25,int-1,lane-S,0,29.7,0,clear,2,16,0,0.0,RED,0.0,4.0,0.0
2026-07-29 16:00:25,int-1,lane-E,0,29.7,0,clear,2,16,0,0.0,RED,0.0,4.0,0.0
2026-07-29 16:00:25,int-1,lane-W,0,30.0,0,clear,2,16,0,0.0,GREEN,0.0,4.0,0.0
2026-07-29 16:00:31,int-1,lane-N,6,0.0,3,clear,2,16,0,0.1,RED,1950.5,1.0,0.2
2026-07-29 16:00:31,int-1,lane-S,2,29.099999999999998,2,clear,2,16,0,0.07,RED,0.0,1.0,0.07
2026-07-29 16:00:31,int-1,lane-E,1,29.099999999999998,1,clear,2,16,0,0.03,RED,0.0,1.0,0.03
2026-07-29 16:00:31,int-1,lane-W,0,30.0,0,clear,2,16,0,0.0,GREEN,0.0,1.0,0.0
2026-07-29 16:00:39,int-1,lane-N,13,1.0,4,clear,2,16,0,0.13,GREEN,1952.5,6.0,0.43
2026-07-29 16:00:39,int-1,lane-S,14,29.4,6,clear,2,16,0,0.2,RED,0.0,6.0,0.47
2026-07-29 16:00:39,int-1,lane-E,23,29.4,10,clear,2,16,0,0.33,RED,0.0,6.0,0.77
2026-07-29 16:00:39,int-1,lane-W,9,29.4,4,clear,2,16,0,0.13,RED,0.0,6.0,0.3
2026-07-29 16:00:46,int-1,lane-N,4,0.5,1,clear,2,16,0,0.03,GREEN,1954.5,6.0,0.13
2026-07-29 16:00:46,int-1,lane-S,0,29.7,0,clear,2,16,0,0.0,RED,0.0,6.0,0.0
2026-07-29 16:00:46,int-1,lane-E,1,29.7,1,clear,2,16,0,0.03,RED,0.0,6.0,0.03
2026-07-29 16:00:46,int-1,lane-W,1,29.7,1,clear,2,16,0,0.03,RED,0.0,6.0,0.03
2026-07-29 16:00:52,int-1,lane-N,2,1.5,0,clear,2,16,0,0.0,GREEN,1955.5,3.0,0.07
2026-07-29 16:00:52,int-1,lane-S,1,29.099999999999998,1,clear,2,16,0,0.03,RED,0.0,3.0,0.03
2026-07-29 16:00:52,int-1,lane-E,1,29.099999999999998,1,clear,2,16,0,0.03,RED,0.0,3.0,0.03
2026-07-29 16:00:52,int-1,lane-W,2,29.099999999999998,2,clear,2,16,0,0.07,RED,0.0,3.0,0.07
2026-07-29 16:01:01,int-1,lane-N,5,0.0,2,clear,2,16,0,0.07,YELLOW,1957.5,2.0,0.17
2026-07-29 16:01:01,int-1,lane-S,0,29.4,0,clear,2,16,0,0.0,RED,0.0,2.0,0.0
2026-07-29 16:01:01,int-1,lane-E,2,29.4,2,clear,2,16,0,0.07,RED,0.0,2.0,0.07
2026-07-29 16:01:01,int-1,lane-W,1,29.4,1,clear,2,16,0,0.03,RED,0.0,2.0,0.03
2026-07-29 16:01:08,int-1,lane-N,6,0.0,3,clear,2,16,0,0.1,RED,1959.5,6.0,0.2
2026-07-29 16:01:08,int-1,lane-S,0,30.0,0,clear,2,16,0,0.0,GREEN,0.0,6.0,0.0
2026-07-29 16:01:08,int-1,lane-E,1,29.7,1,clear,2,16,0,0.03,RED,0.0,6.0,0.03
2026-07-29 16:01:08,int-1,lane-W,0,29.7,0,clear,2,16,0,0.0,RED,0.0,6.0,0.0
2026-07-29 16:01:17,int-1,lane-N,7,0.0,4,clear,2,16,0,0.13,RED,1960.5,4.0,0.23
2026-07-29 16:01:17,int-1,lane-S,0,30.0,0,clear,2,16,0,0.0,GREEN,0.0,4.0,0.0
2026-07-29 16:01:17,int-1,lane-E,1,29.099999999999998,1,clear,2,16,0,0.03,RED,0.0,4.0,0.03
2026-07-29 16:01:17,int-1,lane-W,1,29.099999999999998,1,clear,2,16,0,0.03,RED,0.0,4.0,0.03
2026-07-29 16:01:24,int-1,lane-N,6,0.0,3,clear,2,16,0,0.1,RED,1962.5,2.0,0.2
2026-07-29 16:01:24,int-1,lane-S,0,30.0,0,clear,2,16,0,0.0,YELLOW,0.0,2.0,0.0
2026-07-29 16:01:24,int-1,lane-E,2,29.4,2,clear,2,16,0,0.07,RED,0.0,2.0,0.07
2026-07-29 16:01:24,int-1,lane-W,0,29.4,0,clear,2,16,0,0.0,RED,0.0,2.0,0.0
2026-07-29 16:01:31,int-1,lane-N,4,0.5,1,clear,2,16,0,0.03,GREEN,1964.5,6.0,0.13
2026-07-29 16:01:31,int-1,lane-S,0,29.7,0,clear,2,16,0,0.0,RED,0.0,6.0,0.0
2026-07-29 16:01:31,int-1,lane-E,1,29.7,1,clear,2,16,0,0.03,RED,0.0,6.0,0.03
2026-07-29 16:01:31,int-1,lane-W,0,29.7,0,clear,2,16,0,0.0,RED,0.0,6.0,0.0
2026-07-29 16:01:37,int-1,lane-N,2,1.5,0,clear,2,16,0,0.0,GREEN,1965.5,4.0,0.07
2026-07-29 16:01:37,int-1,lane-S,1,29.099999999999998,1,clear,2,16,0,0.03,RED,0.0,4.0,0.03
2026-07-29 16:01:37,int-1,lane-E,2,29.099999999999998,2,clear,2,16,0,0.07,RED,0.0,4.0,0.07
2026-07-29 16:01:37,int-1,lane-W,1,29.099999999999998,1,clear,2,16,0,0.03,RED,0.0,4.0,0.03
2026-07-29 16:01:44,int-1,lane-N,3,1.0,0,clear,2,16,0,0.0,GREEN,1967.5,1.0,0.1
2026-07-29 16:01:44,int-1,lane-S,1,29.4,1,clear,2,16,0,0.03,RED,0.0,1.0,0.03
2026-07-29 16:01:44,int-1,lane-E,1,29.4,1,clear,2,16,0,0.03,RED,0.0,1.0,0.03
2026-07-29 16:01:44,int-1,lane-W,0,29.4,0,clear,2,16,0,0.0,RED,0.0,1.0,0.0
2026-07-29 16:01:51,int-1,lane-N,6,0.0,3,clear,2,16,0,0.1,RED,1969.5,6.0,0.2
2026-07-29 16:01:51,int-1,lane-S,1,29.7,1,clear,2,16,0,0.03,RED,0.0,6.0,0.03
2026-07-29 16:01:51,int-1,lane-E,0,30.0,0,clear,2,16,0,0.0,GREEN,0.0,6.0,0.0
2026-07-29 16:01:51,int-1,lane-W,0,29.7,0,clear,2,16,0,0.0,RED,0.0,6.0,0.0
2026-07-29 16:01:57,int-1,lane-N,6,0.0,3,clear,2,16,0,0.1,RED,1970.5,6.0,0.2
2026-07-29 16:01:57,int-1,lane-S,1,29.099999999999998,1,clear,2,16,0,0.03,RED,0.0,6.0,0.03
2026-07-29 16:01:57,int-1,lane-E,0,30.0,0,clear,2,16,0,0.0,GREEN,0.0,6.0,0.0
2026-07-29 16:01:57,int-1,lane-W,1,29.099999999999998,1,clear,2,16,0,0.03,RED,0.0,6.0,0.03
2026-07-29 16:02:04,int-1,lane-N,6,0.0,3,clear,2,16,0,0.1,RED,1972.5,5.0,0.2
2026-07-29 16:02:04,int-1,lane-S,2,29.4,2,clear,2,16,0,0.07,RED,0.0,5.0,0.07
2026-07-29 16:02:04,int-1,lane-E,0,30.0,0,clear,2,16,0,0.0,GREEN,0.0,5.0,0.0
2026-07-29 16:02:04,int-1,lane-W,2,29.4,2,clear,2,16,0,0.07,RED,0.0,5.0,0.07
2026-07-29 16:02:13,int-1,lane-N,5,0.0,2,clear,2,16,0,0.07,RED,1974.5,2.0,0.17
2026-07-29 16:02:13,int-1,lane-S,1,29.7,1,clear,2,16,0,0.03,RED,0.0,2.0,0.03
2026-07-29 16:02:13,int-1,lane-E,0,30.0,0,clear,2,16,0,0.0,GREEN,0.0,2.0,0.0
2026-07-29 16:02:13,int-1,lane-W,0,29.7,0,clear,2,16,0,0.0,RED,0.0,2.0,0.0
2026-07-29 16:02:21,int-1,lane-N,6,0.0,3,clear,2,16,0,0.1,RED,1975.5,1.0,0.2
2026-07-29 16:02:21,int-1,lane-S,0,29.099999999999998,0,clear,2,16,0,0.0,RED,0.0,1.0,0.0
2026-07-29 16:02:21,int-1,lane-E,0,30.0,0,clear,2,16,0,0.0,YELLOW,0.0,1.0,0.0
2026-07-29 16:02:21,int-1,lane-W,2,29.099999999999998,2,clear,2,16,0,0.07,RED,0.0,1.0,0.07
2026-07-29 16:02:28,int-1,lane-N,3,1.0,0,clear,2,16,0,0.0,GREEN,1977.5,6.0,0.1
2026-07-29 16:02:28,int-1,lane-S,0,29.4,0,clear,2,16,0,0.0,RED,0.0,6.0,0.0
2026-07-29 16:02:28,int-1,lane-E,0,29.4,0,clear,2,16,0,0.0,RED,0.0,6.0,0.0
2026-07-29 16:02:28,int-1,lane-W,1,29.4,1,clear,2,16,0,0.03,RED,0.0,6.0,0.03
2026-07-29 16:02:34,int-1,lane-N,4,0.5,1,clear,2,16,0,0.03,GREEN,1979.5,3.0,0.13
2026-07-29 16:02:34,int-1,lane-S,0,29.7,0,clear,2,16,0,0.0,RED,0.0,3.0,0.0
2026-07-29 16:02:34,int-1,lane-E,1,29.7,1,clear,2,16,0,0.03,RED,0.0,3.0,0.03
2026-07-29 16:02:34,int-1,lane-W,1,29.7,1,clear,2,16,0,0.03,RED,0.0,3.0,0.03
2026-07-29 16:02:41,int-1,lane-N,4,0.5,1,clear,2,16,0,0.03,YELLOW,1980.5,2.0,0.13
2026-07-29 16:02:41,int-1,lane-S,2,29.099999999999998,2,clear,2,16,0,0.07,RED,0.0,2.0,0.07
2026-07-29 16:02:41,int-1,lane-E,1,29.099999999999998,1,clear,2,16,0,0.03,RED,0.0,2.0,0.03
2026-07-29 16:02:41,int-1,lane-W,1,29.099999999999998,1,clear,2,16,0,0.03,RED,0.0,2.0,0.03
2026-07-29 16:02:48,int-1,lane-N,5,0.0,2,clear,2,16,0,0.07,RED,1982.5,6.0,0.17
2026-07-29 16:02:48,int-1,lane-S,0,29.4,0,clear,2,16,0,0.0,RED,0.0,6.0,0.0
2026-07-29 16:02:48,int-1,lane-E,0,30.0,0,clear,2,16,0,0.0,GREEN,0.0,6.0,0.0
2026-07-29 16:02:48,int-1,lane-W,2,29.4,2,clear,2,16,0,0.07,RED,0.0,6.0,0.07
2026-07-29 16:02:55,int-1,lane-N,5,0.0,2,clear,2,16,0,0.07,RED,1984.5,6.0,0.17
2026-07-29 16:02:55,int-1,lane-S,1,29.7,1,clear,2,16,0,0.03,RED,0.0,6.0,0.03
2026-07-29 16:02:55,int-1,lane-E,0,30.0,0,clear,2,16,0,0.0,GREEN,0.0,6.0,0.0
2026-07-29 16:02:55,int-1,lane-W,1,29.7,1,clear,2,16,0,0.03,RED,0.0,6.0,0.03
2026-07-29 16:03:01,int-1,lane-N,5,0.0,2,clear,2,16,0,0.07,RED,1985.5,3.0,0.17
2026-07-29 16:03:01,int-1,lane-S,0,29.099999999999998,0,clear,2,16,0,0.0,RED,0.0,3.0,0.0
2026-07-29 16:03:01,int-1,lane-E,0,30.0,0,clear,2,16,0,0.0,GREEN,0.0,3.0,0.0
2026-07-29 16:03:01,int-1,lane-W,3,29.099999999999998,3,clear,2,16,0,0.1,RED,0.0,3.0,0.1
2026-07-29 16:03:08,int-1,lane-N,7,0.0,4,clear,2,16,1,0.13,RED,1987.5,2.0,0.23
2026-07-29 16:03:08,int-1,lane-S,0,29.4,0,clear,2,16,0,0.0,RED,0.0,2.0,0.0
2026-07-29 16:03:08,int-1,lane-E,0,30.0,0,clear,2,16,0,0.0,YELLOW,0.0,2.0,0.0
2026-07-29 16:03:08,int-1,lane-W,1,29.4,1,clear,2,16,0,0.03,RED,0.0,2.0,0.03
2026-07-29 16:03:15,int-1,lane-N,4,0.5,1,clear,2,16,1,0.03,GREEN,1989.5,6.0,0.13
2026-07-29 16:03:15,int-1,lane-S,1,29.7,1,clear,2,16,0,0.03,RED,0.0,6.0,0.03
2026-07-29 16:03:15,int-1,lane-E,0,29.7,0,clear,2,16,0,0.0,RED,0.0,6.0,0.0
2026-07-29 16:03:15,int-1,lane-W,0,29.7,0,clear,2,16,0,0.0,RED,0.0,6.0,0.0
2026-07-29 16:03:23,int-1,lane-N,2,1.5,0,clear,2,16,1,0.0,GREEN,1990.5,5.0,0.07
2026-07-29 16:03:23,int-1,lane-S,1,29.099999999999998,1,clear,2,16,0,0.03,RED,0.0,5.0,0.03
2026-07-29 16:03:23,int-1,lane-E,3,29.099999999999998,3,clear,2,16,0,0.1,RED,0.0,5.0,0.1
2026-07-29 16:03:23,int-1,lane-W,1,29.099999999999998,1,clear,2,16,0,0.03,RED,0.0,5.0,0.03
2026-07-29 16:03:31,int-1,lane-N,3,1.0,0,clear,2,16,1,0.0,GREEN,1992.5,2.0,0.1
2026-07-29 16:03:31,int-1,lane-S,1,29.4,1,clear,2,16,0,0.03,RED,0.0,2.0,0.03
2026-07-29 16:03:31,int-1,lane-E,2,29.4,2,clear,2,16,0,0.07,RED,0.0,2.0,0.07
2026-07-29 16:03:31,int-1,lane-W,1,29.4,1,clear,2,16,0,0.03,RED,0.0,2.0,0.03
2026-07-29 16:03:39,int-1,lane-N,11,0.5,4,clear,2,16,1,0.13,GREEN,1994.5,6.0,0.37
2026-07-29 16:03:39,int-1,lane-S,14,29.7,6,clear,2,16,0,0.2,RED,0.0,6.0,0.47
2026-07-29 16:03:39,int-1,lane-E,21,29.7,9,clear,2,16,0,0.3,RED,0.0,6.0,0.7
2026-07-29 16:03:39,int-1,lane-W,8,29.7,4,clear,2,16,0,0.13,RED,0.0,6.0,0.27
2026-07-29 16:03:45,int-1,lane-N,2,1.5,0,clear,2,16,1,0.0,GREEN,1995.5,5.0,0.07
2026-07-29 16:03:45,int-1,lane-S,2,29.099999999999998,2,clear,2,16,0,0.07,RED,0.0,5.0,0.07
2026-07-29 16:03:45,int-1,lane-E,0,29.099999999999998,0,clear,2,16,0,0.0,RED,0.0,5.0,0.0
2026-07-29 16:03:45,int-1,lane-W,2,29.099999999999998,2,clear,2,16,0,0.07,RED,0.0,5.0,0.07
2026-07-29 16:03:53,int-1,lane-N,3,1.0,0,clear,2,16,1,0.0,GREEN,1997.5,2.0,0.1
2026-07-29 16:03:53,int-1,lane-S,0,29.4,0,clear,2,16,0,0.0,RED,0.0,2.0,0.0
2026-07-29 16:03:53,int-1,lane-E,1,29.4,1,clear,2,16,0,0.03,RED,0.0,2.0,0.03
2026-07-29 16:03:53,int-1,lane-W,1,29.4,1,clear,2,16,0,0.03,RED,0.0,2.0,0.03
2026-07-29 16:03:59,int-1,lane-N,14,0.0,6,clear,2,16,0,0.2,RED,1999.5,6.0,0.47
2026-07-29 16:03:59,int-1,lane-S,13,30.5,5,clear,2,16,0,0.17,GREEN,0.0,6.0,0.43
2026-07-29 16:03:59,int-1,lane-E,21,29.7,8,clear,2,16,0,0.27,RED,0.0,6.0,0.7
2026-07-29 16:03:59,int-1,lane-W,8,29.7,3,clear,2,16,0,0.1,RED,0.0,6.0,0.27
2026-07-29 16:04:06,int-1,lane-N,6,0.0,3,clear,2,16,0,0.1,RED,2000.5,6.0,0.2
2026-07-29 16:04:06,int-1,lane-S,0,30.0,0,clear,2,16,0,0.0,GREEN,0.0,6.0,0.0
2026-07-29 16:04:06,int-1,lane-E,0,29.099999999999998,0,clear,2,16,0,0.0,RED,0.0,6.0,0.0
2026-07-29 16:04:06,int-1,lane-W,0,29.099999999999998,0,clear,2,16,0,0.0,RED,0.0,6.0,0.0
2026-07-29 16:04:13,int-1,lane-N,7,0.0,4,clear,2,16,0,0.13,RED,2002.5,3.0,0.23
2026-07-29 16:04:13,int-1,lane-S,0,30.0,0,clear,2,16,0,0.0,GREEN,0.0,3.0,0.0
2026-07-29 16:04:13,int-1,lane-E,2,29.4,2,clear,2,16,0,0.07,RED,0.0,3.0,0.07
2026-07-29 16:04:13,int-1,lane-W,2,29.4,2,clear,2,16,0,0.07,RED,0.0,3.0,0.07
2026-07-29 16:04:21,int-1,lane-N,6,0.0,3,clear,2,16,0,0.1,RED,2004.5,2.0,0.2
2026-07-29 16:04:21,int-1,lane-S,0,30.0,0,clear,2,16,0,0.0,YELLOW,0.0,2.0,0.0
2026-07-29 16:04:21,int-1,lane-E,0,29.7,0,clear,2,16,0,0.0,RED,0.0,2.0,0.0
2026-07-29 16:04:21,int-1,lane-W,1,29.7,1,clear,2,16,0,0.03,RED,0.0,2.0,0.03
2026-07-29 16:04:28,int-1,lane-N,2,1.5,0,clear,2,16,0,0.0,GREEN,2005.5,6.0,0.07
2026-07-29 16:04:28,int-1,lane-S,2,29.099999999999998,2,clear,2,16,0,0.07,RED,0.0,6.0,0.07
2026-07-29 16:04:28,int-1,lane-E,0,29.099999999999998,0,clear,2,16,0,0.0,RED,0.0,6.0,0.0
2026-07-29 16:04:28,int-1,lane-W,0,29.099999999999998,0,clear,2,16,0,0.0,RED,0.0,6.0,0.0
2026-07-29 16:04:34,int-1,lane-N,3,1.0,0,clear,2,16,0,0.0,GREEN,2007.5,4.0,0.1
2026-07-29 16:04:34,int-1,lane-S,0,29.4,0,clear,2,16,0,0.0,RED,0.0,4.0,0.0
2026-07-29 16:04:34,int-1,lane-E,0,29.4,0,clear,2,16,0,0.0,RED,0.0,4.0,0.0
2026-07-29 16:04:34,int-1,lane-W,0,29.4,0,clear,2,16,0,0.0,RED,0.0,4.0,0.0
2026-07-29 16:04:42,int-1,lane-N,5,0.0,2,clear,2,16,0,0.07,YELLOW,2009.5,2.0,0.17
2026-07-29 16:04:42,int-1,lane-S,0,29.7,0,clear,2,16,0,0.0,RED,0.0,2.0,0.0
2026-07-29 16:04:42,int-1,lane-E,1,29.7,1,clear,2,16,0,0.03,RED,0.0,2.0,0.03
2026-07-29 16:04:42,int-1,lane-W,1,29.7,1,clear,2,16,0,0.03,RED,0.0,2.0,0.03
2026-07-29 16:04:48,int-1,lane-N,17,0.0,8,clear,2,16,0,0.27,RED,2010.5,6.0,0.57
2026-07-29 16:04:48,int-1,lane-S,13,31.5,3,clear,2,16,0,0.1,GREEN,0.0,6.0,0.43
2026-07-29 16:04:48,int-1,lane-E,21,29.099999999999998,8,clear,2,16,0,0.27,RED,0.0,6.0,0.7
2026-07-29 16:04:48,int-1,lane-W,8,29.099999999999998,4,clear,2,16,0,0.13,RED,0.0,6.0,0.27
2026-07-29 16:04:56,int-1,lane-N,6,0.0,3,clear,2,16,0,0.1,RED,2012.5,6.0,0.2
2026-07-29 16:04:56,int-1,lane-S,0,30.0,0,clear,2,16,0,0.0,GREEN,0.0,6.0,0.0
2026-07-29 16:04:56,int-1,lane-E,2,29.4,2,clear,2,16,0,0.07,RED,0.0,6.0,0.07
2026-07-29 16:04:56,int-1,lane-W,1,29.4,1,clear,2,16,0,0.03,RED,0.0,6.0,0.03
2026-07-29 16:05:03,int-1,lane-N,6,0.0,3,clear,2,16,0,0.1,RED,2014.5,3.0,0.2
2026-07-29 16:05:03,int-1,lane-S,0,30.0,0,clear,2,16,0,0.0,GREEN,0.0,3.0,0.0
2026-07-29 16:05:03,int-1,lane-E,1,29.7,1,clear,2,16,0,0.03,RED,0.0,3.0,0.03
2026-07-29 16:05:03,int-1,lane-W,0,29.7,0,clear,2,16,0,0.0,RED,0.0,3.0,0.0
2026-07-29 16:05:09,int-1,lane-N,5,0.0,2,clear,2,16,0,0.07,RED,2015.5,2.0,0.17
2026-07-29 16:05:09,int-1,lane-S,0,30.0,0,clear,2,16,0,0.0,YELLOW,0.0,2.0,0.0
2026-07-29 16:05:09,int-1,lane-E,0,29.099999999999998,0,clear,2,16,0,0.0,RED,0.0,2.0,0.0
2026-07-29 16:05:09,int-1,lane-W,0,29.099999999999998,0,clear,2,16,0,0.0,RED,0.0,2.0,0.0
2026-07-29 16:05:16,int-1,lane-N,3,1.0,0,clear,2,16,0,0.0,GREEN,2017.5,6.0,0.1
2026-07-29 16:05:16,int-1,lane-S,1,29.4,1,clear,2,16,0,0.03,RED,0.0,6.0,0.03
2026-07-29 16:05:16,int-1,lane-E,0,29.4,0,clear,2,16,0,0.0,RED,0.0,6.0,0.0
2026-07-29 16:05:16,int-1,lane-W,0,29.4,0,clear,2,16,0,0.0,RED,0.0,6.0,0.0
2026-07-29 16:05:23,int-1,lane-N,4,0.5,1,clear,2,16,0,0.03,GREEN,2019.5,3.0,0.13
2026-07-29 16:05:23,int-1,lane-S,0,29.7,0,clear,2,16,0,0.0,RED,0.0,3.0,0.0
2026-07-29 16:05:23,int-1,lane-E,0,29.7,0,clear,2,16,0,0.0,RED,0.0,3.0,0.0
2026-07-29 16:05:23,int-1,lane-W,0,29.7,0,clear,2,16,0,0.0,RED,0.0,3.0,0.0
2026-07-29 16:05:30,int-1,lane-N,4,0.5,1,clear,2,16,0,0.03,YELLOW,2020.5,2.0,0.13
2026-07-29 16:05:30,int-1,lane-S,1,29.099999999999998,1,clear,2,16,0,0.03,RED,0.0,2.0,0.03
2026-07-29 16:05:30,int-1,lane-E,1,29.099999999999998,1,clear,2,16,0,0.03,RED,0.0,2.0,0.03
2026-07-29 16:05:30,int-1,lane-W,1,29.099999999999998,1,clear,2,16,0,0.03,RED,0.0,2.0,0.03
2026-07-29 16:05:38,int-1,lane-N,5,0.0,2,clear,2,16,0,0.07,RED,2022.5,6.0,0.17
2026-07-29 16:05:38,int-1,lane-S,0,30.0,0,clear,2,16,0,0.0,GREEN,0.0,6.0,0.0
2026-07-29 16:05:38,int-1,lane-E,0,29.4,0,clear,2,16,0,0.0,RED,0.0,6.0,0.0
2026-07-29 16:05:38,int-1,lane-W,1,29.4,1,clear,2,16,0,0.03,RED,0.0,6.0,0.03
2026-07-29 16:05:46,int-1,lane-N,5,0.0,2,clear,2,16,0,0.07,RED,2024.5,3.0,0.17
2026-07-29 16:05:46,int-1,lane-S,0,30.0,0,clear,2,16,0,0.0,GREEN,0.0,3.0,0.0
2026-07-29 16:05:46,int-1,lane-E,0,29.7,0,clear,2,16,0,0.0,RED,0.0,3.0,0.0
2026-07-29 16:05:46,int-1,lane-W,1,29.7,1,clear,2,16,0,0.03,RED,0.0,3.0,0.03
2026-07-29 16:05:54,int-1,lane-N,6,0.0,3,clear,2,16,0,0.1,RED,2025.5,2.0,0.2
2026-07-29 16:05:54,int-1,lane-S,0,30.0,0,clear,2,16,0,0.0,YELLOW,0.0,2.0,0.0
2026-07-29 16:05:54,int-1,lane-E,2,29.099999999999998,2,clear,2,16,0,0.07,RED,0.0,2.0,0.07
2026-07-29 16:05:54,int-1,lane-W,2,29.099999999999998,2,clear,2,16,0,0.07,RED,0.0,2.0,0.07
2026-07-29 16:06:01,int-1,lane-N,3,1.0,0,clear,2,16,0,0.0,GREEN,2027.5,6.0,0.1
2026-07-29 16:06:01,int-1,lane-S,1,29.4,1,clear,2,16,0,0.03,RED,0.0,6.0,0.03
2026-07-29 16:06:01,int-1,lane-E,0,29.4,0,clear,2,16,0,0.0,RED,0.0,6.0,0.0
2026-07-29 16:06:01,int-1,lane-W,1,29.4,1,clear,2,16,0,0.03,RED,0.0,6.0,0.03
2026-07-29 16:06:08,int-1,lane-N,4,0.5,1,clear,2,16,0,0.03,GREEN,2029.5,4.0,0.13
2026-07-29 16:06:08,int-1,lane-S,1,29.7,1,clear,2,16,0,0.03,RED,0.0,4.0,0.03
2026-07-29 16:06:08,int-1,lane-E,1,29.7,1,clear,2,16,0,0.03,RED,0.0,4.0,0.03
2026-07-29 16:06:08,int-1,lane-W,1,29.7,1,clear,2,16,0,0.03,RED,0.0,4.0,0.03
2026-07-29 16:06:16,int-1,lane-N,3,1.0,0,clear,2,16,0,0.0,YELLOW,2030.5,2.0,0.1
2026-07-29 16:06:16,int-1,lane-S,2,29.099999999999998,2,clear,2,16,0,0.07,RED,0.0,2.0,0.07
2026-07-29 16:06:16,int-1,lane-E,1,29.099999999999998,1,clear,2,16,0,0.03,RED,0.0,2.0,0.03
2026-07-29 16:06:16,int-1,lane-W,1,29.099999999999998,1,clear,2,16,0,0.03,RED,0.0,2.0,0.03
2026-07-29 16:06:24,int-1,lane-N,5,0.0,2,clear,2,16,0,0.07,RED,2032.5,6.0,0.17
2026-07-29 16:06:24,int-1,lane-S,1,29.4,1,clear,2,16,0,0.03,RED,0.0,6.0,0.03
2026-07-29 16:06:24,int-1,lane-E,0,30.0,0,clear,2,16,0,0.0,GREEN,0.0,6.0,0.0
2026-07-29 16:06:24,int-1,lane-W,2,29.4,2,clear,2,16,0,0.07,RED,0.0,6.0,0.07
2026-07-29 16:06:31,int-1,lane-N,6,0.0,3,clear,2,16,1,0.1,RED,2034.5,6.0,0.2
2026-07-29 16:06:31,int-1,lane-S,0,29.7,0,clear,2,16,0,0.0,RED,0.0,6.0,0.0
2026-07-29 16:06:31,int-1,lane-E,0,30.0,0,clear,2,16,0,0.0,GREEN,0.0,6.0,0.0
2026-07-29 16:06:31,int-1,lane-W,1,29.7,1,clear,2,16,0,0.03,RED,0.0,6.0,0.03
2026-07-29 16:06:38,int-1,lane-N,6,0.0,3,clear,2,16,1,0.1,RED,2035.5,5.0,0.2
2026-07-29 16:06:38,int-1,lane-S,1,29.099999999999998,1,clear,2,16,0,0.03,RED,0.0,5.0,0.03
2026-07-29 16:06:38,int-1,lane-E,0,30.0,0,clear,2,16,0,0.0,GREEN,0.0,5.0,0.0
2026-07-29 16:06:38,int-1,lane-W,1,29.099999999999998,1,clear,2,16,0,0.03,RED,0.0,5.0,0.03
2026-07-29 16:06:44,int-1,lane-N,7,0.0,4,clear,2,16,1,0.13,RED,2037.5,2.0,0.23
2026-07-29 16:06:44,int-1,lane-S,1,29.4,1,clear,2,16,0,0.03,RED,0.0,2.0,0.03
2026-07-29 16:06:44,int-1,lane-E,0,30.0,0,clear,2,16,0,0.0,GREEN,0.0,2.0,0.0
2026-07-29 16:06:44,int-1,lane-W,0,29.4,0,clear,2,16,0,0.0,RED,0.0,2.0,0.0
2026-07-29 16:06:52,int-1,lane-N,5,0.0,2,clear,2,16,0,0.07,RED,2039.5,1.0,0.17
2026-07-29 16:06:52,int-1,lane-S,0,29.7,0,clear,2,16,0,0.0,RED,0.0,1.0,0.0
2026-07-29 16:06:52,int-1,lane-E,0,30.0,0,clear,2,16,0,0.0,YELLOW,0.0,1.0,0.0
2026-07-29 16:06:52,int-1,lane-W,1,29.7,1,clear,2,16,0,0.03,RED,0.0,1.0,0.03
2026-07-29 16:06:59,int-1,lane-N,2,1.5,0,clear,2,16,0,0.0,GREEN,2040.5,5.0,0.07
2026-07-29 16:06:59,int-1,lane-S,2,29.099999999999998,2,clear,2,16,0,0.07,RED,0.0,5.0,0.07
2026-07-29 16:06:59,int-1,lane-E,0,29.099999999999998,0,clear,2,16,0,0.0,RED,0.0,5.0,0.0
2026-07-29 16:06:59,int-1,lane-W,2,29.099999999999998,2,clear,2,16,0,0.07,RED,0.0,5.0,0.07
2026-07-29 16:07:05,int-1,lane-N,3,1.0,0,clear,2,16,0,0.0,GREEN,2042.5,2.0,0.1
2026-07-29 16:07:05,int-1,lane-S,1,29.4,1,clear,2,16,0,0.03,RED,0.0,2.0,0.03
2026-07-29 16:07:05,int-1,lane-E,0,29.4,0,clear,2,16,0,0.0,RED,0.0,2.0,0.0
2026-07-29 16:07:05,int-1,lane-W,0,29.4,0,clear,2,16,0,0.0,RED,0.0,2.0,0.0
2026-07-29 16:07:13,int-1,lane-N,13,0.0,5,clear,2,16,0,0.17,RED,2044.5,6.0,0.43
2026-07-29 16:07:13,int-1,lane-S,13,30.5,5,clear,2,16,0,0.17,GREEN,0.0,6.0,0.43
2026-07-29 16:07:13,int-1,lane-E,18,29.7,7,clear,2,16,0,0.23,RED,0.0,6.0,0.6
2026-07-29 16:07:13,int-1,lane-W,6,29.7,2,clear,2,16,0,0.07,RED,0.0,6.0,0.2
2026-07-29 16:07:19,int-1,lane-N,6,0.0,3,clear,2,16,0,0.1,RED,2045.5,6.0,0.2
2026-07-29 16:07:19,int-1,lane-S,0,30.0,0,clear,2,16,0,0.0,GREEN,0.0,6.0,0.0
2026-07-29 16:07:19,int-1,lane-E,1,29.099999999999998,1,clear,2,16,0,0.03,RED,0.0,6.0,0.03
2026-07-29 16:07:19,int-1,lane-W,0,29.099999999999998,0,clear,2,16,0,0.0,RED,0.0,6.0,0.0
2026-07-29 16:07:27,int-1,lane-N,7,0.0,4,clear,2,16,0,0.13,RED,2047.5,3.0,0.23
2026-07-29 16:07:27,int-1,lane-S,0,30.0,0,clear,2,16,0,0.0,GREEN,0.0,3.0,0.0
2026-07-29 16:07:27,int-1,lane-E,0,29.4,0,clear,2,16,0,0.0,RED,0.0,3.0,0.0
2026-07-29 16:07:27,int-1,lane-W,2,29.4,2,clear,2,16,0,0.07,RED,0.0,3.0,0.07
2026-07-29 16:07:36,int-1,lane-N,6,0.0,3,clear,2,16,0,0.1,RED,2049.5,2.0,0.2
2026-07-29 16:07:36,int-1,lane-S,0,30.0,0,clear,2,16,0,0.0,YELLOW,0.0,2.0,0.0
2026-07-29 16:07:36,int-1,lane-E,0,29.7,0,clear,2,16,0,0.0,RED,0.0,2.0,0.0
2026-07-29 16:07:36,int-1,lane-W,1,29.7,1,clear,2,16,0,0.03,RED,0.0,2.0,0.03
2026-07-29 16:07:43,int-1,lane-N,2,1.5,0,clear,2,16,0,0.0,GREEN,2050.5,6.0,0.07
2026-07-29 16:07:43,int-1,lane-S,1,29.099999999999998,1,clear,2,16,0,0.03,RED,0.0,6.0,0.03
2026-07-29 16:07:43,int-1,lane-E,1,29.099999999999998,1,clear,2,16,0,0.03,RED,0.0,6.0,0.03
2026-07-29 16:07:43,int-1,lane-W,0,29.099999999999998,0,clear,2,16,0,0.0,RED,0.0,6.0,0.0
2026-07-29 16:07:49,int-1,lane-N,3,1.0,0,clear,2,16,0,0.0,GREEN,2052.5,3.0,0.1
2026-07-29 16:07:49,int-1,lane-S,1,29.4,1,clear,2,16,0,0.03,RED,0.0,3.0,0.03
2026-07-29 16:07:49,int-1,lane-E,1,29.4,1,clear,2,16,0,0.03,RED,0.0,3.0,0.03
2026-07-29 16:07:49,int-1,lane-W,1,29.4,1,clear,2,16,0,0.03,RED,0.0,3.0,0.03
2026-07-29 16:07:57,int-1,lane-N,5,0.0,2,clear,2,16,0,0.07,YELLOW,2054.5,2.0,0.17
2026-07-29 16:07:57,int-1,lane-S,1,29.7,1,clear,2,16,0,0.03,RED,0.0,2.0,0.03
2026-07-29 16:07:57,int-1,lane-E,0,29.7,0,clear,2,16,0,0.0,RED,0.0,2.0,0.0
2026-07-29 16:07:57,int-1,lane-W,0,29.7,0,clear,2,16,0,0.0,RED,0.0,2.0,0.0
2026-07-29 16:08:03,int-1,lane-N,5,0.0,2,clear,2,16,0,0.07,RED,2055.5,6.0,0.17
2026-07-29 16:08:03,int-1,lane-S,0,30.0,0,clear,2,16,0,0.0,GREEN,0.0,6.0,0.0
2026-07-29 16:08:03,int-1,lane-E,0,29.099999999999998,0,clear,2,16,0,0.0,RED,0.0,6.0,0.0
2026-07-29 16:08:03,int-1,lane-W,1,29.099999999999998,1,clear,2,16,0,0.03,RED,0.0,6.0,0.03
2026-07-29 16:08:09,int-1,lane-N,7,0.0,4,clear,2,16,0,0.13,RED,2057.5,4.0,0.23
2026-07-29 16:08:09,int-1,lane-S,0,30.0,0,clear,2,16,0,0.0,GREEN,0.0,4.0,0.0
2026-07-29 16:08:09,int-1,lane-E,0,29.4,0,clear,2,16,0,0.0,RED,0.0,4.0,0.0
2026-07-29 16:08:09,int-1,lane-W,1,29.4,1,clear,2,16,0,0.03,RED,0.0,4.0,0.03
2026-07-29 16:08:17,int-1,lane-N,5,0.0,2,clear,2,16,0,0.07,RED,2059.5,1.0,0.17
2026-07-29 16:08:17,int-1,lane-S,0,30.0,0,clear,2,16,0,0.0,GREEN,0.0,1.0,0.0
2026-07-29 16:08:17,int-1,lane-E,0,29.7,0,clear,2,16,0,0.0,RED,0.0,1.0,0.0
2026-07-29 16:08:17,int-1,lane-W,0,29.7,0,clear,2,16,0,0.0,RED,0.0,1.0,0.0
2026-07-29 16:08:24,int-1,lane-N,12,1.0,4,clear,2,16,0,0.13,GREEN,2060.5,6.0,0.4
2026-07-29 16:08:24,int-1,lane-S,14,29.4,6,clear,2,16,0,0.2,RED,0.0,6.0,0.47
2026-07-29 16:08:24,int-1,lane-E,23,29.099999999999998,9,clear,2,16,0,0.3,RED,0.0,6.0,0.77
2026-07-29 16:08:24,int-1,lane-W,9,29.099999999999998,4,clear,2,16,0,0.13,RED,0.0,6.0,0.3
2026-07-29 16:08:30,int-1,lane-N,3,1.0,0,clear,2,16,0,0.0,GREEN,2062.5,5.0,0.1
2026-07-29 16:08:30,int-1,lane-S,2,29.4,2,clear,2,16,0,0.07,RED,0.0,5.0,0.07
2026-07-29 16:08:30,int-1,lane-E,1,29.4,1,clear,2,16,0,0.03,RED,0.0,5.0,0.03
2026-07-29 16:08:30,int-1,lane-W,2,29.4,2,clear,2,16,0,0.07,RED,0.0,5.0,0.07
2026-07-29 16:08:37,int-1,lane-N,4,0.5,1,clear,2,16,0,0.03,GREEN,2064.5,2.0,0.13
2026-07-29 16:08:37,int-1,lane-S,0,29.7,0,clear,2,16,0,0.0,RED,0.0,2.0,0.0
2026-07-29 16:08:37,int-1,lane-E,0,29.7,0,clear,2,16,0,0.0,RED,0.0,2.0,0.0
2026-07-29 16:08:37,int-1,lane-W,0,29.7,0,clear,2,16,0,0.0,RED,0.0,2.0,0.0
2026-07-29 16:08:47,int-1,lane-N,5,0.0,2,clear,2,16,0,0.07,YELLOW,2065.5,1.0,0.17
2026-07-29 16:08:47,int-1,lane-S,0,29.099999999999998,0,clear,2,16,0,0.0,RED,0.0,1.0,0.0
2026-07-29 16:08:47,int-1,lane-E,0,29.099999999999998,0,clear,2,16,0,0.0,RED,0.0,1.0,0.0
2026-07-29 16:08:47,int-1,lane-W,1,29.099999999999998,1,clear,2,16,0,0.03,RED,0.0,1.0,0.03
2026-07-29 16:08:58,int-1,lane-N,6,0.0,3,clear,2,16,0,0.1,RED,2067.5,6.0,0.2
2026-07-29 16:08:58,int-1,lane-S,0,30.0,0,clear,2,16,0,0.0,GREEN,0.0,6.0,0.0
2026-07-29 16:08:58,int-1,lane-E,0,29.4,0,clear,2,16,0,0.0,RED,0.0,6.0,0.0
2026-07-29 16:08:58,int-1,lane-W,1,29.4,1,clear,2,16,0,0.03,RED,0.0,6.0,0.03
2026-07-29 16:09:06,int-1,lane-N,5,0.0,2,clear,2,16,0,0.07,RED,2069.5,5.0,0.17
2026-07-29 16:09:06,int-1,lane-S,0,30.0,0,clear,2,16,0,0.0,GREEN,0.0,5.0,0.0
2026-07-29 16:09:06,int-1,lane-E,1,29.7,1,clear,2,16,0,0.03,RED,0.0,5.0,0.03
2026-07-29 16:09:06,int-1,lane-W,0,29.7,0,clear,2,16,0,0.0,RED,0.0,5.0,0.0
2026-07-29 16:09:13,int-1,lane-N,7,0.0,4,clear,2,16,0,0.13,RED,2070.5,2.0,0.23
2026-07-29 16:09:13,int-1,lane-S,0,30.0,0,clear,2,16,0,0.0,GREEN,0.0,2.0,0.0
2026-07-29 16:09:13,int-1,lane-E,1,29.099999999999998,1,clear,2,16,0,0.03,RED,0.0,2.0,0.03
2026-07-29 16:09:13,int-1,lane-W,1,29.099999999999998,1,clear,2,16,0,0.03,RED,0.0,2.0,0.03
2026-07-29 16:09:20,int-1,lane-N,12,0.5,4,clear,2,16,1,0.13,GREEN,2072.5,6.0,0.4
2026-07-29 16:09:20,int-1,lane-S,16,29.7,7,clear,2,16,0,0.23,RED,0.0,6.0,0.53
2026-07-29 16:09:20,int-1,lane-E,21,29.4,9,clear,2,16,0,0.3,RED,0.0,6.0,0.7
2026-07-29 16:09:20,int-1,lane-W,7,29.4,3,clear,2,16,0,0.1,RED,0.0,6.0,0.23
2026-07-29 16:09:28,int-1,lane-N,4,0.5,1,clear,2,16,1,0.03,GREEN,2074.5,5.0,0.13
2026-07-29 16:09:28,int-1,lane-S,0,29.7,0,clear,2,16,0,0.0,RED,0.0,5.0,0.0
2026-07-29 16:09:28,int-1,lane-E,1,29.7,1,clear,2,16,0,0.03,RED,0.0,5.0,0.03
2026-07-29 16:09:28,int-1,lane-W,0,29.7,0,clear,2,16,0,0.0,RED,0.0,5.0,0.0
2026-07-29 16:09:34,int-1,lane-N,2,1.5,0,clear,2,16,1,0.0,GREEN,2075.5,2.0,0.07
2026-07-29 16:09:34,int-1,lane-S,0,29.099999999999998,0,clear,2,16,0,0.0,RED,0.0,2.0,0.0
2026-07-29 16:09:34,int-1,lane-E,1,29.099999999999998,1,clear,2,16,0,0.03,RED,0.0,2.0,0.03
2026-07-29 16:09:34,int-1,lane-W,0,29.099999999999998,0,clear,2,16,0,0.0,RED,0.0,2.0,0.0
2026-07-29 16:09:41,int-1,lane-N,5,0.0,2,clear,2,16,1,0.07,YELLOW,2077.5,1.0,0.17
2026-07-29 16:09:41,int-1,lane-S,1,29.4,1,clear,2,16,0,0.03,RED,0.0,1.0,0.03
2026-07-29 16:09:41,int-1,lane-E,0,29.4,0,clear,2,16,0,0.0,RED,0.0,1.0,0.0
2026-07-29 16:09:41,int-1,lane-W,1,29.4,1,clear,2,16,0,0.03,RED,0.0,1.0,0.03
2026-07-29 16:09:49,int-1,lane-N,4,0.5,1,clear,2,16,0,0.03,GREEN,2079.5,6.0,0.13
2026-07-29 16:09:49,int-1,lane-S,0,29.7,0,clear,2,16,0,0.0,RED,0.0,6.0,0.0
2026-07-29 16:09:49,int-1,lane-E,1,29.7,1,clear,2,16,0,0.03,RED,0.0,6.0,0.03
2026-07-29 16:09:49,int-1,lane-W,1,29.7,1,clear,2,16,0,0.03,RED,0.0,6.0,0.03
2026-07-29 16:09:55,int-1,lane-N,2,1.5,0,clear,2,16,0,0.0,GREEN,2080.5,3.0,0.07
2026-07-29 16:09:55,int-1,lane-S,1,29.099999999999998,1,clear,2,16,0,0.03,RED,0.0,3.0,0.03
2026-07-29 16:09:55,int-1,lane-E,2,29.099999999999998,2,clear,2,16,0,0.07,RED,0.0,3.0,0.07
2026-07-29 16:09:55,int-1,lane-W,3,29.099999999999998,3,clear,2,16,0,0.1,RED,0.0,3.0,0.1
2026-07-29 16:10:02,int-1,lane-N,5,0.0,2,clear,2,16,0,0.07,YELLOW,2082.5,2.0,0.17
2026-07-29 16:10:02,int-1,lane-S,1,29.4,1,clear,2,16,0,0.03,RED,0.0,2.0,0.03
2026-07-29 16:10:02,int-1,lane-E,2,29.4,2,clear,2,16,0,0.07,RED,0.0,2.0,0.07
2026-07-29 16:10:02,int-1,lane-W,1,29.4,1,clear,2,16,0,0.03,RED,0.0,2.0,0.03
2026-07-29 16:10:10,int-1,lane-N,5,0.0,2,clear,2,16,0,0.07,RED,2084.5,6.0,0.17
2026-07-29 16:10:10,int-1,lane-S,0,30.0,0,clear,2,16,0,0.0,GREEN,0.0,6.0,0.0
2026-07-29 16:10:10,int-1,lane-E,0,29.7,0,clear,2,16,0,0.0,RED,0.0,6.0,0.0
2026-07-29 16:10:10,int-1,lane-W,0,29.7,0,clear,2,16,0,0.0,RED,0.0,6.0,0.0
2026-07-29 16:10:16,int-1,lane-N,7,0.0,4,clear,2,16,0,0.13,RED,2085.5,4.0,0.23
2026-07-29 16:10:16,int-1,lane-S,0,30.0,0,clear,2,16,0,0.0,GREEN,0.0,4.0,0.0
2026-07-29 16:10:16,int-1,lane-E,1,29.099999999999998,1,clear,2,16,0,0.03,RED,0.0,4.0,0.03
2026-07-29 16:10:16,int-1,lane-W,2,29.099999999999998,2,clear,2,16,0,0.07,RED,0.0,4.0,0.07
2026-07-29 16:10:23,int-1,lane-N,6,0.0,3,clear,2,16,0,0.1,RED,2087.5,1.0,0.2
2026-07-29 16:10:23,int-1,lane-S,0,30.0,0,clear,2,16,0,0.0,GREEN,0.0,1.0,0.0
2026-07-29 16:10:23,int-1,lane-E,1,29.4,1,clear,2,16,0,0.03,RED,0.0,1.0,0.03
2026-07-29 16:10:23,int-1,lane-W,0,29.4,0,clear,2,16,0,0.0,RED,0.0,1.0,0.0
2026-07-29 16:10:30,int-1,lane-N,4,0.5,1,clear,2,16,0,0.03,GREEN,2089.5,6.0,0.13
2026-07-29 16:10:30,int-1,lane-S,0,29.7,0,clear,2,16,0,0.0,RED,0.0,6.0,0.0
2026-07-29 16:10:30,int-1,lane-E,1,29.7,1,clear,2,16,0,0.03,RED,0.0,6.0,0.03
2026-07-29 16:10:30,int-1,lane-W,1,29.7,1,clear,2,16,0,0.03,RED,0.0,6.0,0.03
2026-07-29 16:10:36,int-1,lane-N,2,1.5,0,clear,2,16,0,0.0,GREEN,2090.5,5.0,0.07
2026-07-29 16:10:36,int-1,lane-S,1,29.099999999999998,1,clear,2,16,0,0.03,RED,0.0,5.0,0.03
2026-07-29 16:10:36,int-1,lane-E,2,29.099999999999998,2,clear,2,16,0,0.07,RED,0.0,5.0,0.07
2026-07-29 16:10:36,int-1,lane-W,1,29.099999999999998,1,clear,2,16,0,0.03,RED,0.0,5.0,0.03
2026-07-29 16:10:44,int-1,lane-N,3,1.0,0,clear,2,16,0,0.0,GREEN,2092.5,2.0,0.1
2026-07-29 16:10:44,int-1,lane-S,1,29.4,1,clear,2,16,0,0.03,RED,0.0,2.0,0.03
2026-07-29 16:10:44,int-1,lane-E,1,29.4,1,clear,2,16,0,0.03,RED,0.0,2.0,0.03
2026-07-29 16:10:44,int-1,lane-W,0,29.4,0,clear,2,16,0,0.0,RED,0.0,2.0,0.0
2026-07-29 16:10:51,int-1,lane-N,5,0.0,2,clear,2,16,1,0.07,YELLOW,2094.5,1.0,0.17
2026-07-29 16:10:51,int-1,lane-S,1,29.7,1,clear,2,16,0,0.03,RED,0.0,1.0,0.03
2026-07-29 16:10:51,int-1,lane-E,0,29.7,0,clear,2,16,0,0.0,RED,0.0,1.0,0.0
2026-07-29 16:10:51,int-1,lane-W,1,29.7,1,clear,2,16,0,0.03,RED,0.0,1.0,0.03
2026-07-29 16:10:57,int-1,lane-N,2,1.5,0,clear,2,16,1,0.0,GREEN,2095.5,6.0,0.07
2026-07-29 16:10:57,int-1,lane-S,2,29.099999999999998,2,clear,2,16,0,0.07,RED,0.0,6.0,0.07
2026-07-29 16:10:57,int-1,lane-E,0,29.099999999999998,0,clear,2,16,0,0.0,RED,0.0,6.0,0.0
2026-07-29 16:10:57,int-1,lane-W,1,29.099999999999998,1,clear,2,16,0,0.03,RED,0.0,6.0,0.03
2026-07-29 16:11:03,int-1,lane-N,3,1.0,0,clear,2,16,1,0.0,GREEN,2097.5,3.0,0.1
2026-07-29 16:11:03,int-1,lane-S,0,29.4,0,clear,2,16,0,0.0,RED,0.0,3.0,0.0
2026-07-29 16:11:03,int-1,lane-E,1,29.4,1,clear,2,16,0,0.03,RED,0.0,3.0,0.03
2026-07-29 16:11:03,int-1,lane-W,1,29.4,1,clear,2,16,0,0.03,RED,0.0,3.0,0.03
2026-07-29 16:11:11,int-1,lane-N,5,0.0,2,clear,2,16,0,0.07,YELLOW,2099.5,2.0,0.17
2026-07-29 16:11:11,int-1,lane-S,1,29.7,1,clear,2,16,0,0.03,RED,0.0,2.0,0.03
2026-07-29 16:11:11,int-1,lane-E,1,29.7,1,clear,2,16,0,0.03,RED,0.0,2.0,0.03
2026-07-29 16:11:11,int-1,lane-W,1,29.7,1,clear,2,16,0,0.03,RED,0.0,2.0,0.03
2026-07-29 16:11:17,int-1,lane-N,5,0.0,2,clear,2,16,0,0.07,RED,2100.5,4.0,0.17
2026-07-29 16:11:17,int-1,lane-S,1,29.099999999999998,1,clear,2,16,0,0.03,RED,0.0,4.0,0.03
2026-07-29 16:11:17,int-1,lane-E,1,29.099999999999998,1,clear,2,16,0,0.03,RED,0.0,4.0,0.03
2026-07-29 16:11:17,int-1,lane-W,0,30.0,0,clear,2,16,0,0.0,GREEN,0.0,4.0,0.0
2026-07-29 16:11:24,int-1,lane-N,5,0.0,2,clear,2,16,0,0.07,RED,2102.5,2.0,0.17
2026-07-29 16:11:24,int-1,lane-S,1,29.4,1,clear,2,16,0,0.03,RED,0.0,2.0,0.03
2026-07-29 16:11:24,int-1,lane-E,0,29.4,0,clear,2,16,0,0.0,RED,0.0,2.0,0.0
2026-07-29 16:11:24,int-1,lane-W,0,30.0,0,clear,2,16,0,0.0,YELLOW,0.0,2.0,0.0
2026-07-29 16:11:31,int-1,lane-N,4,0.5,1,clear,2,16,0,0.03,GREEN,2104.5,6.0,0.13
2026-07-29 16:11:31,int-1,lane-S,1,29.7,1,clear,2,16,0,0.03,RED,0.0,6.0,0.03
2026-07-29 16:11:31,int-1,lane-E,1,29.7,1,clear,2,16,0,0.03,RED,0.0,6.0,0.03
2026-07-29 16:11:31,int-1,lane-W,0,29.7,0,clear,2,16,0,0.0,RED,0.0,6.0,0.0
2026-07-29 16:11:37,int-1,lane-N,2,1.5,0,clear,2,16,0,0.0,GREEN,2105.5,4.0,0.07
2026-07-29 16:11:37,int-1,lane-S,3,29.099999999999998,3,clear,2,16,0,0.1,RED,0.0,4.0,0.1
2026-07-29 16:11:37,int-1,lane-E,0,29.099999999999998,0,clear,2,16,0,0.0,RED,0.0,4.0,0.0
2026-07-29 16:11:37,int-1,lane-W,1,29.099999999999998,1,clear,2,16,0,0.03,RED,0.0,4.0,0.03
2026-07-29 16:11:46,int-1,lane-N,3,1.0,0,clear,2,16,0,0.0,GREEN,2107.5,1.0,0.1
2026-07-29 16:11:46,int-1,lane-S,0,29.4,0,clear,2,16,0,0.0,RED,0.0,1.0,0.0
2026-07-29 16:11:46,int-1,lane-E,1,29.4,1,clear,2,16,0,0.03,RED,0.0,1.0,0.03
2026-07-29 16:11:46,int-1,lane-W,2,29.4,2,clear,2,16,0,0.07,RED,0.0,1.0,0.07
2026-07-29 16:11:52,int-1,lane-N,6,0.0,3,clear,2,16,0,0.1,RED,2109.5,6.0,0.2
2026-07-29 16:11:52,int-1,lane-S,0,30.0,0,clear,2,16,0,0.0,GREEN,0.0,6.0,0.0
2026-07-29 16:11:52,int-1,lane-E,0,29.7,0,clear,2,16,0,0.0,RED,0.0,6.0,0.0
2026-07-29 16:11:52,int-1,lane-W,0,29.7,0,clear,2,16,0,0.0,RED,0.0,6.0,0.0
2026-07-29 16:11:58,int-1,lane-N,6,0.0,3,clear,2,16,0,0.1,RED,2110.5,6.0,0.2
2026-07-29 16:11:58,int-1,lane-S,0,30.0,0,clear,2,16,0,0.0,GREEN,0.0,6.0,0.0
2026-07-29 16:11:58,int-1,lane-E,1,29.099999999999998,1,clear,2,16,0,0.03,RED,0.0,6.0,0.03
2026-07-29 16:11:58,int-1,lane-W,1,29.099999999999998,1,clear,2,16,0,0.03,RED,0.0,6.0,0.03
2026-07-29 16:12:06,int-1,lane-N,6,0.0,3,clear,2,16,0,0.1,RED,2112.5,4.0,0.2
2026-07-29 16:12:06,int-1,lane-S,0,30.0,0,clear,2,16,0,0.0,GREEN,0.0,4.0,0.0
2026-07-29 16:12:06,int-1,lane-E,0,29.4,0,clear,2,16,0,0.0,RED,0.0,4.0,0.0
2026-07-29 16:12:06,int-1,lane-W,1,29.4,1,clear,2,16,0,0.03,RED,0.0,4.0,0.03
2026-07-29 16:12:13,int-1,lane-N,5,0.0,2,clear,2,16,0,0.07,RED,2114.5,2.0,0.17
2026-07-29 16:12:13,int-1,lane-S,0,30.0,0,clear,2,16,0,0.0,YELLOW,0.0,2.0,0.0
2026-07-29 16:12:13,int-1,lane-E,0,29.7,0,clear,2,16,0,0.0,RED,0.0,2.0,0.0
2026-07-29 16:12:13,int-1,lane-W,0,29.7,0,clear,2,16,0,0.0,RED,0.0,2.0,0.0
2026-07-29 16:12:19,int-1,lane-N,10,1.5,2,clear,2,16,0,0.07,GREEN,2115.5,6.0,0.33
2026-07-29 16:12:19,int-1,lane-S,16,29.099999999999998,7,clear,2,16,0,0.23,RED,0.0,6.0,0.53
2026-07-29 16:12:19,int-1,lane-E,20,29.099999999999998,9,clear,2,16,0,0.3,RED,0.0,6.0,0.67
2026-07-29 16:12:19,int-1,lane-W,9,29.099999999999998,4,clear,2,16,0,0.13,RED,0.0,6.0,0.3
2026-07-29 16:12:25,int-1,lane-N,3,1.0,0,clear,2,16,0,0.0,GREEN,2117.5,4.0,0.1
2026-07-29 16:12:25,int-1,lane-S,1,29.4,1,clear,2,16,0,0.03,RED,0.0,4.0,0.03
2026-07-29 16:12:25,int-1,lane-E,1,29.4,1,clear,2,16,0,0.03,RED,0.0,4.0,0.03
2026-07-29 16:12:25,int-1,lane-W,0,29.4,0,clear,2,16,0,0.0,RED,0.0,4.0,0.0
2026-07-29 16:12:33,int-1,lane-N,4,0.5,1,clear,2,16,0,0.03,GREEN,2119.5,1.0,0.13
2026-07-29 16:12:33,int-1,lane-S,1,29.7,1,clear,2,16,0,0.03,RED,0.0,1.0,0.03
2026-07-29 16:12:33,int-1,lane-E,0,29.7,0,clear,2,16,0,0.0,RED,0.0,1.0,0.0
2026-07-29 16:12:33,int-1,lane-W,1,29.7,1,clear,2,16,0,0.03,RED,0.0,1.0,0.03
2026-07-29 16:12:39,int-1,lane-N,14,0.0,6,clear,2,16,0,0.2,RED,2120.5,6.0,0.47
2026-07-29 16:12:39,int-1,lane-S,14,30.7,4,clear,2,16,0,0.13,GREEN,0.0,6.0,0.47
2026-07-29 16:12:39,int-1,lane-E,21,29.099999999999998,10,clear,2,16,0,0.33,RED,0.0,6.0,0.7
2026-07-29 16:12:39,int-1,lane-W,7,29.099999999999998,3,clear,2,16,0,0.1,RED,0.0,6.0,0.23
2026-07-29 16:12:48,int-1,lane-N,6,0.0,3,clear,2,16,0,0.1,RED,2122.5,6.0,0.2
2026-07-29 16:12:48,int-1,lane-S,0,30.0,0,clear,2,16,0,0.0,GREEN,0.0,6.0,0.0
2026-07-29 16:12:48,int-1,lane-E,0,29.4,0,clear,2,16,0,0.0,RED,0.0,6.0,0.0
2026-07-29 16:12:48,int-1,lane-W,1,29.4,1,clear,2,16,0,0.03,RED,0.0,6.0,0.03
2026-07-29 16:12:55,int-1,lane-N,5,0.0,2,clear,2,16,0,0.07,RED,2124.5,4.0,0.17
2026-07-29 16:12:55,int-1,lane-S,0,30.0,0,clear,2,16,0,0.0,GREEN,0.0,4.0,0.0
2026-07-29 16:12:55,int-1,lane-E,0,29.7,0,clear,2,16,0,0.0,RED,0.0,4.0,0.0
2026-07-29 16:12:55,int-1,lane-W,0,29.7,0,clear,2,16,0,0.0,RED,0.0,4.0,0.0
2026-07-29 16:13:01,int-1,lane-N,6,0.0,3,clear,2,16,0,0.1,RED,2125.5,2.0,0.2
2026-07-29 16:13:01,int-1,lane-S,0,30.0,0,clear,2,16,0,0.0,YELLOW,0.0,2.0,0.0
2026-07-29 16:13:01,int-1,lane-E,1,29.099999999999998,1,clear,2,16,0,0.03,RED,0.0,2.0,0.03
2026-07-29 16:13:01,int-1,lane-W,3,29.099999999999998,3,clear,2,16,0,0.1,RED,0.0,2.0,0.1
2026-07-29 16:13:08,int-1,lane-N,3,1.0,0,clear,2,16,1,0.0,GREEN,2127.5,6.0,0.1
2026-07-29 16:13:08,int-1,lane-S,0,29.4,0,clear,2,16,0,0.0,RED,0.0,6.0,0.0
2026-07-29 16:13:08,int-1,lane-E,1,29.4,1,clear,2,16,0,0.03,RED,0.0,6.0,0.03
2026-07-29 16:13:08,int-1,lane-W,0,29.4,0,clear,2,16,0,0.0,RED,0.0,6.0,0.0
2026-07-29 16:13:15,int-1,lane-N,4,0.5,1,clear,2,16,1,0.03,GREEN,2129.5,5.0,0.13
2026-07-29 16:13:15,int-1,lane-S,0,29.7,0,clear,2,16,0,0.0,RED,0.0,5.0,0.0
2026-07-29 16:13:15,int-1,lane-E,0,29.7,0,clear,2,16,0,0.0,RED,0.0,5.0,0.0
2026-07-29 16:13:15,int-1,lane-W,0,29.7,0,clear,2,16,0,0.0,RED,0.0,5.0,0.0
2026-07-29 16:13:21,int-1,lane-N,2,1.5,0,clear,2,16,1,0.0,GREEN,2130.5,2.0,0.07
2026-07-29 16:13:21,int-1,lane-S,2,29.099999999999998,2,clear,2,16,0,0.07,RED,0.0,2.0,0.07
2026-07-29 16:13:21,int-1,lane-E,1,29.099999999999998,1,clear,2,16,0,0.03,RED,0.0,2.0,0.03
2026-07-29 16:13:21,int-1,lane-W,2,29.099999999999998,2,clear,2,16,0,0.07,RED,0.0,2.0,0.07
2026-07-29 16:13:28,int-1,lane-N,5,0.0,2,clear,2,16,0,0.07,YELLOW,2132.5,1.0,0.17
2026-07-29 16:13:28,int-1,lane-S,2,29.4,2,clear,2,16,0,0.07,RED,0.0,1.0,0.07
2026-07-29 16:13:28,int-1,lane-E,1,29.4,1,clear,2,16,0,0.03,RED,0.0,1.0,0.03
2026-07-29 16:13:28,int-1,lane-W,0,29.4,0,clear,2,16,0,0.0,RED,0.0,1.0,0.0
2026-07-29 16:13:36,int-1,lane-N,5,0.0,2,clear,2,16,1,0.07,RED,2134.5,6.0,0.17
2026-07-29 16:13:36,int-1,lane-S,0,30.0,0,clear,2,16,0,0.0,GREEN,0.0,6.0,0.0
2026-07-29 16:13:36,int-1,lane-E,0,29.7,0,clear,2,16,0,0.0,RED,0.0,6.0,0.0
2026-07-29 16:13:36,int-1,lane-W,0,29.7,0,clear,2,16,0,0.0,RED,0.0,6.0,0.0
2026-07-29 16:13:42,int-1,lane-N,7,0.0,4,clear,2,16,1,0.13,RED,2135.5,4.0,0.23
2026-07-29 16:13:42,int-1,lane-S,0,30.0,0,clear,2,16,0,0.0,GREEN,0.0,4.0,0.0
2026-07-29 16:13:42,int-1,lane-E,1,29.099999999999998,1,clear,2,16,0,0.03,RED,0.0,4.0,0.03
2026-07-29 16:13:42,int-1,lane-W,0,29.099999999999998,0,clear,2,16,0,0.0,RED,0.0,4.0,0.0
2026-07-29 16:13:50,int-1,lane-N,5,0.0,2,clear,2,16,1,0.07,RED,2137.5,2.0,0.17
2026-07-29 16:13:50,int-1,lane-S,0,30.0,0,clear,2,16,0,0.0,YELLOW,0.0,2.0,0.0
2026-07-29 16:13:50,int-1,lane-E,1,29.4,1,clear,2,16,0,0.03,RED,0.0,2.0,0.03
2026-07-29 16:13:50,int-1,lane-W,0,29.4,0,clear,2,16,0,0.0,RED,0.0,2.0,0.0
2026-07-29 16:13:57,int-1,lane-N,4,0.5,1,clear,2,16,1,0.03,GREEN,2139.5,6.0,0.13
2026-07-29 16:13:57,int-1,lane-S,0,29.7,0,clear,2,16,0,0.0,RED,0.0,6.0,0.0
2026-07-29 16:13:57,int-1,lane-E,1,29.7,1,clear,2,16,0,0.03,RED,0.0,6.0,0.03
2026-07-29 16:13:57,int-1,lane-W,1,29.7,1,clear,2,16,0,0.03,RED,0.0,6.0,0.03
2026-07-29 16:14:11,int-1,lane-N,2,1.5,0,clear,2,16,1,0.0,GREEN,2140.5,5.0,0.07
2026-07-29 16:14:11,int-1,lane-S,1,29.099999999999998,1,clear,2,16,0,0.03,RED,0.0,5.0,0.03
2026-07-29 16:14:11,int-1,lane-E,1,29.099999999999998,1,clear,2,16,0,0.03,RED,0.0,5.0,0.03
2026-07-29 16:14:11,int-1,lane-W,2,29.099999999999998,2,clear,2,16,0,0.07,RED,0.0,5.0,0.07
2026-07-29 16:14:24,int-1,lane-N,3,1.0,0,clear,2,16,1,0.0,GREEN,2142.5,2.0,0.1
2026-07-29 16:14:24,int-1,lane-S,0,29.4,0,clear,2,16,0,0.0,RED,0.0,2.0,0.0
2026-07-29 16:14:24,int-1,lane-E,1,29.4,1,clear,2,16,0,0.03,RED,0.0,2.0,0.03
2026-07-29 16:14:24,int-1,lane-W,1,29.4,1,clear,2,16,0,0.03,RED,0.0,2.0,0.03
2026-07-29 16:14:32,int-1,lane-N,10,0.5,3,clear,2,16,1,0.1,GREEN,2144.5,6.0,0.33
2026-07-29 16:14:32,int-1,lane-S,12,29.7,5,clear,2,16,0,0.17,RED,0.0,6.0,0.4
2026-07-29 16:14:32,int-1,lane-E,19,29.7,8,clear,2,16,0,0.27,RED,0.0,6.0,0.63
2026-07-29 16:14:32,int-1,lane-W,8,29.7,3,clear,2,16,0,0.1,RED,0.0,6.0,0.27
2026-07-29 16:14:41,int-1,lane-N,2,1.5,0,clear,2,16,1,0.0,GREEN,2145.5,4.0,0.07
2026-07-29 16:14:41,int-1,lane-S,2,29.099999999999998,2,clear,2,16,0,0.07,RED,0.0,4.0,0.07
2026-07-29 16:14:41,int-1,lane-E,2,29.099999999999998,2,clear,2,16,0,0.07,RED,0.0,4.0,0.07
2026-07-29 16:14:41,int-1,lane-W,1,29.099999999999998,1,clear,2,16,0,0.03,RED,0.0,4.0,0.03
2026-07-29 16:14:53,int-1,lane-N,3,1.0,0,clear,2,16,1,0.0,GREEN,2147.5,1.0,0.1
2026-07-29 16:14:53,int-1,lane-S,2,29.4,2,clear,2,16,0,0.07,RED,0.0,1.0,0.07
2026-07-29 16:14:53,int-1,lane-E,0,29.4,0,clear,2,16,0,0.0,RED,0.0,1.0,0.0
2026-07-29 16:14:53,int-1,lane-W,1,29.4,1,clear,2,16,0,0.03,RED,0.0,1.0,0.03
2026-07-29 16:15:04,int-1,lane-N,4,0.5,1,clear,2,16,1,0.03,GREEN,2149.5,6.0,0.13
2026-07-29 16:15:04,int-1,lane-S,1,29.7,1,clear,2,16,0,0.03,RED,0.0,6.0,0.03
2026-07-29 16:15:04,int-1,lane-E,0,29.7,0,clear,2,16,0,0.0,RED,0.0,6.0,0.0
2026-07-29 16:15:04,int-1,lane-W,0,29.7,0,clear,2,16,0,0.0,RED,0.0,6.0,0.0
2026-07-29 16:15:10,int-1,lane-N,2,1.5,0,clear,2,16,0,0.0,GREEN,2150.5,5.0,0.07
2026-07-29 16:15:10,int-1,lane-S,1,29.099999999999998,1,clear,2,16,0,0.03,RED,0.0,5.0,0.03
2026-07-29 16:15:10,int-1,lane-E,0,29.099999999999998,0,clear,2,16,0,0.0,RED,0.0,5.0,0.0
2026-07-29 16:15:10,int-1,lane-W,1,29.099999999999998,1,clear,2,16,0,0.03,RED,0.0,5.0,0.03
2026-07-29 16:15:21,int-1,lane-N,3,1.0,0,clear,2,16,0,0.0,GREEN,2152.5,2.0,0.1
2026-07-29 16:15:21,int-1,lane-S,0,29.4,0,clear,2,16,0,0.0,RED,0.0,2.0,0.0
2026-07-29 16:15:21,int-1,lane-E,1,29.4,1,clear,2,16,0,0.03,RED,0.0,2.0,0.03
2026-07-29 16:15:21,int-1,lane-W,1,29.4,1,clear,2,16,0,0.03,RED,0.0,2.0,0.03
2026-07-29 16:17:27,int-1,lane-N,5,0.0,2,clear,2,16,0,0.07,YELLOW,2154.5,1.0,0.17
2026-07-29 16:17:27,int-1,lane-S,1,29.7,1,clear,2,16,0,0.03,RED,0.0,1.0,0.03
2026-07-29 16:17:27,int-1,lane-E,0,29.7,0,clear,2,16,0,0.0,RED,0.0,1.0,0.0
2026-07-29 16:17:27,int-1,lane-W,1,29.7,1,clear,2,16,0,0.03,RED,0.0,1.0,0.03
2026-07-29 16:17:49,int-1,lane-N,8,0.0,5,clear,2,16,0,0.17,RED,2155.5,6.0,0.27
2026-07-29 16:17:49,int-1,lane-S,0,30.0,0,clear,2,16,0,0.0,GREEN,0.0,6.0,0.0
2026-07-29 16:17:49,int-1,lane-E,2,29.099999999999998,2,clear,2,16,0,0.07,RED,0.0,6.0,0.07
2026-07-29 16:17:49,int-1,lane-W,2,29.099999999999998,2,clear,2,16,0,0.07,RED,0.0,6.0,0.07
2026-07-29 16:18:13,int-1,lane-N,5,0.0,2,clear,2,16,0,0.07,RED,2157.5,4.0,0.17
2026-07-29 16:18:13,int-1,lane-S,0,30.0,0,clear,2,16,0,0.0,GREEN,0.0,4.0,0.0
2026-07-29 16:18:13,int-1,lane-E,1,29.4,1,clear,2,16,0,0.03,RED,0.0,4.0,0.03
2026-07-29 16:18:13,int-1,lane-W,1,29.4,1,clear,2,16,0,0.03,RED,0.0,4.0,0.03
2026-07-29 16:18:32,int-1,lane-N,6,0.0,3,clear,2,16,0,0.1,RED,2159.5,1.0,0.2
2026-07-29 16:18:32,int-1,lane-S,0,30.0,0,clear,2,16,0,0.0,GREEN,0.0,1.0,0.0
2026-07-29 16:18:32,int-1,lane-E,1,29.7,1,clear,2,16,0,0.03,RED,0.0,1.0,0.03
2026-07-29 16:18:32,int-1,lane-W,0,29.7,0,clear,2,16,0,0.0,RED,0.0,1.0,0.0
2026-07-29 16:18:50,int-1,lane-N,12,1.0,4,clear,2,16,0,0.13,GREEN,2160.5,6.0,0.4
2026-07-29 16:18:50,int-1,lane-S,14,29.4,6,clear,2,16,0,0.2,RED,0.0,6.0,0.47
2026-07-29 16:18:50,int-1,lane-E,20,29.099999999999998,9,clear,2,16,0,0.3,RED,0.0,6.0,0.67
2026-07-29 16:18:50,int-1,lane-W,8,29.099999999999998,3,clear,2,16,0,0.1,RED,0.0,6.0,0.27
2026-07-29 16:20:03,int-1,lane-N,3,1.0,0,clear,2,16,0,0.0,GREEN,2162.5,5.0,0.1
2026-07-29 16:20:03,int-1,lane-S,1,29.4,1,clear,2,16,0,0.03,RED,0.0,5.0,0.03
2026-07-29 16:20:03,int-1,lane-E,1,29.4,1,clear,2,16,0,0.03,RED,0.0,5.0,0.03
2026-07-29 16:20:03,int-1,lane-W,1,29.4,1,clear,2,16,0,0.03,RED,0.0,5.0,0.03
2026-07-29 16:20:34,int-1,lane-N,4,0.5,1,clear,2,16,0,0.03,GREEN,2164.5,2.0,0.13
2026-07-29 16:20:34,int-1,lane-S,1,29.7,1,clear,2,16,0,0.03,RED,0.0,2.0,0.03
2026-07-29 16:20:34,int-1,lane-E,0,29.7,0,clear,2,16,0,0.0,RED,0.0,2.0,0.0
2026-07-29 16:20:34,int-1,lane-W,1,29.7,1,clear,2,16,0,0.03,RED,0.0,2.0,0.03
2026-07-29 16:20:49,int-1,lane-N,5,0.0,2,clear,2,16,0,0.07,YELLOW,2165.5,1.0,0.17
2026-07-29 16:20:49,int-1,lane-S,2,29.099999999999998,2,clear,2,16,0,0.07,RED,0.0,1.0,0.07
2026-07-29 16:20:49,int-1,lane-E,1,29.099999999999998,1,clear,2,16,0,0.03,RED,0.0,1.0,0.03
2026-07-29 16:20:49,int-1,lane-W,0,29.099999999999998,0,clear,2,16,0,0.0,RED,0.0,1.0,0.0
2026-07-29 16:21:07,int-1,lane-N,5,0.0,2,clear,2,16,0,0.07,RED,2167.5,6.0,0.17
2026-07-29 16:21:07,int-1,lane-S,0,30.0,0,clear,2,16,0,0.0,GREEN,0.0,6.0,0.0
2026-07-29 16:21:07,int-1,lane-E,0,29.4,0,clear,2,16,0,0.0,RED,0.0,6.0,0.0
2026-07-29 16:21:07,int-1,lane-W,0,29.4,0,clear,2,16,0,0.0,RED,0.0,6.0,0.0
2026-07-29 16:21:40,int-1,lane-N,6,0.0,3,clear,2,16,0,0.1,RED,2169.5,4.0,0.2
2026-07-29 16:21:40,int-1,lane-S,0,30.0,0,clear,2,16,0,0.0,GREEN,0.0,4.0,0.0
2026-07-29 16:21:40,int-1,lane-E,1,29.7,1,clear,2,16,0,0.03,RED,0.0,4.0,0.03
2026-07-29 16:21:40,int-1,lane-W,0,29.7,0,clear,2,16,0,0.0,RED,0.0,4.0,0.0
2026-07-29 16:22:00,int-1,lane-N,5,0.0,2,clear,2,16,0,0.07,RED,2170.5,2.0,0.17
2026-07-29 16:22:00,int-1,lane-S,0,30.0,0,clear,2,16,0,0.0,YELLOW,0.0,2.0,0.0
2026-07-29 16:22:00,int-1,lane-E,1,29.099999999999998,1,clear,2,16,0,0.03,RED,0.0,2.0,0.03
2026-07-29 16:22:00,int-1,lane-W,2,29.099999999999998,2,clear,2,16,0,0.07,RED,0.0,2.0,0.07
2026-07-29 16:23:30,int-1,lane-N,3,1.0,0,clear,2,16,1,0.0,GREEN,2172.5,6.0,0.1
2026-07-29 16:23:30,int-1,lane-S,0,29.4,0,clear,2,16,0,0.0,RED,0.0,6.0,0.0
2026-07-29 16:23:30,int-1,lane-E,1,29.4,1,clear,2,16,0,0.03,RED,0.0,6.0,0.03
2026-07-29 16:23:30,int-1,lane-W,2,29.4,2,clear,2,16,0,0.07,RED,0.0,6.0,0.07
2026-07-29 16:24:06,int-1,lane-N,4,0.5,1,clear,2,16,1,0.03,GREEN,2174.5,4.0,0.13
2026-07-29 16:24:06,int-1,lane-S,0,29.7,0,clear,2,16,0,0.0,RED,0.0,4.0,0.0
2026-07-29 16:24:06,int-1,lane-E,0,29.7,0,clear,2,16,0,0.0,RED,0.0,4.0,0.0
2026-07-29 16:24:06,int-1,lane-W,0,29.7,0,clear,2,16,0,0.0,RED,0.0,4.0,0.0
2026-07-29 16:24:35,int-1,lane-N,3,1.0,0,clear,2,16,1,0.0,YELLOW,2175.5,2.0,0.1
2026-07-29 16:24:35,int-1,lane-S,1,29.099999999999998,1,clear,2,16,0,0.03,RED,0.0,2.0,0.03
2026-07-29 16:24:35,int-1,lane-E,1,29.099999999999998,1,clear,2,16,0,0.03,RED,0.0,2.0,0.03
2026-07-29 16:24:35,int-1,lane-W,1,29.099999999999998,1,clear,2,16,0,0.03,RED,0.0,2.0,0.03
2026-07-29 16:25:09,int-1,lane-N,3,1.0,0,clear,2,16,0,0.0,GREEN,2177.5,6.0,0.1
2026-07-29 16:25:09,int-1,lane-S,0,29.4,0,clear,2,16,0,0.0,RED,0.0,6.0,0.0
2026-07-29 16:25:09,int-1,lane-E,0,29.4,0,clear,2,16,0,0.0,RED,0.0,6.0,0.0
2026-07-29 16:25:09,int-1,lane-W,0,29.4,0,clear,2,16,0,0.0,RED,0.0,6.0,0.0
2026-07-29 16:25:42,int-1,lane-N,4,0.5,1,clear,2,16,1,0.03,GREEN,2179.5,4.0,0.13
2026-07-29 16:25:42,int-1,lane-S,0,29.7,0,clear,2,16,0,0.0,RED,0.0,4.0,0.0
2026-07-29 16:25:42,int-1,lane-E,1,29.7,1,clear,2,16,0,0.03,RED,0.0,4.0,0.03
2026-07-29 16:25:42,int-1,lane-W,1,29.7,1,clear,2,16,0,0.03,RED,0.0,4.0,0.03
2026-07-29 16:25:58,int-1,lane-N,2,1.5,0,clear,2,16,1,0.0,GREEN,2180.5,1.0,0.07
2026-07-29 16:25:58,int-1,lane-S,0,29.099999999999998,0,clear,2,16,0,0.0,RED,0.0,1.0,0.0
2026-07-29 16:25:58,int-1,lane-E,0,29.099999999999998,0,clear,2,16,0,0.0,RED,0.0,1.0,0.0
2026-07-29 16:25:58,int-1,lane-W,1,29.099999999999998,1,clear,2,16,0,0.03,RED,0.0,1.0,0.03
2026-07-29 16:26:27,int-1,lane-N,9,1.0,2,clear,2,16,1,0.07,GREEN,2182.5,6.0,0.3
2026-07-29 16:26:27,int-1,lane-S,15,29.4,7,clear,2,16,0,0.23,RED,0.0,6.0,0.5
2026-07-29 16:26:27,int-1,lane-E,18,29.4,7,clear,2,16,0,0.23,RED,0.0,6.0,0.6
2026-07-29 16:26:27,int-1,lane-W,7,29.4,3,clear,2,16,0,0.1,RED,0.0,6.0,0.23
2026-07-29 16:26:46,int-1,lane-N,4,0.5,1,clear,2,16,0,0.03,GREEN,2184.5,4.0,0.13
2026-07-29 16:26:46,int-1,lane-S,0,29.7,0,clear,2,16,0,0.0,RED,0.0,4.0,0.0
2026-07-29 16:26:46,int-1,lane-E,0,29.7,0,clear,2,16,0,0.0,RED,0.0,4.0,0.0
2026-07-29 16:26:46,int-1,lane-W,0,29.7,0,clear,2,16,0,0.0,RED,0.0,4.0,0.0
2026-07-29 16:26:55,int-1,lane-N,3,1.0,0,clear,2,16,0,0.0,YELLOW,2185.5,2.0,0.1
2026-07-29 16:26:55,int-1,lane-S,0,29.099999999999998,0,clear,2,16,0,0.0,RED,0.0,2.0,0.0
2026-07-29 16:26:55,int-1,lane-E,2,29.099999999999998,2,clear,2,16,0,0.07,RED,0.0,2.0,0.07
2026-07-29 16:26:55,int-1,lane-W,2,29.099999999999998,2,clear,2,16,0,0.07,RED,0.0,2.0,0.07
2026-07-29 16:27:12,int-1,lane-N,7,0.0,4,clear,2,16,0,0.13,RED,2187.5,4.0,0.23
2026-07-29 16:27:12,int-1,lane-S,1,29.4,1,clear,2,16,0,0.03,RED,0.0,4.0,0.03
2026-07-29 16:27:12,int-1,lane-E,1,29.4,1,clear,2,16,0,0.03,RED,0.0,4.0,0.03
2026-07-29 16:27:12,int-1,lane-W,0,30.0,0,clear,2,16,0,0.0,GREEN,0.0,4.0,0.0
2026-07-29 16:27:21,int-1,lane-N,5,0.0,2,clear,2,16,1,0.07,RED,2189.5,2.0,0.17
2026-07-29 16:27:21,int-1,lane-S,0,29.7,0,clear,2,16,0,0.0,RED,0.0,2.0,0.0
2026-07-29 16:27:21,int-1,lane-E,1,29.7,1,clear,2,16,0,0.03,RED,0.0,2.0,0.03
2026-07-29 16:27:21,int-1,lane-W,0,30.0,0,clear,2,16,0,0.0,YELLOW,0.0,2.0,0.0
2026-07-29 16:27:29,int-1,lane-N,9,1.5,2,clear,2,16,1,0.07,GREEN,2190.5,6.0,0.3
2026-07-29 16:27:29,int-1,lane-S,13,29.099999999999998,6,clear,2,16,0,0.2,RED,0.0,6.0,0.43
2026-07-29 16:27:29,int-1,lane-E,21,29.099999999999998,9,clear,2,16,0,0.3,RED,0.0,6.0,0.7
2026-07-29 16:27:29,int-1,lane-W,10,29.099999999999998,6,clear,2,16,0,0.2,RED,0.0,6.0,0.33
2026-07-29 16:27:45,int-1,lane-N,3,1.0,0,clear,2,16,1,0.0,GREEN,2192.5,4.0,0.1
2026-07-29 16:27:45,int-1,lane-S,1,29.4,1,clear,2,16,0,0.03,RED,0.0,4.0,0.03
2026-07-29 16:27:45,int-1,lane-E,1,29.4,1,clear,2,16,0,0.03,RED,0.0,4.0,0.03
2026-07-29 16:27:45,int-1,lane-W,1,29.4,1,clear,2,16,0,0.03,RED,0.0,4.0,0.03
2026-07-29 16:28:14,int-1,lane-N,5,0.0,2,clear,2,16,0,0.07,YELLOW,2194.5,2.0,0.17
2026-07-29 16:28:14,int-1,lane-S,1,29.7,1,clear,2,16,0,0.03,RED,0.0,2.0,0.03
2026-07-29 16:28:14,int-1,lane-E,0,29.7,0,clear,2,16,0,0.0,RED,0.0,2.0,0.0
2026-07-29 16:28:14,int-1,lane-W,1,29.7,1,clear,2,16,0,0.03,RED,0.0,2.0,0.03
2026-07-29 16:28:20,int-1,lane-N,15,0.0,7,clear,2,16,0,0.23,RED,2195.5,6.0,0.5
2026-07-29 16:28:20,int-1,lane-S,11,31.5,3,clear,2,16,0,0.1,GREEN,0.0,6.0,0.37
2026-07-29 16:28:20,int-1,lane-E,22,29.099999999999998,9,clear,2,16,0,0.3,RED,0.0,6.0,0.73
2026-07-29 16:28:20,int-1,lane-W,8,29.099999999999998,4,clear,2,16,0,0.13,RED,0.0,6.0,0.27
2026-07-29 16:28:28,int-1,lane-N,7,0.0,4,clear,2,16,0,0.13,RED,2197.5,5.0,0.23
2026-07-29 16:28:28,int-1,lane-S,0,30.0,0,clear,2,16,0,0.0,GREEN,0.0,5.0,0.0
2026-07-29 16:28:28,int-1,lane-E,1,29.4,1,clear,2,16,0,0.03,RED,0.0,5.0,0.03
2026-07-29 16:28:28,int-1,lane-W,1,29.4,1,clear,2,16,0,0.03,RED,0.0,5.0,0.03
2026-07-29 16:28:36,int-1,lane-N,6,0.0,3,clear,2,16,0,0.1,RED,2199.5,2.0,0.2
2026-07-29 16:28:36,int-1,lane-S,0,30.0,0,clear,2,16,0,0.0,GREEN,0.0,2.0,0.0
2026-07-29 16:28:36,int-1,lane-E,0,29.7,0,clear,2,16,0,0.0,RED,0.0,2.0,0.0
2026-07-29 16:28:36,int-1,lane-W,0,29.7,0,clear,2,16,0,0.0,RED,0.0,2.0,0.0
2026-07-29 16:28:42,int-1,lane-N,13,0.5,5,clear,2,16,0,0.17,GREEN,2200.5,6.0,0.43
2026-07-29 16:28:42,int-1,lane-S,13,29.7,5,clear,2,16,0,0.17,RED,0.0,6.0,0.43
2026-07-29 16:28:42,int-1,lane-E,21,29.099999999999998,8,clear,2,16,0,0.27,RED,0.0,6.0,0.7
2026-07-29 16:28:42,int-1,lane-W,7,29.099999999999998,3,clear,2,16,0,0.1,RED,0.0,6.0,0.23
2026-07-29 16:28:52,int-1,lane-N,3,1.0,0,clear,2,16,0,0.0,GREEN,2202.5,6.0,0.1
2026-07-29 16:28:52,int-1,lane-S,2,29.4,2,clear,2,16,0,0.07,RED,0.0,6.0,0.07
2026-07-29 16:28:52,int-1,lane-E,0,29.4,0,clear,2,16,0,0.0,RED,0.0,6.0,0.0
2026-07-29 16:28:52,int-1,lane-W,0,29.4,0,clear,2,16,0,0.0,RED,0.0,6.0,0.0
2026-07-29 16:29:00,int-1,lane-N,4,0.5,1,clear,2,16,0,0.03,GREEN,2204.5,3.0,0.13
2026-07-29 16:29:00,int-1,lane-S,0,29.7,0,clear,2,16,0,0.0,RED,0.0,3.0,0.0
2026-07-29 16:29:00,int-1,lane-E,1,29.7,1,clear,2,16,0,0.03,RED,0.0,3.0,0.03
2026-07-29 16:29:00,int-1,lane-W,0,29.7,0,clear,2,16,0,0.0,RED,0.0,3.0,0.0
2026-07-29 16:29:07,int-1,lane-N,4,0.5,1,clear,2,16,0,0.03,YELLOW,2205.5,2.0,0.13
2026-07-29 16:29:07,int-1,lane-S,1,29.099999999999998,1,clear,2,16,0,0.03,RED,0.0,2.0,0.03
2026-07-29 16:29:07,int-1,lane-E,1,29.099999999999998,1,clear,2,16,0,0.03,RED,0.0,2.0,0.03
2026-07-29 16:29:07,int-1,lane-W,1,29.099999999999998,1,clear,2,16,0,0.03,RED,0.0,2.0,0.03
2026-07-29 16:29:15,int-1,lane-N,5,0.0,2,clear,2,16,0,0.07,RED,2207.5,6.0,0.17
2026-07-29 16:29:15,int-1,lane-S,0,30.0,0,clear,2,16,0,0.0,GREEN,0.0,6.0,0.0
2026-07-29 16:29:15,int-1,lane-E,1,29.4,1,clear,2,16,0,0.03,RED,0.0,6.0,0.03
2026-07-29 16:29:15,int-1,lane-W,0,29.4,0,clear,2,16,0,0.0,RED,0.0,6.0,0.0
2026-07-29 16:29:22,int-1,lane-N,6,0.0,3,clear,2,16,0,0.1,RED,2209.5,5.0,0.2
2026-07-29 16:29:22,int-1,lane-S,0,30.0,0,clear,2,16,0,0.0,GREEN,0.0,5.0,0.0
2026-07-29 16:29:22,int-1,lane-E,1,29.7,1,clear,2,16,0,0.03,RED,0.0,5.0,0.03
2026-07-29 16:29:22,int-1,lane-W,1,29.7,1,clear,2,16,0,0.03,RED,0.0,5.0,0.03
2026-07-29 16:29:28,int-1,lane-N,7,0.0,4,clear,2,16,0,0.13,RED,2210.5,2.0,0.23
2026-07-29 16:29:28,int-1,lane-S,0,30.0,0,clear,2,16,0,0.0,GREEN,0.0,2.0,0.0
2026-07-29 16:29:28,int-1,lane-E,3,29.099999999999998,3,clear,2,16,0,0.1,RED,0.0,2.0,0.1
2026-07-29 16:29:28,int-1,lane-W,0,29.099999999999998,0,clear,2,16,0,0.0,RED,0.0,2.0,0.0
2026-07-29 16:29:35,int-1,lane-N,12,0.5,4,clear,2,16,0,0.13,GREEN,2212.5,6.0,0.4
2026-07-29 16:29:35,int-1,lane-S,15,29.7,7,clear,2,16,0,0.23,RED,0.0,6.0,0.5
2026-07-29 16:29:35,int-1,lane-E,20,29.4,9,clear,2,16,0,0.3,RED,0.0,6.0,0.67
2026-07-29 16:29:35,int-1,lane-W,7,29.4,3,clear,2,16,0,0.1,RED,0.0,6.0,0.23
2026-07-29 16:29:42,int-1,lane-N,4,0.5,1,clear,2,16,0,0.03,GREEN,2214.5,5.0,0.13
2026-07-29 16:29:42,int-1,lane-S,0,29.7,0,clear,2,16,0,0.0,RED,0.0,5.0,0.0
2026-07-29 16:29:42,int-1,lane-E,0,29.7,0,clear,2,16,0,0.0,RED,0.0,5.0,0.0
2026-07-29 16:29:42,int-1,lane-W,0,29.7,0,clear,2,16,0,0.0,RED,0.0,5.0,0.0
2026-07-29 16:29:48,int-1,lane-N,2,1.5,0,clear,2,16,0,0.0,GREEN,2215.5,2.0,0.07
2026-07-29 16:29:48,int-1,lane-S,2,29.099999999999998,2,clear,2,16,0,0.07,RED,0.0,2.0,0.07
2026-07-29 16:29:48,int-1,lane-E,2,29.099999999999998,2,clear,2,16,0,0.07,RED,0.0,2.0,0.07
2026-07-29 16:29:48,int-1,lane-W,0,29.099999999999998,0,clear,2,16,0,0.0,RED,0.0,2.0,0.0
2026-07-29 16:29:56,int-1,lane-N,5,0.0,2,clear,2,16,0,0.07,YELLOW,2217.5,1.0,0.17
2026-07-29 16:29:56,int-1,lane-S,1,29.4,1,clear,2,16,0,0.03,RED,0.0,1.0,0.03
2026-07-29 16:29:56,int-1,lane-E,2,29.4,2,clear,2,16,0,0.07,RED,0.0,1.0,0.07
2026-07-29 16:29:56,int-1,lane-W,1,29.4,1,clear,2,16,0,0.03,RED,0.0,1.0,0.03
2026-07-29 16:30:03,int-1,lane-N,5,0.0,2,clear,2,16,0,0.07,RED,2219.5,6.0,0.17
2026-07-29 16:30:03,int-1,lane-S,0,29.7,0,clear,2,16,0,0.0,RED,0.0,6.0,0.0
2026-07-29 16:30:03,int-1,lane-E,0,30.0,0,clear,2,16,0,0.0,GREEN,0.0,6.0,0.0
2026-07-29 16:30:03,int-1,lane-W,0,29.7,0,clear,2,16,0,0.0,RED,0.0,6.0,0.0
2026-07-29 16:30:09,int-1,lane-N,6,0.0,3,clear,2,16,0,0.1,RED,2220.5,6.0,0.2
2026-07-29 16:30:09,int-1,lane-S,1,29.099999999999998,1,clear,2,16,0,0.03,RED,0.0,6.0,0.03
2026-07-29 16:30:09,int-1,lane-E,0,30.0,0,clear,2,16,0,0.0,GREEN,0.0,6.0,0.0
2026-07-29 16:30:09,int-1,lane-W,3,29.099999999999998,3,clear,2,16,0,0.1,RED,0.0,6.0,0.1
2026-07-29 16:30:19,int-1,lane-N,5,0.0,2,clear,2,16,0,0.07,RED,2222.5,4.0,0.17
2026-07-29 16:30:19,int-1,lane-S,1,29.4,1,clear,2,16,0,0.03,RED,0.0,4.0,0.03
2026-07-29 16:30:19,int-1,lane-E,0,30.0,0,clear,2,16,0,0.0,GREEN,0.0,4.0,0.0
2026-07-29 16:30:19,int-1,lane-W,0,29.4,0,clear,2,16,0,0.0,RED,0.0,4.0,0.0
2026-07-29 16:30:26,int-1,lane-N,6,0.0,3,clear,2,16,0,0.1,RED,2224.5,1.0,0.2
2026-07-29 16:30:26,int-1,lane-S,1,29.7,1,clear,2,16,0,0.03,RED,0.0,1.0,0.03
2026-07-29 16:30:26,int-1,lane-E,0,30.0,0,clear,2,16,0,0.0,GREEN,0.0,1.0,0.0
2026-07-29 16:30:26,int-1,lane-W,1,29.7,1,clear,2,16,0,0.03,RED,0.0,1.0,0.03
2026-07-29 16:30:32,int-1,lane-N,13,1.0,4,clear,2,16,0,0.13,GREEN,2225.5,6.0,0.43
2026-07-29 16:30:32,int-1,lane-S,14,29.099999999999998,6,clear,2,16,0,0.2,RED,0.0,6.0,0.47
2026-07-29 16:30:32,int-1,lane-E,19,29.4,8,clear,2,16,0,0.27,RED,0.0,6.0,0.63
2026-07-29 16:30:32,int-1,lane-W,7,29.099999999999998,3,clear,2,16,0,0.1,RED,0.0,6.0,0.23
2026-07-29 16:30:39,int-1,lane-N,3,1.0,0,clear,2,16,0,0.0,GREEN,2227.5,6.0,0.1
2026-07-29 16:30:39,int-1,lane-S,0,29.4,0,clear,2,16,0,0.0,RED,0.0,6.0,0.0
2026-07-29 16:30:39,int-1,lane-E,1,29.4,1,clear,2,16,0,0.03,RED,0.0,6.0,0.03
2026-07-29 16:30:39,int-1,lane-W,1,29.4,1,clear,2,16,0,0.03,RED,0.0,6.0,0.03
2026-07-29 16:30:47,int-1,lane-N,4,0.5,1,clear,2,16,0,0.03,GREEN,2229.5,3.0,0.13
2026-07-29 16:30:47,int-1,lane-S,0,29.7,0,clear,2,16,0,0.0,RED,0.0,3.0,0.0
2026-07-29 16:30:47,int-1,lane-E,1,29.7,1,clear,2,16,0,0.03,RED,0.0,3.0,0.03
2026-07-29 16:30:47,int-1,lane-W,0,29.7,0,clear,2,16,0,0.0,RED,0.0,3.0,0.0
2026-07-29 16:30:53,int-1,lane-N,4,0.5,1,clear,2,16,0,0.03,YELLOW,2230.5,2.0,0.13
2026-07-29 16:30:53,int-1,lane-S,1,29.099999999999998,1,clear,2,16,0,0.03,RED,0.0,2.0,0.03
2026-07-29 16:30:53,int-1,lane-E,0,29.099999999999998,0,clear,2,16,0,0.0,RED,0.0,2.0,0.0
2026-07-29 16:30:53,int-1,lane-W,1,29.099999999999998,1,clear,2,16,0,0.03,RED,0.0,2.0,0.03
2026-07-29 16:30:59,int-1,lane-N,6,0.0,3,clear,2,16,0,0.1,RED,2232.5,6.0,0.2
2026-07-29 16:30:59,int-1,lane-S,0,30.0,0,clear,2,16,0,0.0,GREEN,0.0,6.0,0.0
2026-07-29 16:30:59,int-1,lane-E,2,29.4,2,clear,2,16,0,0.07,RED,0.0,6.0,0.07
2026-07-29 16:30:59,int-1,lane-W,1,29.4,1,clear,2,16,0,0.03,RED,0.0,6.0,0.03
2026-07-29 16:31:06,int-1,lane-N,6,0.0,3,clear,2,16,0,0.1,RED,2234.5,4.0,0.2
2026-07-29 16:31:06,int-1,lane-S,0,30.0,0,clear,2,16,0,0.0,GREEN,0.0,4.0,0.0
2026-07-29 16:31:06,int-1,lane-E,0,29.7,0,clear,2,16,0,0.0,RED,0.0,4.0,0.0
2026-07-29 16:31:06,int-1,lane-W,1,29.7,1,clear,2,16,0,0.03,RED,0.0,4.0,0.03
2026-07-29 16:31:12,int-1,lane-N,6,0.0,3,clear,2,16,0,0.1,RED,2235.5,1.0,0.2
2026-07-29 16:31:12,int-1,lane-S,0,30.0,0,clear,2,16,0,0.0,GREEN,0.0,1.0,0.0
2026-07-29 16:31:12,int-1,lane-E,1,29.099999999999998,1,clear,2,16,0,0.03,RED,0.0,1.0,0.03
2026-07-29 16:31:12,int-1,lane-W,2,29.099999999999998,2,clear,2,16,0,0.07,RED,0.0,1.0,0.07
2026-07-29 16:31:21,int-1,lane-N,11,1.0,3,clear,2,16,0,0.1,GREEN,2237.5,6.0,0.37
2026-07-29 16:31:21,int-1,lane-S,13,29.4,5,clear,2,16,0,0.17,RED,0.0,6.0,0.43
2026-07-29 16:31:21,int-1,lane-E,22,29.4,9,clear,2,16,0,0.3,RED,0.0,6.0,0.73
2026-07-29 16:31:21,int-1,lane-W,8,29.4,4,clear,2,16,0,0.13,RED,0.0,6.0,0.27
2026-07-29 16:31:28,int-1,lane-N,4,0.5,1,clear,2,16,0,0.03,GREEN,2239.5,5.0,0.13
2026-07-29 16:31:28,int-1,lane-S,1,29.7,1,clear,2,16,0,0.03,RED,0.0,5.0,0.03
2026-07-29 16:31:28,int-1,lane-E,1,29.7,1,clear,2,16,0,0.03,RED,0.0,5.0,0.03
2026-07-29 16:31:28,int-1,lane-W,1,29.7,1,clear,2,16,0,0.03,RED,0.0,5.0,0.03
2026-07-29 16:31:34,int-1,lane-N,2,1.5,0,clear,2,16,0,0.0,GREEN,2240.5,2.0,0.07
2026-07-29 16:31:34,int-1,lane-S,2,29.099999999999998,2,clear,2,16,0,0.07,RED,0.0,2.0,0.07
2026-07-29 16:31:34,int-1,lane-E,1,29.099999999999998,1,clear,2,16,0,0.03,RED,0.0,2.0,0.03
2026-07-29 16:31:34,int-1,lane-W,0,29.099999999999998,0,clear,2,16,0,0.0,RED,0.0,2.0,0.0
2026-07-29 16:31:41,int-1,lane-N,13,0.0,5,clear,2,16,0,0.17,RED,2242.5,5.0,0.43
2026-07-29 16:31:41,int-1,lane-S,14,29.4,6,clear,2,16,0,0.2,RED,0.0,5.0,0.47
2026-07-29 16:31:41,int-1,lane-E,19,29.4,8,clear,2,16,0,0.27,RED,0.0,5.0,0.63
2026-07-29 16:31:41,int-1,lane-W,6,30.2,2,clear,2,16,0,0.07,GREEN,0.0,5.0,0.2
2026-07-29 16:31:48,int-1,lane-N,6,0.0,3,clear,2,16,0,0.1,RED,2244.5,2.0,0.2
2026-07-29 16:31:48,int-1,lane-S,0,29.7,0,clear,2,16,0,0.0,RED,0.0,2.0,0.0
2026-07-29 16:31:48,int-1,lane-E,1,29.7,1,clear,2,16,0,0.03,RED,0.0,2.0,0.03
2026-07-29 16:31:48,int-1,lane-W,0,30.0,0,clear,2,16,0,0.0,GREEN,0.0,2.0,0.0
2026-07-29 16:31:56,int-1,lane-N,10,0.5,3,clear,2,16,0,0.1,GREEN,2245.5,6.0,0.33
2026-07-29 16:31:56,int-1,lane-S,14,29.099999999999998,6,clear,2,16,0,0.2,RED,0.0,6.0,0.47
2026-07-29 16:31:56,int-1,lane-E,18,29.099999999999998,8,clear,2,16,0,0.27,RED,0.0,6.0,0.6
2026-07-29 16:31:56,int-1,lane-W,7,29.7,3,clear,2,16,0,0.1,RED,0.0,6.0,0.23
2026-07-29 16:32:04,int-1,lane-N,3,1.0,0,clear,2,16,0,0.0,GREEN,2247.5,4.0,0.1
2026-07-29 16:32:04,int-1,lane-S,1,29.4,1,clear,2,16,0,0.03,RED,0.0,4.0,0.03
2026-07-29 16:32:04,int-1,lane-E,1,29.4,1,clear,2,16,0,0.03,RED,0.0,4.0,0.03
2026-07-29 16:32:04,int-1,lane-W,0,29.4,0,clear,2,16,0,0.0,RED,0.0,4.0,0.0
2026-07-29 16:32:12,int-1,lane-N,4,0.5,1,clear,2,16,0,0.03,GREEN,2249.5,1.0,0.13
2026-07-29 16:32:12,int-1,lane-S,0,29.7,0,clear,2,16,0,0.0,RED,0.0,1.0,0.0
2026-07-29 16:32:12,int-1,lane-E,0,29.7,0,clear,2,16,0,0.0,RED,0.0,1.0,0.0
2026-07-29 16:32:12,int-1,lane-W,0,29.7,0,clear,2,16,0,0.0,RED,0.0,1.0,0.0
2026-07-29 16:32:18,int-1,lane-N,11,0.0,4,clear,2,16,0,0.13,RED,2250.5,6.0,0.37
2026-07-29 16:32:18,int-1,lane-S,12,30.7,4,clear,2,16,0,0.13,GREEN,0.0,6.0,0.4
2026-07-29 16:32:18,int-1,lane-E,21,29.099999999999998,9,clear,2,16,0,0.3,RED,0.0,6.0,0.7
2026-07-29 16:32:18,int-1,lane-W,6,29.099999999999998,2,clear,2,16,0,0.07,RED,0.0,6.0,0.2
2026-07-29 16:32:30,int-1,lane-N,5,0.0,2,clear,2,16,0,0.07,RED,2252.5,5.0,0.17
2026-07-29 16:32:30,int-1,lane-S,0,30.0,0,clear,2,16,0,0.0,GREEN,0.0,5.0,0.0
2026-07-29 16:32:30,int-1,lane-E,0,29.4,0,clear,2,16,0,0.0,RED,0.0,5.0,0.0
2026-07-29 16:32:30,int-1,lane-W,1,29.4,1,clear,2,16,0,0.03,RED,0.0,5.0,0.03
2026-07-29 16:32:38,int-1,lane-N,5,0.0,2,clear,2,16,1,0.07,RED,2254.5,2.0,0.17
2026-07-29 16:32:38,int-1,lane-S,0,30.0,0,clear,2,16,0,0.0,GREEN,0.0,2.0,0.0
2026-07-29 16:32:38,int-1,lane-E,1,29.7,1,clear,2,16,0,0.03,RED,0.0,2.0,0.03
2026-07-29 16:32:38,int-1,lane-W,1,29.7,1,clear,2,16,0,0.03,RED,0.0,2.0,0.03
2026-07-29 16:32:44,int-1,lane-N,6,0.0,3,clear,2,16,1,0.1,RED,2255.5,1.0,0.2
2026-07-29 16:32:44,int-1,lane-S,0,30.0,0,clear,2,16,0,0.0,YELLOW,0.0,1.0,0.0
2026-07-29 16:32:44,int-1,lane-E,2,29.099999999999998,2,clear,2,16,0,0.07,RED,0.0,1.0,0.07
2026-07-29 16:32:44,int-1,lane-W,1,29.099999999999998,1,clear,2,16,0,0.03,RED,0.0,1.0,0.03
2026-07-29 16:32:56,int-1,lane-N,3,1.0,0,clear,2,16,1,0.0,GREEN,2257.5,5.0,0.1
2026-07-29 16:32:56,int-1,lane-S,1,29.4,1,clear,2,16,0,0.03,RED,0.0,5.0,0.03
2026-07-29 16:32:56,int-1,lane-E,1,29.4,1,clear,2,16,0,0.03,RED,0.0,5.0,0.03
2026-07-29 16:32:56,int-1,lane-W,0,29.4,0,clear,2,16,0,0.0,RED,0.0,5.0,0.0
2026-07-29 16:33:05,int-1,lane-N,4,0.5,1,clear,2,16,0,0.03,GREEN,2259.5,2.0,0.13
2026-07-29 16:33:05,int-1,lane-S,0,29.7,0,clear,2,16,0,0.0,RED,0.0,2.0,0.0
2026-07-29 16:33:05,int-1,lane-E,0,29.7,0,clear,2,16,0,0.0,RED,0.0,2.0,0.0
2026-07-29 16:33:05,int-1,lane-W,1,29.7,1,clear,2,16,0,0.03,RED,0.0,2.0,0.03
2026-07-29 16:33:13,int-1,lane-N,12,0.0,5,clear,2,16,0,0.17,RED,2260.5,6.0,0.4
2026-07-29 16:33:13,int-1,lane-S,13,29.9,5,clear,2,16,0,0.17,GREEN,0.0,6.0,0.43
2026-07-29 16:33:13,int-1,lane-E,19,29.099999999999998,8,clear,2,16,0,0.27,RED,0.0,6.0,0.63
2026-07-29 16:33:13,int-1,lane-W,6,29.099999999999998,2,clear,2,16,0,0.07,RED,0.0,6.0,0.2
2026-07-29 16:33:21,int-1,lane-N,5,0.0,2,clear,2,16,0,0.07,RED,2262.5,6.0,0.17
2026-07-29 16:33:21,int-1,lane-S,0,30.0,0,clear,2,16,0,0.0,GREEN,0.0,6.0,0.0
2026-07-29 16:33:21,int-1,lane-E,0,29.4,0,clear,2,16,0,0.0,RED,0.0,6.0,0.0
2026-07-29 16:33:21,int-1,lane-W,0,29.4,0,clear,2,16,0,0.0,RED,0.0,6.0,0.0
2026-07-29 16:33:46,int-1,lane-N,5,0.0,2,clear,2,16,0,0.07,RED,2264.5,3.0,0.17
2026-07-29 16:33:46,int-1,lane-S,0,30.0,0,clear,2,16,0,0.0,GREEN,0.0,3.0,0.0
2026-07-29 16:33:46,int-1,lane-E,1,29.7,1,clear,2,16,0,0.03,RED,0.0,3.0,0.03
2026-07-29 16:33:46,int-1,lane-W,1,29.7,1,clear,2,16,0,0.03,RED,0.0,3.0,0.03
2026-07-29 16:33:53,int-1,lane-N,5,0.0,2,clear,2,16,0,0.07,RED,2265.5,2.0,0.17
2026-07-29 16:33:53,int-1,lane-S,0,30.0,0,clear,2,16,0,0.0,YELLOW,0.0,2.0,0.0
2026-07-29 16:33:53,int-1,lane-E,1,29.099999999999998,1,clear,2,16,0,0.03,RED,0.0,2.0,0.03
2026-07-29 16:33:53,int-1,lane-W,3,29.099999999999998,3,clear,2,16,0,0.1,RED,0.0,2.0,0.1
2026-07-29 16:34:02,int-1,lane-N,3,1.0,0,clear,2,16,0,0.0,GREEN,2267.5,5.0,0.1
2026-07-29 16:34:02,int-1,lane-S,1,29.4,1,clear,2,16,0,0.03,RED,0.0,5.0,0.03
2026-07-29 16:34:02,int-1,lane-E,0,29.4,0,clear,2,16,0,0.0,RED,0.0,5.0,0.0
2026-07-29 16:34:02,int-1,lane-W,0,29.4,0,clear,2,16,0,0.0,RED,0.0,5.0,0.0
2026-07-29 16:34:10,int-1,lane-N,4,0.5,1,clear,2,16,0,0.03,GREEN,2269.5,2.0,0.13
2026-07-29 16:34:10,int-1,lane-S,1,29.7,1,clear,2,16,0,0.03,RED,0.0,2.0,0.03
2026-07-29 16:34:10,int-1,lane-E,1,29.7,1,clear,2,16,0,0.03,RED,0.0,2.0,0.03
2026-07-29 16:34:10,int-1,lane-W,0,29.7,0,clear,2,16,0,0.0,RED,0.0,2.0,0.0
2026-07-29 16:34:16,int-1,lane-N,5,0.0,2,clear,2,16,0,0.07,YELLOW,2270.5,1.0,0.17
2026-07-29 16:34:16,int-1,lane-S,2,29.099999999999998,2,clear,2,16,0,0.07,RED,0.0,1.0,0.07
2026-07-29 16:34:16,int-1,lane-E,1,29.099999999999998,1,clear,2,16,0,0.03,RED,0.0,1.0,0.03
2026-07-29 16:34:16,int-1,lane-W,0,29.099999999999998,0,clear,2,16,0,0.0,RED,0.0,1.0,0.0
2026-07-29 16:34:23,int-1,lane-N,6,0.0,3,clear,2,16,0,0.1,RED,2272.5,6.0,0.2
2026-07-29 16:34:23,int-1,lane-S,0,30.0,0,clear,2,16,0,0.0,GREEN,0.0,6.0,0.0
2026-07-29 16:34:23,int-1,lane-E,2,29.4,2,clear,2,16,0,0.07,RED,0.0,6.0,0.07
2026-07-29 16:34:23,int-1,lane-W,0,29.4,0,clear,2,16,0,0.0,RED,0.0,6.0,0.0
2026-07-29 16:34:32,int-1,lane-N,6,0.0,3,clear,2,16,0,0.1,RED,2274.5,4.0,0.2
2026-07-29 16:34:32,int-1,lane-S,0,30.0,0,clear,2,16,0,0.0,GREEN,0.0,4.0,0.0
2026-07-29 16:34:32,int-1,lane-E,1,29.7,1,clear,2,16,0,0.03,RED,0.0,4.0,0.03
2026-07-29 16:34:32,int-1,lane-W,1,29.7,1,clear,2,16,0,0.03,RED,0.0,4.0,0.03
2026-07-29 16:34:38,int-1,lane-N,7,0.0,4,clear,2,16,0,0.13,RED,2275.5,2.0,0.23
2026-07-29 16:34:38,int-1,lane-S,0,30.0,0,clear,2,16,0,0.0,YELLOW,0.0,2.0,0.0
2026-07-29 16:34:38,int-1,lane-E,0,29.099999999999998,0,clear,2,16,0,0.0,RED,0.0,2.0,0.0
2026-07-29 16:34:38,int-1,lane-W,0,29.099999999999998,0,clear,2,16,0,0.0,RED,0.0,2.0,0.0
2026-07-29 16:34:46,int-1,lane-N,3,1.0,0,clear,2,16,0,0.0,GREEN,2277.5,6.0,0.1
2026-07-29 16:34:46,int-1,lane-S,0,29.4,0,clear,2,16,0,0.0,RED,0.0,6.0,0.0
2026-07-29 16:34:46,int-1,lane-E,1,29.4,1,clear,2,16,0,0.03,RED,0.0,6.0,0.03
2026-07-29 16:34:46,int-1,lane-W,1,29.4,1,clear,2,16,0,0.03,RED,0.0,6.0,0.03
2026-07-29 16:34:54,int-1,lane-N,4,0.5,1,clear,2,16,0,0.03,GREEN,2279.5,4.0,0.13
2026-07-29 16:34:54,int-1,lane-S,0,29.7,0,clear,2,16,0,0.0,RED,0.0,4.0,0.0
2026-07-29 16:34:54,int-1,lane-E,0,29.7,0,clear,2,16,0,0.0,RED,0.0,4.0,0.0
2026-07-29 16:34:54,int-1,lane-W,0,29.7,0,clear,2,16,0,0.0,RED,0.0,4.0,0.0
2026-07-29 16:35:00,int-1,lane-N,3,1.0,0,clear,2,16,0,0.0,YELLOW,2280.5,2.0,0.1
2026-07-29 16:35:00,int-1,lane-S,1,29.099999999999998,1,clear,2,16,0,0.03,RED,0.0,2.0,0.03
2026-07-29 16:35:00,int-1,lane-E,1,29.099999999999998,1,clear,2,16,0,0.03,RED,0.0,2.0,0.03
2026-07-29 16:35:00,int-1,lane-W,3,29.099999999999998,3,clear,2,16,0,0.1,RED,0.0,2.0,0.1
2026-07-29 16:35:07,int-1,lane-N,5,0.0,2,clear,2,16,0,0.07,RED,2282.5,6.0,0.17
2026-07-29 16:35:07,int-1,lane-S,0,30.0,0,clear,2,16,0,0.0,GREEN,0.0,6.0,0.0
2026-07-29 16:35:07,int-1,lane-E,1,29.4,1,clear,2,16,0,0.03,RED,0.0,6.0,0.03
2026-07-29 16:35:07,int-1,lane-W,1,29.4,1,clear,2,16,0,0.03,RED,0.0,6.0,0.03
2026-07-29 16:35:14,int-1,lane-N,6,0.0,3,clear,2,16,0,0.1,RED,2284.5,5.0,0.2
2026-07-29 16:35:14,int-1,lane-S,0,30.0,0,clear,2,16,0,0.0,GREEN,0.0,5.0,0.0
2026-07-29 16:35:14,int-1,lane-E,0,29.7,0,clear,2,16,0,0.0,RED,0.0,5.0,0.0
2026-07-29 16:35:14,int-1,lane-W,1,29.7,1,clear,2,16,0,0.03,RED,0.0,5.0,0.03
2026-07-29 16:35:27,int-1,lane-N,6,0.0,3,clear,2,16,0,0.1,RED,2285.5,2.0,0.2
2026-07-29 16:35:27,int-1,lane-S,0,30.0,0,clear,2,16,0,0.0,GREEN,0.0,2.0,0.0
2026-07-29 16:35:27,int-1,lane-E,2,29.099999999999998,2,clear,2,16,0,0.07,RED,0.0,2.0,0.07
2026-07-29 16:35:27,int-1,lane-W,0,29.099999999999998,0,clear,2,16,0,0.0,RED,0.0,2.0,0.0
2026-07-29 16:35:47,int-1,lane-N,6,0.0,3,clear,2,16,0,0.1,RED,2287.5,1.0,0.2
2026-07-29 16:35:47,int-1,lane-S,0,30.0,0,clear,2,16,0,0.0,YELLOW,0.0,1.0,0.0
2026-07-29 16:35:47,int-1,lane-E,0,29.4,0,clear,2,16,0,0.0,RED,0.0,1.0,0.0
2026-07-29 16:35:47,int-1,lane-W,1,29.4,1,clear,2,16,0,0.03,RED,0.0,1.0,0.03
2026-07-29 16:35:57,int-1,lane-N,4,0.5,1,clear,2,16,0,0.03,GREEN,2289.5,6.0,0.13
2026-07-29 16:35:57,int-1,lane-S,0,29.7,0,clear,2,16,0,0.0,RED,0.0,6.0,0.0
2026-07-29 16:35:57,int-1,lane-E,1,29.7,1,clear,2,16,0,0.03,RED,0.0,6.0,0.03
2026-07-29 16:35:57,int-1,lane-W,0,29.7,0,clear,2,16,0,0.0,RED,0.0,6.0,0.0
2026-07-29 16:36:11,int-1,lane-N,2,1.5,0,clear,2,16,0,0.0,GREEN,2290.5,3.0,0.07
2026-07-29 16:36:11,int-1,lane-S,2,29.099999999999998,2,clear,2,16,0,0.07,RED,0.0,3.0,0.07
2026-07-29 16:36:11,int-1,lane-E,0,29.099999999999998,0,clear,2,16,0,0.0,RED,0.0,3.0,0.0
2026-07-29 16:36:11,int-1,lane-W,2,29.099999999999998,2,clear,2,16,0,0.07,RED,0.0,3.0,0.07
2026-07-29 16:36:19,int-1,lane-N,5,0.0,2,clear,2,16,0,0.07,YELLOW,2292.5,2.0,0.17
2026-07-29 16:36:19,int-1,lane-S,2,29.4,2,clear,2,16,0,0.07,RED,0.0,2.0,0.07
2026-07-29 16:36:19,int-1,lane-E,1,29.4,1,clear,2,16,0,0.03,RED,0.0,2.0,0.03
2026-07-29 16:36:19,int-1,lane-W,2,29.4,2,clear,2,16,0,0.07,RED,0.0,2.0,0.07
2026-07-29 16:36:26,int-1,lane-N,6,0.0,3,clear,2,16,0,0.1,RED,2294.5,6.0,0.2
2026-07-29 16:36:26,int-1,lane-S,0,30.0,0,clear,2,16,0,0.0,GREEN,0.0,6.0,0.0
2026-07-29 16:36:26,int-1,lane-E,1,29.7,1,clear,2,16,0,0.03,RED,0.0,6.0,0.03
2026-07-29 16:36:26,int-1,lane-W,0,29.7,0,clear,2,16,0,0.0,RED,0.0,6.0,0.0
2026-07-29 16:36:33,int-1,lane-N,6,0.0,3,clear,2,16,1,0.1,RED,2295.5,4.0,0.2
2026-07-29 16:36:33,int-1,lane-S,0,30.0,0,clear,2,16,0,0.0,GREEN,0.0,4.0,0.0
2026-07-29 16:36:33,int-1,lane-E,3,29.099999999999998,3,clear,2,16,0,0.1,RED,0.0,4.0,0.1
2026-07-29 16:36:33,int-1,lane-W,2,29.099999999999998,2,clear,2,16,0,0.07,RED,0.0,4.0,0.07
2026-07-29 16:36:42,int-1,lane-N,7,0.0,4,clear,2,16,1,0.13,RED,2297.5,2.0,0.23
2026-07-29 16:36:42,int-1,lane-S,0,30.0,0,clear,2,16,0,0.0,YELLOW,0.0,2.0,0.0
2026-07-29 16:36:42,int-1,lane-E,1,29.4,1,clear,2,16,0,0.03,RED,0.0,2.0,0.03
2026-07-29 16:36:42,int-1,lane-W,1,29.4,1,clear,2,16,0,0.03,RED,0.0,2.0,0.03
2026-07-29 16:36:51,int-1,lane-N,4,0.5,1,clear,2,16,1,0.03,GREEN,2299.5,6.0,0.13
2026-07-29 16:36:51,int-1,lane-S,1,29.7,1,clear,2,16,0,0.03,RED,0.0,6.0,0.03
2026-07-29 16:36:51,int-1,lane-E,0,29.7,0,clear,2,16,0,0.0,RED,0.0,6.0,0.0
2026-07-29 16:36:51,int-1,lane-W,0,29.7,0,clear,2,16,0,0.0,RED,0.0,6.0,0.0
2026-07-29 16:36:57,int-1,lane-N,2,1.5,0,clear,2,16,0,0.0,GREEN,2300.5,4.0,0.07
2026-07-29 16:36:57,int-1,lane-S,1,29.099999999999998,1,clear,2,16,0,0.03,RED,0.0,4.0,0.03
2026-07-29 16:36:57,int-1,lane-E,2,29.099999999999998,2,clear,2,16,0,0.07,RED,0.0,4.0,0.07
2026-07-29 16:36:57,int-1,lane-W,3,29.099999999999998,3,clear,2,16,0,0.1,RED,0.0,4.0,0.1
2026-07-29 16:37:04,int-1,lane-N,3,1.0,0,clear,2,16,0,0.0,GREEN,2302.5,1.0,0.1
2026-07-29 16:37:04,int-1,lane-S,0,29.4,0,clear,2,16,0,0.0,RED,0.0,1.0,0.0
2026-07-29 16:37:04,int-1,lane-E,0,29.4,0,clear,2,16,0,0.0,RED,0.0,1.0,0.0
2026-07-29 16:37:04,int-1,lane-W,0,29.4,0,clear,2,16,0,0.0,RED,0.0,1.0,0.0
2026-07-29 16:37:11,int-1,lane-N,6,0.0,3,clear,2,16,0,0.1,RED,2304.5,7.0,0.2
2026-07-29 16:37:11,int-1,lane-S,0,29.7,0,clear,2,16,0,0.0,RED,0.0,7.0,0.0
2026-07-29 16:37:11,int-1,lane-E,0,30.0,0,clear,2,16,0,0.0,GREEN,0.0,7.0,0.0
2026-07-29 16:37:11,int-1,lane-W,1,29.7,1,clear,2,16,0,0.03,RED,0.0,7.0,0.03
2026-07-29 16:37:17,int-1,lane-N,7,0.0,4,clear,2,16,0,0.13,RED,2305.5,6.0,0.23
2026-07-29 16:37:17,int-1,lane-S,1,29.099999999999998,1,clear,2,16,0,0.03,RED,0.0,6.0,0.03
2026-07-29 16:37:17,int-1,lane-E,0,30.0,0,clear,2,16,0,0.0,GREEN,0.0,6.0,0.0
2026-07-29 16:37:17,int-1,lane-W,1,29.099999999999998,1,clear,2,16,0,0.03,RED,0.0,6.0,0.03
2026-07-29 16:37:32,int-1,lane-N,6,0.0,3,clear,2,16,0,0.1,RED,2307.5,6.0,0.2
2026-07-29 16:37:32,int-1,lane-S,1,29.4,1,clear,2,16,0,0.03,RED,0.0,6.0,0.03
2026-07-29 16:37:32,int-1,lane-E,0,30.0,0,clear,2,16,0,0.0,GREEN,0.0,6.0,0.0
2026-07-29 16:37:32,int-1,lane-W,2,29.4,2,clear,2,16,0,0.07,RED,0.0,6.0,0.07
2026-07-29 16:37:42,int-1,lane-N,5,0.0,2,clear,2,16,0,0.07,RED,2309.5,5.0,0.17
2026-07-29 16:37:42,int-1,lane-S,0,29.7,0,clear,2,16,0,0.0,RED,0.0,5.0,0.0
2026-07-29 16:37:42,int-1,lane-E,0,30.0,0,clear,2,16,0,0.0,GREEN,0.0,5.0,0.0
2026-07-29 16:37:42,int-1,lane-W,0,29.7,0,clear,2,16,0,0.0,RED,0.0,5.0,0.0
2026-07-29 16:37:50,int-1,lane-N,7,0.0,4,clear,2,16,0,0.13,RED,2310.5,2.0,0.23
2026-07-29 16:37:50,int-1,lane-S,2,29.099999999999998,2,clear,2,16,0,0.07,RED,0.0,2.0,0.07
2026-07-29 16:37:50,int-1,lane-E,0,30.0,0,clear,2,16,0,0.0,GREEN,0.0,2.0,0.0
2026-07-29 16:37:50,int-1,lane-W,1,29.099999999999998,1,clear,2,16,0,0.03,RED,0.0,2.0,0.03
2026-07-29 16:37:59,int-1,lane-N,13,0.5,5,clear,2,16,0,0.17,GREEN,2312.5,6.0,0.43
2026-07-29 16:37:59,int-1,lane-S,14,29.4,6,clear,2,16,0,0.2,RED,0.0,6.0,0.47
2026-07-29 16:37:59,int-1,lane-E,22,29.7,9,clear,2,16,0,0.3,RED,0.0,6.0,0.73
2026-07-29 16:37:59,int-1,lane-W,8,29.4,4,clear,2,16,0,0.13,RED,0.0,6.0,0.27
2026-07-29 16:38:07,int-1,lane-N,4,0.5,1,clear,2,16,0,0.03,GREEN,2314.5,6.0,0.13
2026-07-29 16:38:07,int-1,lane-S,0,29.7,0,clear,2,16,0,0.0,RED,0.0,6.0,0.0
2026-07-29 16:38:07,int-1,lane-E,0,29.7,0,clear,2,16,0,0.0,RED,0.0,6.0,0.0
2026-07-29 16:38:07,int-1,lane-W,0,29.7,0,clear,2,16,0,0.0,RED,0.0,6.0,0.0
2026-07-29 16:38:14,int-1,lane-N,2,1.5,0,clear,2,16,0,0.0,GREEN,2315.5,3.0,0.07
2026-07-29 16:38:14,int-1,lane-S,1,29.099999999999998,1,clear,2,16,0,0.03,RED,0.0,3.0,0.03
2026-07-29 16:38:14,int-1,lane-E,2,29.099999999999998,2,clear,2,16,0,0.07,RED,0.0,3.0,0.07
2026-07-29 16:38:14,int-1,lane-W,1,29.099999999999998,1,clear,2,16,0,0.03,RED,0.0,3.0,0.03
2026-07-29 16:38:25,int-1,lane-N,5,0.0,2,clear,2,16,0,0.07,YELLOW,2317.5,2.0,0.17
2026-07-29 16:38:25,int-1,lane-S,1,29.4,1,clear,2,16,0,0.03,RED,0.0,2.0,0.03
2026-07-29 16:38:25,int-1,lane-E,1,29.4,1,clear,2,16,0,0.03,RED,0.0,2.0,0.03
2026-07-29 16:38:25,int-1,lane-W,1,29.4,1,clear,2,16,0,0.03,RED,0.0,2.0,0.03
2026-07-29 16:38:33,int-1,lane-N,6,0.0,3,clear,2,16,0,0.1,RED,2319.5,6.0,0.2
2026-07-29 16:38:33,int-1,lane-S,0,30.0,0,clear,2,16,0,0.0,GREEN,0.0,6.0,0.0
2026-07-29 16:38:33,int-1,lane-E,0,29.7,0,clear,2,16,0,0.0,RED,0.0,6.0,0.0
2026-07-29 16:38:33,int-1,lane-W,0,29.7,0,clear,2,16,0,0.0,RED,0.0,6.0,0.0
2026-07-29 16:38:45,int-1,lane-N,6,0.0,3,clear,2,16,0,0.1,RED,2320.5,3.0,0.2
2026-07-29 16:38:45,int-1,lane-S,0,30.0,0,clear,2,16,0,0.0,GREEN,0.0,3.0,0.0
2026-07-29 16:38:45,int-1,lane-E,1,29.099999999999998,1,clear,2,16,0,0.03,RED,0.0,3.0,0.03
2026-07-29 16:38:45,int-1,lane-W,2,29.099999999999998,2,clear,2,16,0,0.07,RED,0.0,3.0,0.07
2026-07-29 16:38:57,int-1,lane-N,7,0.0,4,clear,2,16,0,0.13,RED,2322.5,2.0,0.23
2026-07-29 16:38:57,int-1,lane-S,0,30.0,0,clear,2,16,0,0.0,YELLOW,0.0,2.0,0.0
2026-07-29 16:38:57,int-1,lane-E,1,29.4,1,clear,2,16,0,0.03,RED,0.0,2.0,0.03
2026-07-29 16:38:57,int-1,lane-W,2,29.4,2,clear,2,16,0,0.07,RED,0.0,2.0,0.07
2026-07-29 16:39:07,int-1,lane-N,4,0.5,1,clear,2,16,0,0.03,GREEN,2324.5,6.0,0.13
2026-07-29 16:39:07,int-1,lane-S,0,29.7,0,clear,2,16,0,0.0,RED,0.0,6.0,0.0
2026-07-29 16:39:07,int-1,lane-E,1,29.7,1,clear,2,16,0,0.03,RED,0.0,6.0,0.03
2026-07-29 16:39:07,int-1,lane-W,1,29.7,1,clear,2,16,0,0.03,RED,0.0,6.0,0.03
2026-07-29 16:39:17,int-1,lane-N,2,1.5,0,clear,2,16,0,0.0,GREEN,2325.5,4.0,0.07
2026-07-29 16:39:17,int-1,lane-S,1,29.099999999999998,1,clear,2,16,0,0.03,RED,0.0,4.0,0.03
2026-07-29 16:39:17,int-1,lane-E,1,29.099999999999998,1,clear,2,16,0,0.03,RED,0.0,4.0,0.03
2026-07-29 16:39:17,int-1,lane-W,0,29.099999999999998,0,clear,2,16,0,0.0,RED,0.0,4.0,0.0
2026-07-29 16:39:24,int-1,lane-N,4,0.5,1,clear,2,16,0,0.03,YELLOW,2327.5,2.0,0.13
2026-07-29 16:39:24,int-1,lane-S,1,29.4,1,clear,2,16,0,0.03,RED,0.0,2.0,0.03
2026-07-29 16:39:24,int-1,lane-E,0,29.4,0,clear,2,16,0,0.0,RED,0.0,2.0,0.0
2026-07-29 16:39:24,int-1,lane-W,1,29.4,1,clear,2,16,0,0.03,RED,0.0,2.0,0.03
2026-07-29 16:39:31,int-1,lane-N,5,0.0,2,clear,2,16,0,0.07,RED,2329.5,6.0,0.17
2026-07-29 16:39:31,int-1,lane-S,0,30.0,0,clear,2,16,0,0.0,GREEN,0.0,6.0,0.0
2026-07-29 16:39:31,int-1,lane-E,1,29.7,1,clear,2,16,0,0.03,RED,0.0,6.0,0.03
2026-07-29 16:39:31,int-1,lane-W,0,29.7,0,clear,2,16,0,0.0,RED,0.0,6.0,0.0
2026-07-29 16:39:37,int-1,lane-N,7,0.0,4,clear,2,16,0,0.13,RED,2330.5,4.0,0.23
2026-07-29 16:39:37,int-1,lane-S,0,30.0,0,clear,2,16,0,0.0,GREEN,0.0,4.0,0.0
2026-07-29 16:39:37,int-1,lane-E,1,29.099999999999998,1,clear,2,16,0,0.03,RED,0.0,4.0,0.03
2026-07-29 16:39:37,int-1,lane-W,2,29.099999999999998,2,clear,2,16,0,0.07,RED,0.0,4.0,0.07
2026-07-29 16:39:46,int-1,lane-N,7,0.0,4,clear,2,16,0,0.13,RED,2332.5,1.0,0.23
2026-07-29 16:39:46,int-1,lane-S,0,30.0,0,clear,2,16,0,0.0,GREEN,0.0,1.0,0.0
2026-07-29 16:39:46,int-1,lane-E,1,29.4,1,clear,2,16,0,0.03,RED,0.0,1.0,0.03
2026-07-29 16:39:46,int-1,lane-W,1,29.4,1,clear,2,16,0,0.03,RED,0.0,1.0,0.03
2026-07-29 16:39:56,int-1,lane-N,4,0.5,1,clear,2,16,0,0.03,GREEN,2334.5,6.0,0.13
2026-07-29 16:39:56,int-1,lane-S,0,29.7,0,clear,2,16,0,0.0,RED,0.0,6.0,0.0
2026-07-29 16:39:56,int-1,lane-E,1,29.7,1,clear,2,16,0,0.03,RED,0.0,6.0,0.03
2026-07-29 16:39:56,int-1,lane-W,0,29.7,0,clear,2,16,0,0.0,RED,0.0,6.0,0.0
2026-07-29 16:40:04,int-1,lane-N,2,1.5,0,clear,2,16,0,0.0,GREEN,2335.5,5.0,0.07
2026-07-29 16:40:04,int-1,lane-S,1,29.099999999999998,1,clear,2,16,0,0.03,RED,0.0,5.0,0.03
2026-07-29 16:40:04,int-1,lane-E,1,29.099999999999998,1,clear,2,16,0,0.03,RED,0.0,5.0,0.03
2026-07-29 16:40:04,int-1,lane-W,1,29.099999999999998,1,clear,2,16,0,0.03,RED,0.0,5.0,0.03
2026-07-29 16:40:13,int-1,lane-N,3,1.0,0,clear,2,16,0,0.0,GREEN,2337.5,2.0,0.1
2026-07-29 16:40:13,int-1,lane-S,1,29.4,1,clear,2,16,0,0.03,RED,0.0,2.0,0.03
2026-07-29 16:40:13,int-1,lane-E,1,29.4,1,clear,2,16,0,0.03,RED,0.0,2.0,0.03
2026-07-29 16:40:13,int-1,lane-W,2,29.4,2,clear,2,16,0,0.07,RED,0.0,2.0,0.07
2026-07-29 16:40:30,int-1,lane-N,5,0.0,2,clear,2,16,0,0.07,YELLOW,2339.5,1.0,0.17
2026-07-29 16:40:30,int-1,lane-S,1,29.7,1,clear,2,16,0,0.03,RED,0.0,1.0,0.03
2026-07-29 16:40:30,int-1,lane-E,1,29.7,1,clear,2,16,0,0.03,RED,0.0,1.0,0.03
2026-07-29 16:40:30,int-1,lane-W,0,29.7,0,clear,2,16,0,0.0,RED,0.0,1.0,0.0
2026-07-29 16:40:45,int-1,lane-N,6,0.0,3,clear,2,16,0,0.1,RED,2340.5,6.0,0.2
2026-07-29 16:40:45,int-1,lane-S,0,30.0,0,clear,2,16,0,0.0,GREEN,0.0,6.0,0.0
2026-07-29 16:40:45,int-1,lane-E,1,29.099999999999998,1,clear,2,16,0,0.03,RED,0.0,6.0,0.03
2026-07-29 16:40:45,int-1,lane-W,3,29.099999999999998,3,clear,2,16,0,0.1,RED,0.0,6.0,0.1
2026-07-29 16:41:08,int-1,lane-N,5,0.0,2,clear,2,16,0,0.07,RED,2342.5,4.0,0.17
2026-07-29 16:41:08,int-1,lane-S,0,30.0,0,clear,2,16,0,0.0,GREEN,0.0,4.0,0.0
2026-07-29 16:41:08,int-1,lane-E,1,29.4,1,clear,2,16,0,0.03,RED,0.0,4.0,0.03
2026-07-29 16:41:08,int-1,lane-W,0,29.4,0,clear,2,16,0,0.0,RED,0.0,4.0,0.0
2026-07-29 16:41:18,int-1,lane-N,5,0.0,2,clear,2,16,0,0.07,RED,2344.5,2.0,0.17
2026-07-29 16:41:18,int-1,lane-S,0,30.0,0,clear,2,16,0,0.0,YELLOW,0.0,2.0,0.0
2026-07-29 16:41:18,int-1,lane-E,1,29.7,1,clear,2,16,0,0.03,RED,0.0,2.0,0.03
2026-07-29 16:41:18,int-1,lane-W,0,29.7,0,clear,2,16,0,0.0,RED,0.0,2.0,0.0
2026-07-29 16:41:24,int-1,lane-N,10,1.5,2,clear,2,16,0,0.07,GREEN,2345.5,6.0,0.33
2026-07-29 16:41:24,int-1,lane-S,15,29.099999999999998,7,clear,2,16,0,0.23,RED,0.0,6.0,0.5
2026-07-29 16:41:24,int-1,lane-E,24,29.099999999999998,11,clear,2,16,0,0.37,RED,0.0,6.0,0.8
2026-07-29 16:41:24,int-1,lane-W,8,29.099999999999998,4,clear,2,16,0,0.13,RED,0.0,6.0,0.27
2026-07-29 16:41:31,int-1,lane-N,3,1.0,0,clear,2,16,0,0.0,GREEN,2347.5,4.0,0.1
2026-07-29 16:41:31,int-1,lane-S,0,29.4,0,clear,2,16,0,0.0,RED,0.0,4.0,0.0
2026-07-29 16:41:31,int-1,lane-E,2,29.4,2,clear,2,16,0,0.07,RED,0.0,4.0,0.07
2026-07-29 16:41:31,int-1,lane-W,2,29.4,2,clear,2,16,0,0.07,RED,0.0,4.0,0.07
2026-07-29 16:41:38,int-1,lane-N,4,0.5,1,clear,2,16,0,0.03,GREEN,2349.5,1.0,0.13
2026-07-29 16:41:38,int-1,lane-S,0,29.7,0,clear,2,16,0,0.0,RED,0.0,1.0,0.0
2026-07-29 16:41:38,int-1,lane-E,1,29.7,1,clear,2,16,0,0.03,RED,0.0,1.0,0.03
2026-07-29 16:41:38,int-1,lane-W,0,29.7,0,clear,2,16,0,0.0,RED,0.0,1.0,0.0
2026-07-29 16:41:45,int-1,lane-N,14,0.0,6,clear,2,16,0,0.2,RED,2350.5,6.0,0.47
2026-07-29 16:41:45,int-1,lane-S,12,30.7,4,clear,2,16,0,0.13,GREEN,0.0,6.0,0.4
2026-07-29 16:41:45,int-1,lane-E,25,29.099999999999998,11,clear,2,16,0,0.37,RED,0.0,6.0,0.83
2026-07-29 16:41:45,int-1,lane-W,8,29.099999999999998,4,clear,2,16,0,0.13,RED,0.0,6.0,0.27
2026-07-29 16:41:52,int-1,lane-N,5,0.0,2,clear,2,16,0,0.07,RED,2352.5,5.0,0.17
2026-07-29 16:41:52,int-1,lane-S,0,30.0,0,clear,2,16,0,0.0,GREEN,0.0,5.0,0.0
2026-07-29 16:41:52,int-1,lane-E,1,29.4,1,clear,2,16,0,0.03,RED,0.0,5.0,0.03
2026-07-29 16:41:52,int-1,lane-W,0,29.4,0,clear,2,16,0,0.0,RED,0.0,5.0,0.0
2026-07-29 16:41:59,int-1,lane-N,5,0.0,2,clear,2,16,0,0.07,RED,2354.5,2.0,0.17
2026-07-29 16:41:59,int-1,lane-S,0,30.0,0,clear,2,16,0,0.0,GREEN,0.0,2.0,0.0
2026-07-29 16:41:59,int-1,lane-E,1,29.7,1,clear,2,16,0,0.03,RED,0.0,2.0,0.03
2026-07-29 16:41:59,int-1,lane-W,0,29.7,0,clear,2,16,0,0.0,RED,0.0,2.0,0.0
2026-07-29 16:42:05,int-1,lane-N,5,0.0,2,clear,2,16,0,0.07,RED,2355.5,1.0,0.17
2026-07-29 16:42:05,int-1,lane-S,0,30.0,0,clear,2,16,0,0.0,YELLOW,0.0,1.0,0.0
2026-07-29 16:42:05,int-1,lane-E,1,29.099999999999998,1,clear,2,16,0,0.03,RED,0.0,1.0,0.03
2026-07-29 16:42:05,int-1,lane-W,0,29.099999999999998,0,clear,2,16,0,0.0,RED,0.0,1.0,0.0
2026-07-29 16:42:14,int-1,lane-N,3,1.0,0,clear,2,16,0,0.0,GREEN,2357.5,6.0,0.1
2026-07-29 16:42:14,int-1,lane-S,1,29.4,1,clear,2,16,0,0.03,RED,0.0,6.0,0.03
2026-07-29 16:42:14,int-1,lane-E,0,29.4,0,clear,2,16,0,0.0,RED,0.0,6.0,0.0
2026-07-29 16:42:14,int-1,lane-W,1,29.4,1,clear,2,16,0,0.03,RED,0.0,6.0,0.03
2026-07-29 16:42:21,int-1,lane-N,4,0.5,1,clear,2,16,0,0.03,GREEN,2359.5,4.0,0.13
2026-07-29 16:42:21,int-1,lane-S,1,29.7,1,clear,2,16,0,0.03,RED,0.0,4.0,0.03
2026-07-29 16:42:21,int-1,lane-E,0,29.7,0,clear,2,16,0,0.0,RED,0.0,4.0,0.0
2026-07-29 16:42:21,int-1,lane-W,1,29.7,1,clear,2,16,0,0.03,RED,0.0,4.0,0.03
2026-07-29 16:42:27,int-1,lane-N,3,1.0,0,clear,2,16,1,0.0,YELLOW,2360.5,2.0,0.1
2026-07-29 16:42:27,int-1,lane-S,0,29.099999999999998,0,clear,2,16,0,0.0,RED,0.0,2.0,0.0
2026-07-29 16:42:27,int-1,lane-E,0,29.099999999999998,0,clear,2,16,0,0.0,RED,0.0,2.0,0.0
2026-07-29 16:42:27,int-1,lane-W,2,29.099999999999998,2,clear,2,16,0,0.07,RED,0.0,2.0,0.07
2026-07-29 16:42:34,int-1,lane-N,3,1.0,0,clear,2,16,1,0.0,GREEN,2362.5,6.0,0.1
2026-07-29 16:42:34,int-1,lane-S,0,29.4,0,clear,2,16,0,0.0,RED,0.0,6.0,0.0
2026-07-29 16:42:34,int-1,lane-E,1,29.4,1,clear,2,16,0,0.03,RED,0.0,6.0,0.03
2026-07-29 16:42:34,int-1,lane-W,2,29.4,2,clear,2,16,0,0.07,RED,0.0,6.0,0.07
2026-07-29 16:42:41,int-1,lane-N,4,0.5,1,clear,2,16,1,0.03,GREEN,2364.5,4.0,0.13
2026-07-29 16:42:41,int-1,lane-S,1,29.7,1,clear,2,16,0,0.03,RED,0.0,4.0,0.03
2026-07-29 16:42:41,int-1,lane-E,0,29.7,0,clear,2,16,0,0.0,RED,0.0,4.0,0.0
2026-07-29 16:42:41,int-1,lane-W,0,29.7,0,clear,2,16,0,0.0,RED,0.0,4.0,0.0
2026-07-29 16:42:47,int-1,lane-N,2,1.5,0,clear,2,16,0,0.0,GREEN,2365.5,1.0,0.07
2026-07-29 16:42:47,int-1,lane-S,3,29.099999999999998,3,clear,2,16,0,0.1,RED,0.0,1.0,0.1
2026-07-29 16:42:47,int-1,lane-E,2,29.099999999999998,2,clear,2,16,0,0.07,RED,0.0,1.0,0.07
2026-07-29 16:42:47,int-1,lane-W,0,29.099999999999998,0,clear,2,16,0,0.0,RED,0.0,1.0,0.0
2026-07-29 16:42:53,int-1,lane-N,12,0.0,5,clear,2,16,0,0.17,RED,2367.5,6.0,0.4
2026-07-29 16:42:53,int-1,lane-S,14,31.0,4,clear,2,16,0,0.13,GREEN,0.0,6.0,0.47
2026-07-29 16:42:53,int-1,lane-E,18,29.4,8,clear,2,16,0,0.27,RED,0.0,6.0,0.6
2026-07-29 16:42:53,int-1,lane-W,8,29.4,3,clear,2,16,0,0.1,RED,0.0,6.0,0.27
2026-07-29 16:43:01,int-1,lane-N,5,0.0,2,clear,2,16,0,0.07,RED,2369.5,6.0,0.17
2026-07-29 16:43:01,int-1,lane-S,0,30.0,0,clear,2,16,0,0.0,GREEN,0.0,6.0,0.0
2026-07-29 16:43:01,int-1,lane-E,0,29.7,0,clear,2,16,0,0.0,RED,0.0,6.0,0.0
2026-07-29 16:43:01,int-1,lane-W,1,29.7,1,clear,2,16,0,0.03,RED,0.0,6.0,0.03
2026-07-29 16:43:07,int-1,lane-N,7,0.0,4,clear,2,16,0,0.13,RED,2370.5,4.0,0.23
2026-07-29 16:43:07,int-1,lane-S,0,30.0,0,clear,2,16,0,0.0,GREEN,0.0,4.0,0.0
2026-07-29 16:43:07,int-1,lane-E,1,29.099999999999998,1,clear,2,16,0,0.03,RED,0.0,4.0,0.03
2026-07-29 16:43:07,int-1,lane-W,2,29.099999999999998,2,clear,2,16,0,0.07,RED,0.0,4.0,0.07
2026-07-29 16:43:14,int-1,lane-N,5,0.0,2,clear,2,16,0,0.07,RED,2372.5,2.0,0.17
2026-07-29 16:43:14,int-1,lane-S,0,30.0,0,clear,2,16,0,0.0,YELLOW,0.0,2.0,0.0
2026-07-29 16:43:14,int-1,lane-E,0,29.4,0,clear,2,16,0,0.0,RED,0.0,2.0,0.0
2026-07-29 16:43:14,int-1,lane-W,0,29.4,0,clear,2,16,0,0.0,RED,0.0,2.0,0.0
2026-07-29 16:43:21,int-1,lane-N,4,0.5,1,clear,2,16,0,0.03,GREEN,2374.5,6.0,0.13
2026-07-29 16:43:21,int-1,lane-S,1,29.7,1,clear,2,16,0,0.03,RED,0.0,6.0,0.03
2026-07-29 16:43:21,int-1,lane-E,0,29.7,0,clear,2,16,0,0.0,RED,0.0,6.0,0.0
2026-07-29 16:43:21,int-1,lane-W,0,29.7,0,clear,2,16,0,0.0,RED,0.0,6.0,0.0
2026-07-29 16:43:27,int-1,lane-N,2,1.5,0,clear,2,16,0,0.0,GREEN,2375.5,5.0,0.07
2026-07-29 16:43:27,int-1,lane-S,2,29.099999999999998,2,clear,2,16,0,0.07,RED,0.0,5.0,0.07
2026-07-29 16:43:27,int-1,lane-E,2,29.099999999999998,2,clear,2,16,0,0.07,RED,0.0,5.0,0.07
2026-07-29 16:43:27,int-1,lane-W,0,29.099999999999998,0,clear,2,16,0,0.0,RED,0.0,5.0,0.0
2026-07-29 16:43:37,int-1,lane-N,3,1.0,0,clear,2,16,0,0.0,GREEN,2377.5,2.0,0.1
2026-07-29 16:43:37,int-1,lane-S,2,29.4,2,clear,2,16,0,0.07,RED,0.0,2.0,0.07
2026-07-29 16:43:37,int-1,lane-E,0,29.4,0,clear,2,16,0,0.0,RED,0.0,2.0,0.0
2026-07-29 16:43:37,int-1,lane-W,2,29.4,2,clear,2,16,0,0.07,RED,0.0,2.0,0.07
2026-07-29 16:43:45,int-1,lane-N,5,0.0,2,clear,2,16,0,0.07,YELLOW,2379.5,1.0,0.17
2026-07-29 16:43:45,int-1,lane-S,0,29.7,0,clear,2,16,0,0.0,RED,0.0,1.0,0.0
2026-07-29 16:43:45,int-1,lane-E,1,29.7,1,clear,2,16,0,0.03,RED,0.0,1.0,0.03
2026-07-29 16:43:45,int-1,lane-W,0,29.7,0,clear,2,16,0,0.0,RED,0.0,1.0,0.0
2026-07-29 16:43:51,int-1,lane-N,6,0.0,3,clear,2,16,0,0.1,RED,2380.5,6.0,0.2
2026-07-29 16:43:51,int-1,lane-S,1,29.099999999999998,1,clear,2,16,0,0.03,RED,0.0,6.0,0.03
2026-07-29 16:43:51,int-1,lane-E,0,30.0,0,clear,2,16,0,0.0,GREEN,0.0,6.0,0.0
2026-07-29 16:43:51,int-1,lane-W,1,29.099999999999998,1,clear,2,16,0,0.03,RED,0.0,6.0,0.03
2026-07-29 16:43:58,int-1,lane-N,7,0.0,4,clear,2,16,0,0.13,RED,2382.5,6.0,0.23
2026-07-29 16:43:58,int-1,lane-S,1,29.4,1,clear,2,16,0,0.03,RED,0.0,6.0,0.03
2026-07-29 16:43:58,int-1,lane-E,0,30.0,0,clear,2,16,0,0.0,GREEN,0.0,6.0,0.0
2026-07-29 16:43:58,int-1,lane-W,0,29.4,0,clear,2,16,0,0.0,RED,0.0,6.0,0.0
2026-07-29 16:44:06,int-1,lane-N,6,0.0,3,clear,2,16,0,0.1,RED,2384.5,3.0,0.2
2026-07-29 16:44:06,int-1,lane-S,1,29.7,1,clear,2,16,0,0.03,RED,0.0,3.0,0.03
2026-07-29 16:44:06,int-1,lane-E,0,30.0,0,clear,2,16,0,0.0,GREEN,0.0,3.0,0.0
2026-07-29 16:44:06,int-1,lane-W,0,29.7,0,clear,2,16,0,0.0,RED,0.0,3.0,0.0
2026-07-29 16:44:12,int-1,lane-N,7,0.0,4,clear,2,16,0,0.13,RED,2385.5,2.0,0.23
2026-07-29 16:44:12,int-1,lane-S,2,29.099999999999998,2,clear,2,16,0,0.07,RED,0.0,2.0,0.07
2026-07-29 16:44:12,int-1,lane-E,0,30.0,0,clear,2,16,0,0.0,YELLOW,0.0,2.0,0.0
2026-07-29 16:44:12,int-1,lane-W,1,29.099999999999998,1,clear,2,16,0,0.03,RED,0.0,2.0,0.03
2026-07-29 16:44:25,int-1,lane-N,3,1.0,0,clear,2,16,0,0.0,GREEN,2387.5,6.0,0.1
2026-07-29 16:44:25,int-1,lane-S,1,29.4,1,clear,2,16,0,0.03,RED,0.0,6.0,0.03
2026-07-29 16:44:25,int-1,lane-E,0,29.4,0,clear,2,16,0,0.0,RED,0.0,6.0,0.0
2026-07-29 16:44:25,int-1,lane-W,1,29.4,1,clear,2,16,0,0.03,RED,0.0,6.0,0.03
2026-07-29 16:44:35,int-1,lane-N,4,0.5,1,clear,2,16,0,0.03,GREEN,2389.5,4.0,0.13
2026-07-29 16:44:35,int-1,lane-S,0,29.7,0,clear,2,16,0,0.0,RED,0.0,4.0,0.0
2026-07-29 16:44:35,int-1,lane-E,1,29.7,1,clear,2,16,0,0.03,RED,0.0,4.0,0.03
2026-07-29 16:44:35,int-1,lane-W,1,29.7,1,clear,2,16,0,0.03,RED,0.0,4.0,0.03
2026-07-29 16:44:42,int-1,lane-N,3,1.0,0,clear,2,16,0,0.0,YELLOW,2390.5,2.0,0.1
2026-07-29 16:44:42,int-1,lane-S,2,29.099999999999998,2,clear,2,16,0,0.07,RED,0.0,2.0,0.07
2026-07-29 16:44:42,int-1,lane-E,1,29.099999999999998,1,clear,2,16,0,0.03,RED,0.0,2.0,0.03
2026-07-29 16:44:42,int-1,lane-W,1,29.099999999999998,1,clear,2,16,0,0.03,RED,0.0,2.0,0.03
2026-07-29 16:44:50,int-1,lane-N,6,0.0,3,clear,2,16,0,0.1,RED,2392.5,6.0,0.2
2026-07-29 16:44:50,int-1,lane-S,0,30.0,0,clear,2,16,0,0.0,GREEN,0.0,6.0,0.0
2026-07-29 16:44:50,int-1,lane-E,1,29.4,1,clear,2,16,0,0.03,RED,0.0,6.0,0.03
2026-07-29 16:44:50,int-1,lane-W,0,29.4,0,clear,2,16,0,0.0,RED,0.0,6.0,0.0
2026-07-29 16:44:58,int-1,lane-N,6,0.0,3,clear,2,16,0,0.1,RED,2394.5,6.0,0.2
2026-07-29 16:44:58,int-1,lane-S,0,30.0,0,clear,2,16,0,0.0,GREEN,0.0,6.0,0.0
2026-07-29 16:44:58,int-1,lane-E,1,29.7,1,clear,2,16,0,0.03,RED,0.0,6.0,0.03
2026-07-29 16:44:58,int-1,lane-W,0,29.7,0,clear,2,16,0,0.0,RED,0.0,6.0,0.0
2026-07-29 16:45:11,int-1,lane-N,6,0.0,3,clear,2,16,0,0.1,RED,2395.5,3.0,0.2
2026-07-29 16:45:11,int-1,lane-S,0,30.0,0,clear,2,16,0,0.0,GREEN,0.0,3.0,0.0
2026-07-29 16:45:11,int-1,lane-E,0,29.099999999999998,0,clear,2,16,0,0.0,RED,0.0,3.0,0.0
2026-07-29 16:45:11,int-1,lane-W,2,29.099999999999998,2,clear,2,16,0,0.07,RED,0.0,3.0,0.07
2026-07-29 16:45:18,int-1,lane-N,6,0.0,3,clear,2,16,0,0.1,RED,2397.5,2.0,0.2
2026-07-29 16:45:18,int-1,lane-S,0,30.0,0,clear,2,16,0,0.0,YELLOW,0.0,2.0,0.0
2026-07-29 16:45:18,int-1,lane-E,1,29.4,1,clear,2,16,0,0.03,RED,0.0,2.0,0.03
2026-07-29 16:45:18,int-1,lane-W,0,29.4,0,clear,2,16,0,0.0,RED,0.0,2.0,0.0
2026-07-29 16:45:34,int-1,lane-N,4,0.5,1,clear,2,16,0,0.03,GREEN,2399.5,6.0,0.13
2026-07-29 16:45:34,int-1,lane-S,1,29.7,1,clear,2,16,0,0.03,RED,0.0,6.0,0.03
2026-07-29 16:45:34,int-1,lane-E,1,29.7,1,clear,2,16,0,0.03,RED,0.0,6.0,0.03
2026-07-29 16:45:34,int-1,lane-W,1,29.7,1,clear,2,16,0,0.03,RED,0.0,6.0,0.03
2026-07-29 16:45:41,int-1,lane-N,2,1.5,0,clear,2,16,0,0.0,GREEN,2400.5,4.0,0.07
2026-07-29 16:45:41,int-1,lane-S,1,29.099999999999998,1,clear,2,16,0,0.03,RED,0.0,4.0,0.03
2026-07-29 16:45:41,int-1,lane-E,0,29.099999999999998,0,clear,2,16,0,0.0,RED,0.0,4.0,0.0
2026-07-29 16:45:41,int-1,lane-W,2,29.099999999999998,2,clear,2,16,0,0.07,RED,0.0,4.0,0.07
2026-07-29 16:45:50,int-1,lane-N,4,0.5,1,clear,2,16,0,0.03,YELLOW,2402.5,2.0,0.13
2026-07-29 16:45:50,int-1,lane-S,0,29.4,0,clear,2,16,0,0.0,RED,0.0,2.0,0.0
2026-07-29 16:45:50,int-1,lane-E,2,29.4,2,clear,2,16,0,0.07,RED,0.0,2.0,0.07
2026-07-29 16:45:50,int-1,lane-W,2,29.4,2,clear,2,16,0,0.07,RED,0.0,2.0,0.07
2026-07-29 16:45:57,int-1,lane-N,5,0.0,2,clear,2,16,0,0.07,RED,2404.5,6.0,0.17
2026-07-29 16:45:57,int-1,lane-S,0,29.7,0,clear,2,16,0,0.0,RED,0.0,6.0,0.0
2026-07-29 16:45:57,int-1,lane-E,0,30.0,0,clear,2,16,0,0.0,GREEN,0.0,6.0,0.0
2026-07-29 16:45:57,int-1,lane-W,1,29.7,1,clear,2,16,0,0.03,RED,0.0,6.0,0.03
2026-07-29 16:46:03,int-1,lane-N,7,0.0,4,clear,2,16,0,0.13,RED,2405.5,6.0,0.23
2026-07-29 16:46:03,int-1,lane-S,2,29.099999999999998,2,clear,2,16,0,0.07,RED,0.0,6.0,0.07
2026-07-29 16:46:03,int-1,lane-E,0,30.0,0,clear,2,16,0,0.0,GREEN,0.0,6.0,0.0
2026-07-29 16:46:03,int-1,lane-W,1,29.099999999999998,1,clear,2,16,0,0.03,RED,0.0,6.0,0.03
2026-07-29 16:46:13,int-1,lane-N,6,0.0,3,clear,2,16,1,0.1,RED,2407.5,6.0,0.2
2026-07-29 16:46:13,int-1,lane-S,1,29.4,1,clear,2,16,0,0.03,RED,0.0,6.0,0.03
2026-07-29 16:46:13,int-1,lane-E,0,30.0,0,clear,2,16,0,0.0,GREEN,0.0,6.0,0.0
2026-07-29 16:46:13,int-1,lane-W,1,29.4,1,clear,2,16,0,0.03,RED,0.0,6.0,0.03
2026-07-29 16:46:37,int-1,lane-N,5,0.0,2,clear,2,16,1,0.07,RED,2409.5,3.0,0.17
2026-07-29 16:46:37,int-1,lane-S,0,29.7,0,clear,2,16,0,0.0,RED,0.0,3.0,0.0
2026-07-29 16:46:37,int-1,lane-E,0,30.0,0,clear,2,16,0,0.0,GREEN,0.0,3.0,0.0
2026-07-29 16:46:37,int-1,lane-W,0,29.7,0,clear,2,16,0,0.0,RED,0.0,3.0,0.0
2026-07-29 16:46:53,int-1,lane-N,6,0.0,3,clear,2,16,1,0.1,RED,2410.5,2.0,0.2
2026-07-29 16:46:53,int-1,lane-S,2,29.099999999999998,2,clear,2,16,0,0.07,RED,0.0,2.0,0.07
2026-07-29 16:46:53,int-1,lane-E,0,30.0,0,clear,2,16,0,0.0,YELLOW,0.0,2.0,0.0
2026-07-29 16:46:53,int-1,lane-W,1,29.099999999999998,1,clear,2,16,0,0.03,RED,0.0,2.0,0.03
2026-07-29 16:47:04,int-1,lane-N,3,1.0,0,clear,2,16,0,0.0,GREEN,2412.5,6.0,0.1
2026-07-29 16:47:04,int-1,lane-S,1,29.4,1,clear,2,16,0,0.03,RED,0.0,6.0,0.03
2026-07-29 16:47:04,int-1,lane-E,0,29.4,0,clear,2,16,0,0.0,RED,0.0,6.0,0.0
2026-07-29 16:47:04,int-1,lane-W,0,29.4,0,clear,2,16,0,0.0,RED,0.0,6.0,0.0
2026-07-29 16:47:21,int-1,lane-N,4,0.5,1,clear,2,16,0,0.03,GREEN,2414.5,4.0,0.13
2026-07-29 16:47:21,int-1,lane-S,1,29.7,1,clear,2,16,0,0.03,RED,0.0,4.0,0.03
2026-07-29 16:47:21,int-1,lane-E,0,29.7,0,clear,2,16,0,0.0,RED,0.0,4.0,0.0
2026-07-29 16:47:21,int-1,lane-W,1,29.7,1,clear,2,16,0,0.03,RED,0.0,4.0,0.03
2026-07-29 16:47:29,int-1,lane-N,2,1.5,0,clear,2,16,0,0.0,GREEN,2415.5,1.0,0.07
2026-07-29 16:47:29,int-1,lane-S,1,29.099999999999998,1,clear,2,16,0,0.03,RED,0.0,1.0,0.03
2026-07-29 16:47:29,int-1,lane-E,1,29.099999999999998,1,clear,2,16,0,0.03,RED,0.0,1.0,0.03
2026-07-29 16:47:29,int-1,lane-W,2,29.099999999999998,2,clear,2,16,0,0.07,RED,0.0,1.0,0.07
2026-07-29 16:47:45,int-1,lane-N,16,0.0,8,clear,2,16,0,0.27,RED,2417.5,6.0,0.53
2026-07-29 16:47:45,int-1,lane-S,11,31.0,3,clear,2,16,0,0.1,GREEN,0.0,6.0,0.37
2026-07-29 16:47:45,int-1,lane-E,19,29.4,8,clear,2,16,0,0.27,RED,0.0,6.0,0.63
2026-07-29 16:47:45,int-1,lane-W,8,29.4,4,clear,2,16,0,0.13,RED,0.0,6.0,0.27
2026-07-29 16:48:13,int-1,lane-N,5,0.0,2,clear,2,16,0,0.07,RED,2419.5,5.0,0.17
2026-07-29 16:48:13,int-1,lane-S,0,30.0,0,clear,2,16,0,0.0,GREEN,0.0,5.0,0.0
2026-07-29 16:48:13,int-1,lane-E,1,29.7,1,clear,2,16,0,0.03,RED,0.0,5.0,0.03
2026-07-29 16:48:13,int-1,lane-W,0,29.7,0,clear,2,16,0,0.0,RED,0.0,5.0,0.0
2026-07-29 16:48:31,int-1,lane-N,5,0.0,2,clear,2,16,0,0.07,RED,2420.5,2.0,0.17
2026-07-29 16:48:31,int-1,lane-S,0,30.0,0,clear,2,16,0,0.0,GREEN,0.0,2.0,0.0
2026-07-29 16:48:31,int-1,lane-E,0,29.099999999999998,0,clear,2,16,0,0.0,RED,0.0,2.0,0.0
2026-07-29 16:48:31,int-1,lane-W,0,29.099999999999998,0,clear,2,16,0,0.0,RED,0.0,2.0,0.0
2026-07-29 16:48:48,int-1,lane-N,10,0.5,3,clear,2,16,0,0.1,GREEN,2422.5,6.0,0.33
2026-07-29 16:48:48,int-1,lane-S,13,29.7,6,clear,2,16,0,0.2,RED,0.0,6.0,0.43
2026-07-29 16:48:48,int-1,lane-E,21,29.4,9,clear,2,16,0,0.3,RED,0.0,6.0,0.7
2026-07-29 16:48:48,int-1,lane-W,8,29.4,4,clear,2,16,0,0.13,RED,0.0,6.0,0.27
2026-07-29 16:48:57,int-1,lane-N,4,0.5,1,clear,2,16,0,0.03,GREEN,2424.5,4.0,0.13
2026-07-29 16:48:57,int-1,lane-S,0,29.7,0,clear,2,16,0,0.0,RED,0.0,4.0,0.0
2026-07-29 16:48:57,int-1,lane-E,1,29.7,1,clear,2,16,0,0.03,RED,0.0,4.0,0.03
2026-07-29 16:48:57,int-1,lane-W,0,29.7,0,clear,2,16,0,0.0,RED,0.0,4.0,0.0
2026-07-29 16:49:03,int-1,lane-N,2,1.5,0,clear,2,16,0,0.0,GREEN,2425.5,1.0,0.07
2026-07-29 16:49:03,int-1,lane-S,1,29.099999999999998,1,clear,2,16,0,0.03,RED,0.0,1.0,0.03
2026-07-29 16:49:03,int-1,lane-E,0,29.099999999999998,0,clear,2,16,0,0.0,RED,0.0,1.0,0.0
2026-07-29 16:49:03,int-1,lane-W,1,29.099999999999998,1,clear,2,16,0,0.03,RED,0.0,1.0,0.03
2026-07-29 16:49:11,int-1,lane-N,17,0.0,8,clear,2,16,0,0.27,RED,2427.5,6.0,0.57
2026-07-29 16:49:11,int-1,lane-S,14,31.0,4,clear,2,16,0,0.13,GREEN,0.0,6.0,0.47
2026-07-29 16:49:11,int-1,lane-E,21,29.4,8,clear,2,16,0,0.27,RED,0.0,6.0,0.7
2026-07-29 16:49:11,int-1,lane-W,7,29.4,3,clear,2,16,0,0.1,RED,0.0,6.0,0.23
2026-07-29 16:49:22,int-1,lane-N,6,0.0,3,clear,2,16,0,0.1,RED,2429.5,6.0,0.2
2026-07-29 16:49:22,int-1,lane-S,0,30.0,0,clear,2,16,0,0.0,GREEN,0.0,6.0,0.0
2026-07-29 16:49:22,int-1,lane-E,0,29.7,0,clear,2,16,0,0.0,RED,0.0,6.0,0.0
2026-07-29 16:49:22,int-1,lane-W,1,29.7,1,clear,2,16,0,0.03,RED,0.0,6.0,0.03
2026-07-29 16:49:28,int-1,lane-N,6,0.0,3,clear,2,16,0,0.1,RED,2430.5,4.0,0.2
2026-07-29 16:49:28,int-1,lane-S,0,30.0,0,clear,2,16,0,0.0,GREEN,0.0,4.0,0.0
2026-07-29 16:49:28,int-1,lane-E,0,29.099999999999998,0,clear,2,16,0,0.0,RED,0.0,4.0,0.0
2026-07-29 16:49:28,int-1,lane-W,3,29.099999999999998,3,clear,2,16,0,0.1,RED,0.0,4.0,0.1
2026-07-29 16:49:43,int-1,lane-N,6,0.0,3,clear,2,16,0,0.1,RED,2432.5,2.0,0.2
2026-07-29 16:49:43,int-1,lane-S,0,30.0,0,clear,2,16,0,0.0,YELLOW,0.0,2.0,0.0
2026-07-29 16:49:43,int-1,lane-E,1,29.4,1,clear,2,16,0,0.03,RED,0.0,2.0,0.03
2026-07-29 16:49:43,int-1,lane-W,1,29.4,1,clear,2,16,0,0.03,RED,0.0,2.0,0.03
2026-07-29 16:49:54,int-1,lane-N,4,0.5,1,clear,2,16,0,0.03,GREEN,2434.5,6.0,0.13
2026-07-29 16:49:54,int-1,lane-S,0,29.7,0,clear,2,16,0,0.0,RED,0.0,6.0,0.0
2026-07-29 16:49:54,int-1,lane-E,1,29.7,1,clear,2,16,0,0.03,RED,0.0,6.0,0.03
2026-07-29 16:49:54,int-1,lane-W,0,29.7,0,clear,2,16,0,0.0,RED,0.0,6.0,0.0
2026-07-29 16:50:01,int-1,lane-N,2,1.5,0,clear,2,16,0,0.0,GREEN,2435.5,4.0,0.07
2026-07-29 16:50:01,int-1,lane-S,1,29.099999999999998,1,clear,2,16,0,0.03,RED,0.0,4.0,0.03
2026-07-29 16:50:01,int-1,lane-E,0,29.099999999999998,0,clear,2,16,0,0.0,RED,0.0,4.0,0.0
2026-07-29 16:50:01,int-1,lane-W,2,29.099999999999998,2,clear,2,16,0,0.07,RED,0.0,4.0,0.07
2026-07-29 16:50:13,int-1,lane-N,3,1.0,0,clear,2,16,0,0.0,GREEN,2437.5,1.0,0.1
2026-07-29 16:50:13,int-1,lane-S,2,29.4,2,clear,2,16,0,0.07,RED,0.0,1.0,0.07
2026-07-29 16:50:13,int-1,lane-E,0,29.4,0,clear,2,16,0,0.0,RED,0.0,1.0,0.0
2026-07-29 16:50:13,int-1,lane-W,1,29.4,1,clear,2,16,0,0.03,RED,0.0,1.0,0.03
2026-07-29 16:50:21,int-1,lane-N,5,0.0,2,clear,2,16,0,0.07,RED,2439.5,6.0,0.17
2026-07-29 16:50:21,int-1,lane-S,0,30.0,0,clear,2,16,0,0.0,GREEN,0.0,6.0,0.0
2026-07-29 16:50:21,int-1,lane-E,0,29.7,0,clear,2,16,0,0.0,RED,0.0,6.0,0.0
2026-07-29 16:50:21,int-1,lane-W,0,29.7,0,clear,2,16,0,0.0,RED,0.0,6.0,0.0
2026-07-29 16:50:30,int-1,lane-N,8,0.0,5,clear,2,16,0,0.17,RED,2440.5,6.0,0.27
2026-07-29 16:50:30,int-1,lane-S,0,30.0,0,clear,2,16,0,0.0,GREEN,0.0,6.0,0.0
2026-07-29 16:50:30,int-1,lane-E,1,29.099999999999998,1,clear,2,16,0,0.03,RED,0.0,6.0,0.03
2026-07-29 16:50:30,int-1,lane-W,0,29.099999999999998,0,clear,2,16,0,0.0,RED,0.0,6.0,0.0
2026-07-29 16:50:48,int-1,lane-N,5,0.0,2,clear,2,16,1,0.07,RED,2442.5,3.0,0.17
2026-07-29 16:50:48,int-1,lane-S,0,30.0,0,clear,2,16,0,0.0,GREEN,0.0,3.0,0.0
2026-07-29 16:50:48,int-1,lane-E,2,29.4,2,clear,2,16,0,0.07,RED,0.0,3.0,0.07
2026-07-29 16:50:48,int-1,lane-W,0,29.4,0,clear,2,16,0,0.0,RED,0.0,3.0,0.0
2026-07-29 16:51:11,int-1,lane-N,6,0.0,3,clear,2,16,1,0.1,RED,2444.5,2.0,0.2
2026-07-29 16:51:11,int-1,lane-S,0,30.0,0,clear,2,16,0,0.0,YELLOW,0.0,2.0,0.0
2026-07-29 16:51:11,int-1,lane-E,1,29.7,1,clear,2,16,0,0.03,RED,0.0,2.0,0.03
2026-07-29 16:51:11,int-1,lane-W,0,29.7,0,clear,2,16,0,0.0,RED,0.0,2.0,0.0
2026-07-29 16:51:17,int-1,lane-N,2,1.5,0,clear,2,16,1,0.0,GREEN,2445.5,6.0,0.07
2026-07-29 16:51:17,int-1,lane-S,1,29.099999999999998,1,clear,2,16,0,0.03,RED,0.0,6.0,0.03
2026-07-29 16:51:17,int-1,lane-E,1,29.099999999999998,1,clear,2,16,0,0.03,RED,0.0,6.0,0.03
2026-07-29 16:51:17,int-1,lane-W,1,29.099999999999998,1,clear,2,16,0,0.03,RED,0.0,6.0,0.03
2026-07-29 16:51:25,int-1,lane-N,3,1.0,0,clear,2,16,0,0.0,GREEN,2447.5,4.0,0.1
2026-07-29 16:51:25,int-1,lane-S,1,29.4,1,clear,2,16,0,0.03,RED,0.0,4.0,0.03
2026-07-29 16:51:25,int-1,lane-E,0,29.4,0,clear,2,16,0,0.0,RED,0.0,4.0,0.0
2026-07-29 16:51:25,int-1,lane-W,1,29.4,1,clear,2,16,0,0.03,RED,0.0,4.0,0.03
2026-07-29 16:51:33,int-1,lane-N,5,0.0,2,clear,2,16,0,0.07,YELLOW,2449.5,2.0,0.17
2026-07-29 16:51:33,int-1,lane-S,1,29.7,1,clear,2,16,0,0.03,RED,0.0,2.0,0.03
2026-07-29 16:51:33,int-1,lane-E,0,29.7,0,clear,2,16,0,0.0,RED,0.0,2.0,0.0
2026-07-29 16:51:33,int-1,lane-W,0,29.7,0,clear,2,16,0,0.0,RED,0.0,2.0,0.0
2026-07-29 16:51:39,int-1,lane-N,13,0.0,6,clear,2,16,0,0.2,RED,2450.5,6.0,0.43
2026-07-29 16:51:39,int-1,lane-S,11,31.5,3,clear,2,16,0,0.1,GREEN,0.0,6.0,0.37
2026-07-29 16:51:39,int-1,lane-E,22,29.099999999999998,9,clear,2,16,0,0.3,RED,0.0,6.0,0.73
2026-07-29 16:51:39,int-1,lane-W,8,29.099999999999998,4,clear,2,16,0,0.13,RED,0.0,6.0,0.27
2026-07-29 16:51:47,int-1,lane-N,5,0.0,2,clear,2,16,0,0.07,RED,2452.5,5.0,0.17
2026-07-29 16:51:47,int-1,lane-S,0,30.0,0,clear,2,16,0,0.0,GREEN,0.0,5.0,0.0
2026-07-29 16:51:47,int-1,lane-E,1,29.4,1,clear,2,16,0,0.03,RED,0.0,5.0,0.03
2026-07-29 16:51:47,int-1,lane-W,1,29.4,1,clear,2,16,0,0.03,RED,0.0,5.0,0.03
2026-07-29 16:51:56,int-1,lane-N,5,0.0,2,clear,2,16,0,0.07,RED,2454.5,2.0,0.17
2026-07-29 16:51:56,int-1,lane-S,0,30.0,0,clear,2,16,0,0.0,GREEN,0.0,2.0,0.0
2026-07-29 16:51:56,int-1,lane-E,1,29.7,1,clear,2,16,0,0.03,RED,0.0,2.0,0.03
2026-07-29 16:51:56,int-1,lane-W,1,29.7,1,clear,2,16,0,0.03,RED,0.0,2.0,0.03
2026-07-29 16:52:03,int-1,lane-N,12,0.5,4,clear,2,16,0,0.13,GREEN,2455.5,6.0,0.4
2026-07-29 16:52:03,int-1,lane-S,14,29.7,6,clear,2,16,0,0.2,RED,0.0,6.0,0.47
2026-07-29 16:52:03,int-1,lane-E,17,29.099999999999998,7,clear,2,16,0,0.23,RED,0.0,6.0,0.57
2026-07-29 16:52:03,int-1,lane-W,8,29.099999999999998,4,clear,2,16,0,0.13,RED,0.0,6.0,0.27
2026-07-29 16:52:10,int-1,lane-N,3,1.0,0,clear,2,16,0,0.0,GREEN,2457.5,5.0,0.1
2026-07-29 16:52:10,int-1,lane-S,2,29.4,2,clear,2,16,0,0.07,RED,0.0,5.0,0.07
2026-07-29 16:52:10,int-1,lane-E,0,29.4,0,clear,2,16,0,0.0,RED,0.0,5.0,0.0
2026-07-29 16:52:10,int-1,lane-W,1,29.4,1,clear,2,16,0,0.03,RED,0.0,5.0,0.03
2026-07-29 16:52:19,int-1,lane-N,4,0.5,1,clear,2,16,0,0.03,GREEN,2459.5,2.0,0.13
2026-07-29 16:52:19,int-1,lane-S,0,29.7,0,clear,2,16,0,0.0,RED,0.0,2.0,0.0
2026-07-29 16:52:19,int-1,lane-E,1,29.7,1,clear,2,16,0,0.03,RED,0.0,2.0,0.03
2026-07-29 16:52:19,int-1,lane-W,0,29.7,0,clear,2,16,0,0.0,RED,0.0,2.0,0.0
2026-07-29 16:52:25,int-1,lane-N,5,0.0,2,clear,2,16,0,0.07,YELLOW,2460.5,1.0,0.17
2026-07-29 16:52:25,int-1,lane-S,1,29.099999999999998,1,clear,2,16,0,0.03,RED,0.0,1.0,0.03
2026-07-29 16:52:25,int-1,lane-E,1,29.099999999999998,1,clear,2,16,0,0.03,RED,0.0,1.0,0.03
2026-07-29 16:52:25,int-1,lane-W,2,29.099999999999998,2,clear,2,16,0,0.07,RED,0.0,1.0,0.07
2026-07-29 16:52:35,int-1,lane-N,6,0.0,3,clear,2,16,0,0.1,RED,2462.5,6.0,0.2
2026-07-29 16:52:35,int-1,lane-S,0,30.0,0,clear,2,16,0,0.0,GREEN,0.0,6.0,0.0
2026-07-29 16:52:35,int-1,lane-E,1,29.4,1,clear,2,16,0,0.03,RED,0.0,6.0,0.03
2026-07-29 16:52:35,int-1,lane-W,1,29.4,1,clear,2,16,0,0.03,RED,0.0,6.0,0.03
2026-07-29 16:52:46,int-1,lane-N,6,0.0,3,clear,2,16,0,0.1,RED,2464.5,4.0,0.2
2026-07-29 16:52:46,int-1,lane-S,0,30.0,0,clear,2,16,0,0.0,GREEN,0.0,4.0,0.0
2026-07-29 16:52:46,int-1,lane-E,0,29.7,0,clear,2,16,0,0.0,RED,0.0,4.0,0.0
2026-07-29 16:52:46,int-1,lane-W,0,29.7,0,clear,2,16,0,0.0,RED,0.0,4.0,0.0
2026-07-29 16:52:52,int-1,lane-N,7,0.0,4,clear,2,16,0,0.13,RED,2465.5,1.0,0.23
2026-07-29 16:52:52,int-1,lane-S,0,30.0,0,clear,2,16,0,0.0,GREEN,0.0,1.0,0.0
2026-07-29 16:52:52,int-1,lane-E,1,29.099999999999998,1,clear,2,16,0,0.03,RED,0.0,1.0,0.03
2026-07-29 16:52:52,int-1,lane-W,1,29.099999999999998,1,clear,2,16,0,0.03,RED,0.0,1.0,0.03
2026-07-29 16:53:05,int-1,lane-N,11,1.0,3,clear,2,16,0,0.1,GREEN,2467.5,6.0,0.37
2026-07-29 16:53:05,int-1,lane-S,15,29.4,7,clear,2,16,0,0.23,RED,0.0,6.0,0.5
2026-07-29 16:53:05,int-1,lane-E,24,29.4,10,clear,2,16,0,0.33,RED,0.0,6.0,0.8
2026-07-29 16:53:05,int-1,lane-W,7,29.4,3,clear,2,16,0,0.1,RED,0.0,6.0,0.23
2026-07-29 16:53:13,int-1,lane-N,4,0.5,1,clear,2,16,0,0.03,GREEN,2469.5,5.0,0.13
2026-07-29 16:53:13,int-1,lane-S,0,29.7,0,clear,2,16,0,0.0,RED,0.0,5.0,0.0
2026-07-29 16:53:13,int-1,lane-E,0,29.7,0,clear,2,16,0,0.0,RED,0.0,5.0,0.0
2026-07-29 16:53:13,int-1,lane-W,1,29.7,1,clear,2,16,0,0.03,RED,0.0,5.0,0.03
2026-07-29 16:53:19,int-1,lane-N,2,1.5,0,clear,2,16,0,0.0,GREEN,2470.5,2.0,0.07
2026-07-29 16:53:19,int-1,lane-S,1,29.099999999999998,1,clear,2,16,0,0.03,RED,0.0,2.0,0.03
2026-07-29 16:53:19,int-1,lane-E,2,29.099999999999998,2,clear,2,16,0,0.07,RED,0.0,2.0,0.07
2026-07-29 16:53:19,int-1,lane-W,0,29.099999999999998,0,clear,2,16,0,0.0,RED,0.0,2.0,0.0
2026-07-29 16:53:27,int-1,lane-N,12,0.0,5,clear,2,16,0,0.17,RED,2472.5,6.0,0.4
2026-07-29 16:53:27,int-1,lane-S,12,30.2,4,clear,2,16,0,0.13,GREEN,0.0,6.0,0.4
2026-07-29 16:53:27,int-1,lane-E,20,29.4,9,clear,2,16,0,0.3,RED,0.0,6.0,0.67
2026-07-29 16:53:27,int-1,lane-W,7,29.4,3,clear,2,16,0,0.1,RED,0.0,6.0,0.23
2026-07-29 16:53:35,int-1,lane-N,5,0.0,2,clear,2,16,0,0.07,RED,2474.5,5.0,0.17
2026-07-29 16:53:35,int-1,lane-S,0,30.0,0,clear,2,16,0,0.0,GREEN,0.0,5.0,0.0
2026-07-29 16:53:35,int-1,lane-E,0,29.7,0,clear,2,16,0,0.0,RED,0.0,5.0,0.0
2026-07-29 16:53:35,int-1,lane-W,1,29.7,1,clear,2,16,0,0.03,RED,0.0,5.0,0.03
2026-07-29 16:53:41,int-1,lane-N,5,0.0,2,clear,2,16,1,0.07,RED,2475.5,2.0,0.17
2026-07-29 16:53:41,int-1,lane-S,0,30.0,0,clear,2,16,0,0.0,GREEN,0.0,2.0,0.0
2026-07-29 16:53:41,int-1,lane-E,1,29.099999999999998,1,clear,2,16,0,0.03,RED,0.0,2.0,0.03
2026-07-29 16:53:41,int-1,lane-W,2,29.099999999999998,2,clear,2,16,0,0.07,RED,0.0,2.0,0.07
2026-07-29 16:53:48,int-1,lane-N,6,0.0,3,clear,2,16,1,0.1,RED,2477.5,1.0,0.2
2026-07-29 16:53:48,int-1,lane-S,0,30.0,0,clear,2,16,0,0.0,YELLOW,0.0,1.0,0.0
2026-07-29 16:53:48,int-1,lane-E,0,29.4,0,clear,2,16,0,0.0,RED,0.0,1.0,0.0
2026-07-29 16:53:48,int-1,lane-W,2,29.4,2,clear,2,16,0,0.07,RED,0.0,1.0,0.07
2026-07-29 16:54:04,int-1,lane-N,4,0.5,1,clear,2,16,1,0.03,GREEN,2479.5,6.0,0.13
2026-07-29 16:54:04,int-1,lane-S,1,29.7,1,clear,2,16,0,0.03,RED,0.0,6.0,0.03
2026-07-29 16:54:04,int-1,lane-E,0,29.7,0,clear,2,16,0,0.0,RED,0.0,6.0,0.0
2026-07-29 16:54:04,int-1,lane-W,1,29.7,1,clear,2,16,0,0.03,RED,0.0,6.0,0.03
2026-07-29 16:54:13,int-1,lane-N,2,1.5,0,clear,2,16,0,0.0,GREEN,2480.5,4.0,0.07
2026-07-29 16:54:13,int-1,lane-S,1,29.099999999999998,1,clear,2,16,0,0.03,RED,0.0,4.0,0.03
2026-07-29 16:54:13,int-1,lane-E,1,29.099999999999998,1,clear,2,16,0,0.03,RED,0.0,4.0,0.03
2026-07-29 16:54:13,int-1,lane-W,2,29.099999999999998,2,clear,2,16,0,0.07,RED,0.0,4.0,0.07
2026-07-29 16:54:22,int-1,lane-N,3,1.0,0,clear,2,16,0,0.0,GREEN,2482.5,1.0,0.1
2026-07-29 16:54:22,int-1,lane-S,0,29.4,0,clear,2,16,0,0.0,RED,0.0,1.0,0.0
2026-07-29 16:54:22,int-1,lane-E,0,29.4,0,clear,2,16,0,0.0,RED,0.0,1.0,0.0
2026-07-29 16:54:22,int-1,lane-W,0,29.4,0,clear,2,16,0,0.0,RED,0.0,1.0,0.0
2026-07-29 16:54:31,int-1,lane-N,6,0.0,3,clear,2,16,0,0.1,RED,2484.5,6.0,0.2
2026-07-29 16:54:31,int-1,lane-S,0,30.0,0,clear,2,16,0,0.0,GREEN,0.0,6.0,0.0
2026-07-29 16:54:31,int-1,lane-E,0,29.7,0,clear,2,16,0,0.0,RED,0.0,6.0,0.0
2026-07-29 16:54:31,int-1,lane-W,1,29.7,1,clear,2,16,0,0.03,RED,0.0,6.0,0.03
2026-07-29 16:54:38,int-1,lane-N,5,0.0,2,clear,2,16,0,0.07,RED,2485.5,6.0,0.17
2026-07-29 16:54:38,int-1,lane-S,0,30.0,0,clear,2,16,0,0.0,GREEN,0.0,6.0,0.0
2026-07-29 16:54:38,int-1,lane-E,0,29.099999999999998,0,clear,2,16,0,0.0,RED,0.0,6.0,0.0
2026-07-29 16:54:38,int-1,lane-W,1,29.099999999999998,1,clear,2,16,0,0.03,RED,0.0,6.0,0.03
2026-07-29 16:54:56,int-1,lane-N,6,0.0,3,clear,2,16,0,0.1,RED,2487.5,3.0,0.2
2026-07-29 16:54:56,int-1,lane-S,0,30.0,0,clear,2,16,0,0.0,GREEN,0.0,3.0,0.0
2026-07-29 16:54:56,int-1,lane-E,1,29.4,1,clear,2,16,0,0.03,RED,0.0,3.0,0.03
2026-07-29 16:54:56,int-1,lane-W,2,29.4,2,clear,2,16,0,0.07,RED,0.0,3.0,0.07
2026-07-29 16:55:19,int-1,lane-N,6,0.0,3,clear,2,16,0,0.1,RED,2489.5,2.0,0.2
2026-07-29 16:55:19,int-1,lane-S,0,30.0,0,clear,2,16,0,0.0,YELLOW,0.0,2.0,0.0
2026-07-29 16:55:19,int-1,lane-E,0,29.7,0,clear,2,16,0,0.0,RED,0.0,2.0,0.0
2026-07-29 16:55:19,int-1,lane-W,1,29.7,1,clear,2,16,0,0.03,RED,0.0,2.0,0.03
2026-07-29 16:55:26,int-1,lane-N,2,1.5,0,clear,2,16,0,0.0,GREEN,2490.5,6.0,0.07
2026-07-29 16:55:26,int-1,lane-S,1,29.099999999999998,1,clear,2,16,0,0.03,RED,0.0,6.0,0.03
2026-07-29 16:55:26,int-1,lane-E,0,29.099999999999998,0,clear,2,16,0,0.0,RED,0.0,6.0,0.0
2026-07-29 16:55:26,int-1,lane-W,0,29.099999999999998,0,clear,2,16,0,0.0,RED,0.0,6.0,0.0
2026-07-29 16:55:34,int-1,lane-N,3,1.0,0,clear,2,16,0,0.0,GREEN,2492.5,5.0,0.1
2026-07-29 16:55:34,int-1,lane-S,0,29.4,0,clear,2,16,0,0.0,RED,0.0,5.0,0.0
2026-07-29 16:55:34,int-1,lane-E,2,29.4,2,clear,2,16,0,0.07,RED,0.0,5.0,0.07
2026-07-29 16:55:34,int-1,lane-W,0,29.4,0,clear,2,16,0,0.0,RED,0.0,5.0,0.0
2026-07-29 16:55:42,int-1,lane-N,4,0.5,1,clear,2,16,0,0.03,GREEN,2494.5,2.0,0.13
2026-07-29 16:55:42,int-1,lane-S,0,29.7,0,clear,2,16,0,0.0,RED,0.0,2.0,0.0
2026-07-29 16:55:42,int-1,lane-E,0,29.7,0,clear,2,16,0,0.0,RED,0.0,2.0,0.0
2026-07-29 16:55:42,int-1,lane-W,0,29.7,0,clear,2,16,0,0.0,RED,0.0,2.0,0.0
2026-07-29 16:55:48,int-1,lane-N,16,0.0,7,clear,2,16,0,0.23,RED,2495.5,5.0,0.53
2026-07-29 16:55:48,int-1,lane-S,16,29.099999999999998,7,clear,2,16,0,0.23,RED,0.0,5.0,0.53
2026-07-29 16:55:48,int-1,lane-E,21,29.099999999999998,9,clear,2,16,0,0.3,RED,0.0,5.0,0.7
2026-07-29 16:55:48,int-1,lane-W,7,29.9,2,clear,2,16,0,0.07,GREEN,0.0,5.0,0.23
2026-07-29 16:55:55,int-1,lane-N,6,0.0,3,clear,2,16,0,0.1,RED,2497.5,2.0,0.2
2026-07-29 16:55:55,int-1,lane-S,0,29.4,0,clear,2,16,0,0.0,RED,0.0,2.0,0.0
2026-07-29 16:55:55,int-1,lane-E,1,29.4,1,clear,2,16,0,0.03,RED,0.0,2.0,0.03
2026-07-29 16:55:55,int-1,lane-W,0,30.0,0,clear,2,16,0,0.0,GREEN,0.0,2.0,0.0
2026-07-29 16:56:03,int-1,lane-N,5,0.0,2,clear,2,16,1,0.07,RED,2499.5,1.0,0.17
2026-07-29 16:56:03,int-1,lane-S,1,29.7,1,clear,2,16,0,0.03,RED,0.0,1.0,0.03
2026-07-29 16:56:03,int-1,lane-E,1,29.7,1,clear,2,16,0,0.03,RED,0.0,1.0,0.03
2026-07-29 16:56:03,int-1,lane-W,0,30.0,0,clear,2,16,0,0.0,YELLOW,0.0,1.0,0.0
2026-07-29 16:56:09,int-1,lane-N,2,1.5,0,clear,2,16,1,0.0,GREEN,2500.5,5.0,0.07
2026-07-29 16:56:09,int-1,lane-S,2,29.099999999999998,2,clear,2,16,0,0.07,RED,0.0,5.0,0.07
2026-07-29 16:56:09,int-1,lane-E,1,29.099999999999998,1,clear,2,16,0,0.03,RED,0.0,5.0,0.03
2026-07-29 16:56:09,int-1,lane-W,2,29.099999999999998,2,clear,2,16,0,0.07,RED,0.0,5.0,0.07
2026-07-29 16:56:17,int-1,lane-N,3,1.0,0,clear,2,16,1,0.0,GREEN,2502.5,2.0,0.1
2026-07-29 16:56:17,int-1,lane-S,1,29.4,1,clear,2,16,0,0.03,RED,0.0,2.0,0.03
2026-07-29 16:56:17,int-1,lane-E,1,29.4,1,clear,2,16,0,0.03,RED,0.0,2.0,0.03
2026-07-29 16:56:17,int-1,lane-W,0,29.4,0,clear,2,16,0,0.0,RED,0.0,2.0,0.0
2026-07-29 16:56:25,int-1,lane-N,5,0.0,2,clear,2,16,0,0.07,YELLOW,2504.5,1.0,0.17
2026-07-29 16:56:25,int-1,lane-S,0,29.7,0,clear,2,16,0,0.0,RED,0.0,1.0,0.0
2026-07-29 16:56:25,int-1,lane-E,1,29.7,1,clear,2,16,0,0.03,RED,0.0,1.0,0.03
2026-07-29 16:56:25,int-1,lane-W,0,29.7,0,clear,2,16,0,0.0,RED,0.0,1.0,0.0
2026-07-29 16:56:32,int-1,lane-N,8,0.0,5,clear,2,16,0,0.17,RED,2505.5,6.0,0.27
2026-07-29 16:56:32,int-1,lane-S,2,29.099999999999998,2,clear,2,16,0,0.07,RED,0.0,6.0,0.07
2026-07-29 16:56:32,int-1,lane-E,0,30.0,0,clear,2,16,0,0.0,GREEN,0.0,6.0,0.0
2026-07-29 16:56:32,int-1,lane-W,1,29.099999999999998,1,clear,2,16,0,0.03,RED,0.0,6.0,0.03
2026-07-29 16:56:40,int-1,lane-N,6,0.0,3,clear,2,16,0,0.1,RED,2507.5,6.0,0.2
2026-07-29 16:56:40,int-1,lane-S,2,29.4,2,clear,2,16,0,0.07,RED,0.0,6.0,0.07
2026-07-29 16:56:40,int-1,lane-E,0,30.0,0,clear,2,16,0,0.0,GREEN,0.0,6.0,0.0
2026-07-29 16:56:40,int-1,lane-W,0,29.4,0,clear,2,16,0,0.0,RED,0.0,6.0,0.0
2026-07-29 16:56:47,int-1,lane-N,5,0.0,2,clear,2,16,0,0.07,RED,2509.5,4.0,0.17
2026-07-29 16:56:47,int-1,lane-S,0,29.7,0,clear,2,16,0,0.0,RED,0.0,4.0,0.0
2026-07-29 16:56:47,int-1,lane-E,0,30.0,0,clear,2,16,0,0.0,GREEN,0.0,4.0,0.0
2026-07-29 16:56:47,int-1,lane-W,1,29.7,1,clear,2,16,0,0.03,RED,0.0,4.0,0.03
2026-07-29 16:56:53,int-1,lane-N,7,0.0,4,clear,2,16,0,0.13,RED,2510.5,1.0,0.23
2026-07-29 16:56:53,int-1,lane-S,1,29.099999999999998,1,clear,2,16,0,0.03,RED,0.0,1.0,0.03
2026-07-29 16:56:53,int-1,lane-E,0,30.0,0,clear,2,16,0,0.0,GREEN,0.0,1.0,0.0
2026-07-29 16:56:53,int-1,lane-W,1,29.099999999999998,1,clear,2,16,0,0.03,RED,0.0,1.0,0.03
2026-07-29 16:56:59,int-1,lane-N,11,1.0,3,clear,2,16,0,0.1,GREEN,2512.5,6.0,0.37
2026-07-29 16:56:59,int-1,lane-S,16,29.4,7,clear,2,16,0,0.23,RED,0.0,6.0,0.53
2026-07-29 16:56:59,int-1,lane-E,21,29.4,9,clear,2,16,0,0.3,RED,0.0,6.0,0.7
2026-07-29 16:56:59,int-1,lane-W,9,29.4,5,clear,2,16,0,0.17,RED,0.0,6.0,0.3
2026-07-29 16:57:07,int-1,lane-N,4,0.5,1,clear,2,16,0,0.03,GREEN,2514.5,5.0,0.13
2026-07-29 16:57:07,int-1,lane-S,0,29.7,0,clear,2,16,0,0.0,RED,0.0,5.0,0.0
2026-07-29 16:57:07,int-1,lane-E,1,29.7,1,clear,2,16,0,0.03,RED,0.0,5.0,0.03
2026-07-29 16:57:07,int-1,lane-W,0,29.7,0,clear,2,16,0,0.0,RED,0.0,5.0,0.0
2026-07-29 16:57:13,int-1,lane-N,2,1.5,0,clear,2,16,0,0.0,GREEN,2515.5,2.0,0.07
2026-07-29 16:57:13,int-1,lane-S,1,29.099999999999998,1,clear,2,16,0,0.03,RED,0.0,2.0,0.03
2026-07-29 16:57:13,int-1,lane-E,1,29.099999999999998,1,clear,2,16,0,0.03,RED,0.0,2.0,0.03
2026-07-29 16:57:13,int-1,lane-W,1,29.099999999999998,1,clear,2,16,0,0.03,RED,0.0,2.0,0.03
2026-07-29 16:57:20,int-1,lane-N,14,0.0,6,clear,2,16,0,0.2,RED,2517.5,6.0,0.47
2026-07-29 16:57:20,int-1,lane-S,17,29.4,7,clear,2,16,0,0.23,RED,0.0,6.0,0.57
2026-07-29 16:57:20,int-1,lane-E,18,30.2,7,clear,2,16,0,0.23,GREEN,0.0,6.0,0.6
2026-07-29 16:57:20,int-1,lane-W,8,29.4,3,clear,2,16,0,0.1,RED,0.0,6.0,0.27
2026-07-29 16:57:28,int-1,lane-N,6,0.0,3,clear,2,16,0,0.1,RED,2519.5,6.0,0.2
2026-07-29 16:57:28,int-1,lane-S,0,29.7,0,clear,2,16,0,0.0,RED,0.0,6.0,0.0
2026-07-29 16:57:28,int-1,lane-E,0,30.0,0,clear,2,16,0,0.0,GREEN,0.0,6.0,0.0
2026-07-29 16:57:28,int-1,lane-W,0,29.7,0,clear,2,16,0,0.0,RED,0.0,6.0,0.0
2026-07-29 16:57:34,int-1,lane-N,6,0.0,3,clear,2,16,0,0.1,RED,2520.5,6.0,0.2
2026-07-29 16:57:34,int-1,lane-S,1,29.099999999999998,1,clear,2,16,0,0.03,RED,0.0,6.0,0.03
2026-07-29 16:57:34,int-1,lane-E,0,30.0,0,clear,2,16,0,0.0,GREEN,0.0,6.0,0.0
2026-07-29 16:57:34,int-1,lane-W,1,29.099999999999998,1,clear,2,16,0,0.03,RED,0.0,6.0,0.03
2026-07-29 16:57:40,int-1,lane-N,7,0.0,4,clear,2,16,0,0.13,RED,2522.5,3.0,0.23
2026-07-29 16:57:40,int-1,lane-S,1,29.4,1,clear,2,16,0,0.03,RED,0.0,3.0,0.03
2026-07-29 16:57:40,int-1,lane-E,0,30.0,0,clear,2,16,0,0.0,GREEN,0.0,3.0,0.0
2026-07-29 16:57:40,int-1,lane-W,2,29.4,2,clear,2,16,0,0.07,RED,0.0,3.0,0.07
2026-07-29 16:57:48,int-1,lane-N,6,0.0,3,clear,2,16,0,0.1,RED,2524.5,2.0,0.2
2026-07-29 16:57:48,int-1,lane-S,0,29.7,0,clear,2,16,0,0.0,RED,0.0,2.0,0.0
2026-07-29 16:57:48,int-1,lane-E,0,30.0,0,clear,2,16,0,0.0,YELLOW,0.0,2.0,0.0
2026-07-29 16:57:48,int-1,lane-W,1,29.7,1,clear,2,16,0,0.03,RED,0.0,2.0,0.03
2026-07-29 16:57:53,int-1,lane-N,2,1.5,0,clear,2,16,0,0.0,GREEN,2525.5,6.0,0.07
2026-07-29 16:57:53,int-1,lane-S,0,29.099999999999998,0,clear,2,16,0,0.0,RED,0.0,6.0,0.0
2026-07-29 16:57:53,int-1,lane-E,1,29.099999999999998,1,clear,2,16,0,0.03,RED,0.0,6.0,0.03
2026-07-29 16:57:53,int-1,lane-W,1,29.099999999999998,1,clear,2,16,0,0.03,RED,0.0,6.0,0.03
2026-07-29 16:58:00,int-1,lane-N,3,1.0,0,clear,2,16,0,0.0,GREEN,2527.5,3.0,0.1
2026-07-29 16:58:00,int-1,lane-S,2,29.4,2,clear,2,16,0,0.07,RED,0.0,3.0,0.07
2026-07-29 16:58:00,int-1,lane-E,1,29.4,1,clear,2,16,0,0.03,RED,0.0,3.0,0.03
2026-07-29 16:58:00,int-1,lane-W,1,29.4,1,clear,2,16,0,0.03,RED,0.0,3.0,0.03
2026-07-29 16:58:09,int-1,lane-N,5,0.0,2,clear,2,16,0,0.07,YELLOW,2529.5,2.0,0.17
2026-07-29 16:58:09,int-1,lane-S,0,29.7,0,clear,2,16,0,0.0,RED,0.0,2.0,0.0
2026-07-29 16:58:09,int-1,lane-E,0,29.7,0,clear,2,16,0,0.0,RED,0.0,2.0,0.0
2026-07-29 16:58:09,int-1,lane-W,0,29.7,0,clear,2,16,0,0.0,RED,0.0,2.0,0.0
2026-07-29 16:58:15,int-1,lane-N,5,0.0,2,clear,2,16,0,0.07,RED,2530.5,6.0,0.17
2026-07-29 16:58:15,int-1,lane-S,1,29.099999999999998,1,clear,2,16,0,0.03,RED,0.0,6.0,0.03
2026-07-29 16:58:15,int-1,lane-E,0,30.0,0,clear,2,16,0,0.0,GREEN,0.0,6.0,0.0
2026-07-29 16:58:15,int-1,lane-W,0,29.099999999999998,0,clear,2,16,0,0.0,RED,0.0,6.0,0.0
2026-07-29 16:58:22,int-1,lane-N,6,0.0,3,clear,2,16,0,0.1,RED,2532.5,6.0,0.2
2026-07-29 16:58:22,int-1,lane-S,1,29.4,1,clear,2,16,0,0.03,RED,0.0,6.0,0.03
2026-07-29 16:58:22,int-1,lane-E,0,30.0,0,clear,2,16,0,0.0,GREEN,0.0,6.0,0.0
2026-07-29 16:58:22,int-1,lane-W,1,29.4,1,clear,2,16,0,0.03,RED,0.0,6.0,0.03
2026-07-29 16:58:29,int-1,lane-N,6,0.0,3,clear,2,16,0,0.1,RED,2534.5,6.0,0.2
2026-07-29 16:58:29,int-1,lane-S,0,29.7,0,clear,2,16,0,0.0,RED,0.0,6.0,0.0
2026-07-29 16:58:29,int-1,lane-E,0,30.0,0,clear,2,16,0,0.0,GREEN,0.0,6.0,0.0
2026-07-29 16:58:29,int-1,lane-W,1,29.7,1,clear,2,16,0,0.03,RED,0.0,6.0,0.03
2026-07-29 16:58:35,int-1,lane-N,7,0.0,4,clear,2,16,0,0.13,RED,2535.5,3.0,0.23
2026-07-29 16:58:35,int-1,lane-S,1,29.099999999999998,1,clear,2,16,0,0.03,RED,0.0,3.0,0.03
2026-07-29 16:58:35,int-1,lane-E,0,30.0,0,clear,2,16,0,0.0,GREEN,0.0,3.0,0.0
2026-07-29 16:58:35,int-1,lane-W,0,29.099999999999998,0,clear,2,16,0,0.0,RED,0.0,3.0,0.0
2026-07-29 16:58:42,int-1,lane-N,6,0.0,3,clear,2,16,0,0.1,RED,2537.5,2.0,0.2
2026-07-29 16:58:42,int-1,lane-S,1,29.4,1,clear,2,16,0,0.03,RED,0.0,2.0,0.03
2026-07-29 16:58:42,int-1,lane-E,0,30.0,0,clear,2,16,0,0.0,YELLOW,0.0,2.0,0.0
2026-07-29 16:58:42,int-1,lane-W,1,29.4,1,clear,2,16,0,0.03,RED,0.0,2.0,0.03
2026-07-29 16:58:49,int-1,lane-N,4,0.5,1,clear,2,16,0,0.03,GREEN,2539.5,6.0,0.13
2026-07-29 16:58:49,int-1,lane-S,0,29.7,0,clear,2,16,0,0.0,RED,0.0,6.0,0.0
2026-07-29 16:58:49,int-1,lane-E,0,29.7,0,clear,2,16,0,0.0,RED,0.0,6.0,0.0
2026-07-29 16:58:49,int-1,lane-W,0,29.7,0,clear,2,16,0,0.0,RED,0.0,6.0,0.0
2026-07-29 16:58:55,int-1,lane-N,2,1.5,0,clear,2,16,0,0.0,GREEN,2540.5,4.0,0.07
2026-07-29 16:58:55,int-1,lane-S,2,29.099999999999998,2,clear,2,16,0,0.07,RED,0.0,4.0,0.07
2026-07-29 16:58:55,int-1,lane-E,0,29.099999999999998,0,clear,2,16,0,0.0,RED,0.0,4.0,0.0
2026-07-29 16:58:55,int-1,lane-W,0,29.099999999999998,0,clear,2,16,0,0.0,RED,0.0,4.0,0.0
2026-07-29 16:59:02,int-1,lane-N,4,0.5,1,clear,2,16,0,0.03,YELLOW,2542.5,2.0,0.13
2026-07-29 16:59:02,int-1,lane-S,0,29.4,0,clear,2,16,0,0.0,RED,0.0,2.0,0.0
2026-07-29 16:59:02,int-1,lane-E,1,29.4,1,clear,2,16,0,0.03,RED,0.0,2.0,0.03
2026-07-29 16:59:02,int-1,lane-W,1,29.4,1,clear,2,16,0,0.03,RED,0.0,2.0,0.03
2026-07-29 16:59:10,int-1,lane-N,5,0.0,2,clear,2,16,0,0.07,RED,2544.5,6.0,0.17
2026-07-29 16:59:10,int-1,lane-S,0,30.0,0,clear,2,16,0,0.0,GREEN,0.0,6.0,0.0
2026-07-29 16:59:10,int-1,lane-E,1,29.7,1,clear,2,16,0,0.03,RED,0.0,6.0,0.03
2026-07-29 16:59:10,int-1,lane-W,1,29.7,1,clear,2,16,0,0.03,RED,0.0,6.0,0.03
2026-07-29 16:59:16,int-1,lane-N,6,0.0,3,clear,2,16,0,0.1,RED,2545.5,5.0,0.2
2026-07-29 16:59:16,int-1,lane-S,0,30.0,0,clear,2,16,0,0.0,GREEN,0.0,5.0,0.0
2026-07-29 16:59:16,int-1,lane-E,2,29.099999999999998,2,clear,2,16,0,0.07,RED,0.0,5.0,0.07
2026-07-29 16:59:16,int-1,lane-W,0,29.099999999999998,0,clear,2,16,0,0.0,RED,0.0,5.0,0.0
2026-07-29 16:59:23,int-1,lane-N,6,0.0,3,clear,2,16,0,0.1,RED,2547.5,2.0,0.2
2026-07-29 16:59:23,int-1,lane-S,0,30.0,0,clear,2,16,0,0.0,GREEN,0.0,2.0,0.0
2026-07-29 16:59:23,int-1,lane-E,1,29.4,1,clear,2,16,0,0.03,RED,0.0,2.0,0.03
2026-07-29 16:59:23,int-1,lane-W,1,29.4,1,clear,2,16,0,0.03,RED,0.0,2.0,0.03
2026-07-29 16:59:30,int-1,lane-N,5,0.0,2,clear,2,16,1,0.07,RED,2549.5,1.0,0.17
2026-07-29 16:59:30,int-1,lane-S,0,30.0,0,clear,2,16,0,0.0,YELLOW,0.0,1.0,0.0
2026-07-29 16:59:30,int-1,lane-E,0,29.7,0,clear,2,16,0,0.0,RED,0.0,1.0,0.0
2026-07-29 16:59:30,int-1,lane-W,1,29.7,1,clear,2,16,0,0.03,RED,0.0,1.0,0.03
2026-07-29 16:59:40,int-1,lane-N,2,1.5,0,clear,2,16,1,0.0,GREEN,2550.5,6.0,0.07
2026-07-29 16:59:40,int-1,lane-S,1,29.099999999999998,1,clear,2,16,0,0.03,RED,0.0,6.0,0.03
2026-07-29 16:59:40,int-1,lane-E,1,29.099999999999998,1,clear,2,16,0,0.03,RED,0.0,6.0,0.03
2026-07-29 16:59:40,int-1,lane-W,2,29.099999999999998,2,clear,2,16,0,0.07,RED,0.0,6.0,0.07
2026-07-29 16:59:54,int-1,lane-N,3,1.0,0,clear,2,16,1,0.0,GREEN,2552.5,3.0,0.1
2026-07-29 16:59:54,int-1,lane-S,1,29.4,1,clear,2,16,0,0.03,RED,0.0,3.0,0.03
2026-07-29 16:59:54,int-1,lane-E,0,29.4,0,clear,2,16,0,0.0,RED,0.0,3.0,0.0
2026-07-29 16:59:54,int-1,lane-W,1,29.4,1,clear,2,16,0,0.03,RED,0.0,3.0,0.03
2026-07-29 17:00:01,int-1,lane-N,5,0.0,2,clear,2,17,0,0.07,YELLOW,2554.5,2.0,0.17
2026-07-29 17:00:01,int-1,lane-S,1,29.7,1,clear,2,17,0,0.03,RED,0.0,2.0,0.03
2026-07-29 17:00:01,int-1,lane-E,1,29.7,1,clear,2,17,0,0.03,RED,0.0,2.0,0.03
2026-07-29 17:00:01,int-1,lane-W,0,29.7,0,clear,2,17,0,0.0,RED,0.0,2.0,0.0
2026-07-29 17:00:08,int-1,lane-N,5,0.0,2,clear,2,17,0,0.07,RED,2555.5,6.0,0.17
2026-07-29 17:00:08,int-1,lane-S,0,30.0,0,clear,2,17,0,0.0,GREEN,0.0,6.0,0.0
2026-07-29 17:00:08,int-1,lane-E,0,29.099999999999998,0,clear,2,17,0,0.0,RED,0.0,6.0,0.0
2026-07-29 17:00:08,int-1,lane-W,2,29.099999999999998,2,clear,2,17,0,0.07,RED,0.0,6.0,0.07
2026-07-29 17:00:17,int-1,lane-N,5,0.0,2,clear,2,17,0,0.07,RED,2557.5,3.0,0.17
2026-07-29 17:00:17,int-1,lane-S,0,30.0,0,clear,2,17,0,0.0,GREEN,0.0,3.0,0.0
2026-07-29 17:00:17,int-1,lane-E,0,29.4,0,clear,2,17,0,0.0,RED,0.0,3.0,0.0
2026-07-29 17:00:17,int-1,lane-W,0,29.4,0,clear,2,17,0,0.0,RED,0.0,3.0,0.0
2026-07-29 17:00:26,int-1,lane-N,5,0.0,2,clear,2,17,0,0.07,RED,2559.5,2.0,0.17
2026-07-29 17:00:26,int-1,lane-S,0,30.0,0,clear,2,17,0,0.0,YELLOW,0.0,2.0,0.0
2026-07-29 17:00:26,int-1,lane-E,1,29.7,1,clear,2,17,0,0.03,RED,0.0,2.0,0.03
2026-07-29 17:00:26,int-1,lane-W,0,29.7,0,clear,2,17,0,0.0,RED,0.0,2.0,0.0
2026-07-29 17:00:33,int-1,lane-N,2,1.5,0,clear,2,17,0,0.0,GREEN,2560.5,6.0,0.07
2026-07-29 17:00:33,int-1,lane-S,0,29.099999999999998,0,clear,2,17,0,0.0,RED,0.0,6.0,0.0
2026-07-29 17:00:33,int-1,lane-E,0,29.099999999999998,0,clear,2,17,0,0.0,RED,0.0,6.0,0.0
2026-07-29 17:00:33,int-1,lane-W,1,29.099999999999998,1,clear,2,17,0,0.03,RED,0.0,6.0,0.03
2026-07-29 17:00:40,int-1,lane-N,3,1.0,0,clear,2,17,0,0.0,GREEN,2562.5,3.0,0.1
2026-07-29 17:00:40,int-1,lane-S,1,29.4,1,clear,2,17,0,0.03,RED,0.0,3.0,0.03
2026-07-29 17:00:40,int-1,lane-E,0,29.4,0,clear,2,17,0,0.0,RED,0.0,3.0,0.0
2026-07-29 17:00:40,int-1,lane-W,0,29.4,0,clear,2,17,0,0.0,RED,0.0,3.0,0.0
2026-07-29 17:00:47,int-1,lane-N,5,0.0,2,clear,2,17,0,0.07,YELLOW,2564.5,2.0,0.17
2026-07-29 17:00:47,int-1,lane-S,0,29.7,0,clear,2,17,0,0.0,RED,0.0,2.0,0.0
2026-07-29 17:00:47,int-1,lane-E,1,29.7,1,clear,2,17,0,0.03,RED,0.0,2.0,0.03
2026-07-29 17:00:47,int-1,lane-W,0,29.7,0,clear,2,17,0,0.0,RED,0.0,2.0,0.0
2026-07-29 17:00:54,int-1,lane-N,5,0.0,2,clear,2,17,0,0.07,RED,2565.5,6.0,0.17
2026-07-29 17:00:54,int-1,lane-S,1,29.099999999999998,1,clear,2,17,0,0.03,RED,0.0,6.0,0.03
2026-07-29 17:00:54,int-1,lane-E,0,30.0,0,clear,2,17,0,0.0,GREEN,0.0,6.0,0.0
2026-07-29 17:00:54,int-1,lane-W,1,29.099999999999998,1,clear,2,17,0,0.03,RED,0.0,6.0,0.03
2026-07-29 17:01:02,int-1,lane-N,6,0.0,3,clear,2,17,0,0.1,RED,2567.5,6.0,0.2
2026-07-29 17:01:02,int-1,lane-S,0,29.4,0,clear,2,17,0,0.0,RED,0.0,6.0,0.0
2026-07-29 17:01:02,int-1,lane-E,0,30.0,0,clear,2,17,0,0.0,GREEN,0.0,6.0,0.0
2026-07-29 17:01:02,int-1,lane-W,1,29.4,1,clear,2,17,0,0.03,RED,0.0,6.0,0.03
2026-07-29 17:01:08,int-1,lane-N,6,0.0,3,clear,2,17,0,0.1,RED,2569.5,4.0,0.2
2026-07-29 17:01:08,int-1,lane-S,1,29.7,1,clear,2,17,0,0.03,RED,0.0,4.0,0.03
2026-07-29 17:01:08,int-1,lane-E,0,30.0,0,clear,2,17,0,0.0,GREEN,0.0,4.0,0.0
2026-07-29 17:01:08,int-1,lane-W,0,29.7,0,clear,2,17,0,0.0,RED,0.0,4.0,0.0
2026-07-29 17:01:15,int-1,lane-N,5,0.0,2,clear,2,17,0,0.07,RED,2570.5,1.0,0.17
2026-07-29 17:01:15,int-1,lane-S,2,29.099999999999998,2,clear,2,17,0,0.07,RED,0.0,1.0,0.07
2026-07-29 17:01:15,int-1,lane-E,0,30.0,0,clear,2,17,0,0.0,GREEN,0.0,1.0,0.0
2026-07-29 17:01:15,int-1,lane-W,0,29.099999999999998,0,clear,2,17,0,0.0,RED,0.0,1.0,0.0
2026-07-29 17:01:22,int-1,lane-N,10,1.0,3,clear,2,17,0,0.1,GREEN,2572.5,6.0,0.33
2026-07-29 17:01:22,int-1,lane-S,17,29.4,7,clear,2,17,0,0.23,RED,0.0,6.0,0.57
2026-07-29 17:01:22,int-1,lane-E,23,29.4,9,clear,2,17,0,0.3,RED,0.0,6.0,0.77
2026-07-29 17:01:22,int-1,lane-W,9,29.4,4,clear,2,17,0,0.13,RED,0.0,6.0,0.3
2026-07-29 17:01:29,int-1,lane-N,4,0.5,1,clear,2,17,0,0.03,GREEN,2574.5,4.0,0.13
2026-07-29 17:01:29,int-1,lane-S,0,29.7,0,clear,2,17,0,0.0,RED,0.0,4.0,0.0
2026-07-29 17:01:29,int-1,lane-E,0,29.7,0,clear,2,17,0,0.0,RED,0.0,4.0,0.0
2026-07-29 17:01:29,int-1,lane-W,0,29.7,0,clear,2,17,0,0.0,RED,0.0,4.0,0.0
2026-07-29 17:01:36,int-1,lane-N,2,1.5,0,clear,2,17,0,0.0,GREEN,2575.5,1.0,0.07
2026-07-29 17:01:36,int-1,lane-S,1,29.099999999999998,1,clear,2,17,0,0.03,RED,0.0,1.0,0.03
2026-07-29 17:01:36,int-1,lane-E,1,29.099999999999998,1,clear,2,17,0,0.03,RED,0.0,1.0,0.03
2026-07-29 17:01:36,int-1,lane-W,0,29.099999999999998,0,clear,2,17,0,0.0,RED,0.0,1.0,0.0
2026-07-29 17:01:43,int-1,lane-N,16,0.0,7,clear,2,17,0,0.23,RED,2577.5,6.0,0.53
2026-07-29 17:01:43,int-1,lane-S,11,31.0,3,clear,2,17,0,0.1,GREEN,0.0,6.0,0.37
2026-07-29 17:01:43,int-1,lane-E,21,29.4,9,clear,2,17,0,0.3,RED,0.0,6.0,0.7
2026-07-29 17:01:43,int-1,lane-W,7,29.4,3,clear,2,17,0,0.1,RED,0.0,6.0,0.23
2026-07-29 17:01:50,int-1,lane-N,6,0.0,3,clear,2,17,0,0.1,RED,2579.5,5.0,0.2
2026-07-29 17:01:50,int-1,lane-S,0,30.0,0,clear,2,17,0,0.0,GREEN,0.0,5.0,0.0
2026-07-29 17:01:50,int-1,lane-E,0,29.7,0,clear,2,17,0,0.0,RED,0.0,5.0,0.0
2026-07-29 17:01:50,int-1,lane-W,1,29.7,1,clear,2,17,0,0.03,RED,0.0,5.0,0.03
2026-07-29 17:01:56,int-1,lane-N,7,0.0,4,clear,2,17,0,0.13,RED,2580.5,2.0,0.23
2026-07-29 17:01:56,int-1,lane-S,0,30.0,0,clear,2,17,0,0.0,GREEN,0.0,2.0,0.0
2026-07-29 17:01:56,int-1,lane-E,1,29.099999999999998,1,clear,2,17,0,0.03,RED,0.0,2.0,0.03
2026-07-29 17:01:56,int-1,lane-W,0,29.099999999999998,0,clear,2,17,0,0.0,RED,0.0,2.0,0.0
2026-07-29 17:02:04,int-1,lane-N,11,0.5,4,clear,2,17,0,0.13,GREEN,2582.5,6.0,0.37
2026-07-29 17:02:04,int-1,lane-S,14,29.7,6,clear,2,17,0,0.2,RED,0.0,6.0,0.47
2026-07-29 17:02:04,int-1,lane-E,22,29.4,9,clear,2,17,0,0.3,RED,0.0,6.0,0.73
2026-07-29 17:02:04,int-1,lane-W,8,29.4,4,clear,2,17,0,0.13,RED,0.0,6.0,0.27
2026-07-29 17:02:13,int-1,lane-N,4,0.5,1,clear,2,17,0,0.03,GREEN,2584.5,5.0,0.13
2026-07-29 17:02:13,int-1,lane-S,1,29.7,1,clear,2,17,0,0.03,RED,0.0,5.0,0.03
2026-07-29 17:02:13,int-1,lane-E,0,29.7,0,clear,2,17,0,0.0,RED,0.0,5.0,0.0
2026-07-29 17:02:13,int-1,lane-W,0,29.7,0,clear,2,17,0,0.0,RED,0.0,5.0,0.0
2026-07-29 17:02:21,int-1,lane-N,2,1.5,0,clear,2,17,0,0.0,GREEN,2585.5,2.0,0.07
2026-07-29 17:02:21,int-1,lane-S,0,29.099999999999998,0,clear,2,17,0,0.0,RED,0.0,2.0,0.0
2026-07-29 17:02:21,int-1,lane-E,2,29.099999999999998,2,clear,2,17,0,0.07,RED,0.0,2.0,0.07
2026-07-29 17:02:21,int-1,lane-W,2,29.099999999999998,2,clear,2,17,0,0.07,RED,0.0,2.0,0.07
2026-07-29 17:02:36,int-1,lane-N,14,0.0,6,clear,2,17,0,0.2,RED,2587.5,6.0,0.47
2026-07-29 17:02:36,int-1,lane-S,13,30.2,5,clear,2,17,0,0.17,GREEN,0.0,6.0,0.43
2026-07-29 17:02:36,int-1,lane-E,24,29.4,10,clear,2,17,0,0.33,RED,0.0,6.0,0.8
2026-07-29 17:02:36,int-1,lane-W,7,29.4,3,clear,2,17,0,0.1,RED,0.0,6.0,0.23
2026-07-29 17:02:50,int-1,lane-N,5,0.0,2,clear,2,17,0,0.07,RED,2589.5,6.0,0.17
2026-07-29 17:02:50,int-1,lane-S,0,30.0,0,clear,2,17,0,0.0,GREEN,0.0,6.0,0.0
2026-07-29 17:02:50,int-1,lane-E,1,29.7,1,clear,2,17,0,0.03,RED,0.0,6.0,0.03
2026-07-29 17:02:50,int-1,lane-W,1,29.7,1,clear,2,17,0,0.03,RED,0.0,6.0,0.03
2026-07-29 17:02:56,int-1,lane-N,6,0.0,3,clear,2,17,0,0.1,RED,2590.5,3.0,0.2
2026-07-29 17:02:56,int-1,lane-S,0,30.0,0,clear,2,17,0,0.0,GREEN,0.0,3.0,0.0
2026-07-29 17:02:56,int-1,lane-E,2,29.099999999999998,2,clear,2,17,0,0.07,RED,0.0,3.0,0.07
2026-07-29 17:02:56,int-1,lane-W,1,29.099999999999998,1,clear,2,17,0,0.03,RED,0.0,3.0,0.03
2026-07-29 17:03:03,int-1,lane-N,6,0.0,3,clear,2,17,0,0.1,RED,2592.5,2.0,0.2
2026-07-29 17:03:03,int-1,lane-S,0,30.0,0,clear,2,17,0,0.0,YELLOW,0.0,2.0,0.0
2026-07-29 17:03:03,int-1,lane-E,1,29.4,1,clear,2,17,0,0.03,RED,0.0,2.0,0.03
2026-07-29 17:03:03,int-1,lane-W,0,29.4,0,clear,2,17,0,0.0,RED,0.0,2.0,0.0
2026-07-29 17:03:10,int-1,lane-N,4,0.5,1,clear,2,17,0,0.03,GREEN,2594.5,6.0,0.13
2026-07-29 17:03:10,int-1,lane-S,1,29.7,1,clear,2,17,0,0.03,RED,0.0,6.0,0.03
2026-07-29 17:03:10,int-1,lane-E,1,29.7,1,clear,2,17,0,0.03,RED,0.0,6.0,0.03
2026-07-29 17:03:10,int-1,lane-W,1,29.7,1,clear,2,17,0,0.03,RED,0.0,6.0,0.03
2026-07-29 17:03:16,int-1,lane-N,2,1.5,0,clear,2,17,0,0.0,GREEN,2595.5,4.0,0.07
2026-07-29 17:03:16,int-1,lane-S,0,29.099999999999998,0,clear,2,17,0,0.0,RED,0.0,4.0,0.0
2026-07-29 17:03:16,int-1,lane-E,2,29.099999999999998,2,clear,2,17,0,0.07,RED,0.0,4.0,0.07
2026-07-29 17:03:16,int-1,lane-W,1,29.099999999999998,1,clear,2,17,0,0.03,RED,0.0,4.0,0.03
2026-07-29 17:03:23,int-1,lane-N,4,0.5,1,clear,2,17,0,0.03,YELLOW,2597.5,2.0,0.13
2026-07-29 17:03:23,int-1,lane-S,0,29.4,0,clear,2,17,0,0.0,RED,0.0,2.0,0.0
2026-07-29 17:03:23,int-1,lane-E,0,29.4,0,clear,2,17,0,0.0,RED,0.0,2.0,0.0
2026-07-29 17:03:23,int-1,lane-W,1,29.4,1,clear,2,17,0,0.03,RED,0.0,2.0,0.03
2026-07-29 17:03:32,int-1,lane-N,6,0.0,3,clear,2,17,0,0.1,RED,2599.5,6.0,0.2
2026-07-29 17:03:32,int-1,lane-S,0,29.7,0,clear,2,17,0,0.0,RED,0.0,6.0,0.0
2026-07-29 17:03:32,int-1,lane-E,0,30.0,0,clear,2,17,0,0.0,GREEN,0.0,6.0,0.0
2026-07-29 17:03:32,int-1,lane-W,0,29.7,0,clear,2,17,0,0.0,RED,0.0,6.0,0.0
2026-07-29 17:03:38,int-1,lane-N,6,0.0,3,clear,2,17,0,0.1,RED,2600.5,6.0,0.2
2026-07-29 17:03:38,int-1,lane-S,1,29.099999999999998,1,clear,2,17,0,0.03,RED,0.0,6.0,0.03
2026-07-29 17:03:38,int-1,lane-E,0,30.0,0,clear,2,17,0,0.0,GREEN,0.0,6.0,0.0
2026-07-29 17:03:38,int-1,lane-W,0,29.099999999999998,0,clear,2,17,0,0.0,RED,0.0,6.0,0.0
2026-07-29 17:03:45,int-1,lane-N,7,0.0,4,clear,2,17,0,0.13,RED,2602.5,4.0,0.23
2026-07-29 17:03:45,int-1,lane-S,2,29.4,2,clear,2,17,0,0.07,RED,0.0,4.0,0.07
2026-07-29 17:03:45,int-1,lane-E,0,30.0,0,clear,2,17,0,0.0,GREEN,0.0,4.0,0.0
2026-07-29 17:03:45,int-1,lane-W,0,29.4,0,clear,2,17,0,0.0,RED,0.0,4.0,0.0
2026-07-29 17:03:52,int-1,lane-N,6,0.0,3,clear,2,17,0,0.1,RED,2604.5,2.0,0.2
2026-07-29 17:03:52,int-1,lane-S,1,29.7,1,clear,2,17,0,0.03,RED,0.0,2.0,0.03
2026-07-29 17:03:52,int-1,lane-E,0,30.0,0,clear,2,17,0,0.0,YELLOW,0.0,2.0,0.0
2026-07-29 17:03:52,int-1,lane-W,1,29.7,1,clear,2,17,0,0.03,RED,0.0,2.0,0.03
2026-07-29 17:03:58,int-1,lane-N,10,1.5,2,clear,2,17,0,0.07,GREEN,2605.5,6.0,0.33
2026-07-29 17:03:58,int-1,lane-S,16,29.099999999999998,7,clear,2,17,0,0.23,RED,0.0,6.0,0.53
2026-07-29 17:03:58,int-1,lane-E,22,29.099999999999998,9,clear,2,17,0,0.3,RED,0.0,6.0,0.73
2026-07-29 17:03:58,int-1,lane-W,9,29.099999999999998,5,clear,2,17,0,0.17,RED,0.0,6.0,0.3
2026-07-29 17:04:05,int-1,lane-N,3,1.0,0,clear,2,17,0,0.0,GREEN,2607.5,4.0,0.1
2026-07-29 17:04:05,int-1,lane-S,1,29.4,1,clear,2,17,0,0.03,RED,0.0,4.0,0.03
2026-07-29 17:04:05,int-1,lane-E,0,29.4,0,clear,2,17,0,0.0,RED,0.0,4.0,0.0
2026-07-29 17:04:05,int-1,lane-W,2,29.4,2,clear,2,17,0,0.07,RED,0.0,4.0,0.07
2026-07-29 17:04:13,int-1,lane-N,4,0.5,1,clear,2,17,0,0.03,GREEN,2609.5,1.0,0.13
2026-07-29 17:04:13,int-1,lane-S,0,29.7,0,clear,2,17,0,0.0,RED,0.0,1.0,0.0
2026-07-29 17:04:13,int-1,lane-E,1,29.7,1,clear,2,17,0,0.03,RED,0.0,1.0,0.03
2026-07-29 17:04:13,int-1,lane-W,0,29.7,0,clear,2,17,0,0.0,RED,0.0,1.0,0.0
2026-07-29 17:04:19,int-1,lane-N,13,0.0,6,clear,2,17,0,0.2,RED,2610.5,6.0,0.43
2026-07-29 17:04:19,int-1,lane-S,17,29.099999999999998,8,clear,2,17,0,0.27,RED,0.0,6.0,0.57
2026-07-29 17:04:19,int-1,lane-E,16,30.7,5,clear,2,17,0,0.17,GREEN,0.0,6.0,0.53
2026-07-29 17:04:19,int-1,lane-W,10,29.099999999999998,5,clear,2,17,0,0.17,RED,0.0,6.0,0.33
2026-07-29 17:04:27,int-1,lane-N,5,0.0,2,clear,2,17,1,0.07,RED,2612.5,6.0,0.17
2026-07-29 17:04:27,int-1,lane-S,2,29.4,2,clear,2,17,0,0.07,RED,0.0,6.0,0.07
2026-07-29 17:04:27,int-1,lane-E,0,30.0,0,clear,2,17,0,0.0,GREEN,0.0,6.0,0.0
2026-07-29 17:04:27,int-1,lane-W,2,29.4,2,clear,2,17,0,0.07,RED,0.0,6.0,0.07
2026-07-29 17:04:35,int-1,lane-N,6,0.0,3,clear,2,17,1,0.1,RED,2614.5,5.0,0.2
2026-07-29 17:04:35,int-1,lane-S,0,29.7,0,clear,2,17,0,0.0,RED,0.0,5.0,0.0
2026-07-29 17:04:35,int-1,lane-E,0,30.0,0,clear,2,17,0,0.0,GREEN,0.0,5.0,0.0
2026-07-29 17:04:35,int-1,lane-W,0,29.7,0,clear,2,17,0,0.0,RED,0.0,5.0,0.0
2026-07-29 17:04:41,int-1,lane-N,5,0.0,2,clear,2,17,1,0.07,RED,2615.5,2.0,0.17
2026-07-29 17:04:41,int-1,lane-S,2,29.099999999999998,2,clear,2,17,0,0.07,RED,0.0,2.0,0.07
2026-07-29 17:04:41,int-1,lane-E,0,30.0,0,clear,2,17,0,0.0,GREEN,0.0,2.0,0.0
2026-07-29 17:04:41,int-1,lane-W,2,29.099999999999998,2,clear,2,17,0,0.07,RED,0.0,2.0,0.07
2026-07-29 17:04:49,int-1,lane-N,12,0.5,4,clear,2,17,0,0.13,GREEN,2617.5,6.0,0.4
2026-07-29 17:04:49,int-1,lane-S,15,29.4,7,clear,2,17,0,0.23,RED,0.0,6.0,0.5
2026-07-29 17:04:49,int-1,lane-E,21,29.7,8,clear,2,17,0,0.27,RED,0.0,6.0,0.7
2026-07-29 17:04:49,int-1,lane-W,6,29.4,2,clear,2,17,0,0.07,RED,0.0,6.0,0.2
2026-07-29 17:04:56,int-1,lane-N,4,0.5,1,clear,2,17,0,0.03,GREEN,2619.5,5.0,0.13
2026-07-29 17:04:56,int-1,lane-S,0,29.7,0,clear,2,17,0,0.0,RED,0.0,5.0,0.0
2026-07-29 17:04:56,int-1,lane-E,0,29.7,0,clear,2,17,0,0.0,RED,0.0,5.0,0.0
2026-07-29 17:04:56,int-1,lane-W,0,29.7,0,clear,2,17,0,0.0,RED,0.0,5.0,0.0
2026-07-29 17:05:01,int-1,lane-N,2,1.5,0,clear,2,17,0,0.0,GREEN,2620.5,2.0,0.07
2026-07-29 17:05:01,int-1,lane-S,1,29.099999999999998,1,clear,2,17,0,0.03,RED,0.0,2.0,0.03
2026-07-29 17:05:01,int-1,lane-E,1,29.099999999999998,1,clear,2,17,0,0.03,RED,0.0,2.0,0.03
2026-07-29 17:05:01,int-1,lane-W,2,29.099999999999998,2,clear,2,17,0,0.07,RED,0.0,2.0,0.07
2026-07-29 17:05:08,int-1,lane-N,5,0.0,2,clear,2,17,0,0.07,YELLOW,2622.5,1.0,0.17
2026-07-29 17:05:08,int-1,lane-S,2,29.4,2,clear,2,17,0,0.07,RED,0.0,1.0,0.07
2026-07-29 17:05:08,int-1,lane-E,1,29.4,1,clear,2,17,0,0.03,RED,0.0,1.0,0.03
2026-07-29 17:05:08,int-1,lane-W,2,29.4,2,clear,2,17,0,0.07,RED,0.0,1.0,0.07
2026-07-29 17:05:15,int-1,lane-N,5,0.0,2,clear,2,17,0,0.07,RED,2624.5,6.0,0.17
2026-07-29 17:05:15,int-1,lane-S,0,30.0,0,clear,2,17,0,0.0,GREEN,0.0,6.0,0.0
2026-07-29 17:05:15,int-1,lane-E,0,29.7,0,clear,2,17,0,0.0,RED,0.0,6.0,0.0
2026-07-29 17:05:15,int-1,lane-W,0,29.7,0,clear,2,17,0,0.0,RED,0.0,6.0,0.0
2026-07-29 17:05:21,int-1,lane-N,7,0.0,4,clear,2,17,0,0.13,RED,2625.5,4.0,0.23
2026-07-29 17:05:21,int-1,lane-S,0,30.0,0,clear,2,17,0,0.0,GREEN,0.0,4.0,0.0
2026-07-29 17:05:21,int-1,lane-E,2,29.099999999999998,2,clear,2,17,0,0.07,RED,0.0,4.0,0.07
2026-07-29 17:05:21,int-1,lane-W,0,29.099999999999998,0,clear,2,17,0,0.0,RED,0.0,4.0,0.0
2026-07-29 17:05:30,int-1,lane-N,6,0.0,3,clear,2,17,0,0.1,RED,2627.5,1.0,0.2
2026-07-29 17:05:30,int-1,lane-S,0,30.0,0,clear,2,17,0,0.0,GREEN,0.0,1.0,0.0
2026-07-29 17:05:30,int-1,lane-E,0,29.4,0,clear,2,17,0,0.0,RED,0.0,1.0,0.0
2026-07-29 17:05:30,int-1,lane-W,1,29.4,1,clear,2,17,0,0.03,RED,0.0,1.0,0.03
2026-07-29 17:05:38,int-1,lane-N,4,0.5,1,clear,2,17,0,0.03,GREEN,2629.5,6.0,0.13
2026-07-29 17:05:38,int-1,lane-S,1,29.7,1,clear,2,17,0,0.03,RED,0.0,6.0,0.03
2026-07-29 17:05:38,int-1,lane-E,0,29.7,0,clear,2,17,0,0.0,RED,0.0,6.0,0.0
2026-07-29 17:05:38,int-1,lane-W,1,29.7,1,clear,2,17,0,0.03,RED,0.0,6.0,0.03
2026-07-29 17:05:44,int-1,lane-N,2,1.5,0,clear,2,17,0,0.0,GREEN,2630.5,5.0,0.07
2026-07-29 17:05:44,int-1,lane-S,0,29.099999999999998,0,clear,2,17,0,0.0,RED,0.0,5.0,0.0
2026-07-29 17:05:44,int-1,lane-E,1,29.099999999999998,1,clear,2,17,0,0.03,RED,0.0,5.0,0.03
2026-07-29 17:05:44,int-1,lane-W,2,29.099999999999998,2,clear,2,17,0,0.07,RED,0.0,5.0,0.07
2026-07-29 17:05:53,int-1,lane-N,3,1.0,0,clear,2,17,0,0.0,GREEN,2632.5,2.0,0.1
2026-07-29 17:05:53,int-1,lane-S,0,29.4,0,clear,2,17,0,0.0,RED,0.0,2.0,0.0
2026-07-29 17:05:53,int-1,lane-E,1,29.4,1,clear,2,17,0,0.03,RED,0.0,2.0,0.03
2026-07-29 17:05:53,int-1,lane-W,1,29.4,1,clear,2,17,0,0.03,RED,0.0,2.0,0.03
2026-07-29 17:06:04,int-1,lane-N,5,0.0,2,clear,2,17,0,0.07,YELLOW,2634.5,1.0,0.17
2026-07-29 17:06:04,int-1,lane-S,1,29.7,1,clear,2,17,0,0.03,RED,0.0,1.0,0.03
2026-07-29 17:06:04,int-1,lane-E,0,29.7,0,clear,2,17,0,0.0,RED,0.0,1.0,0.0
2026-07-29 17:06:04,int-1,lane-W,0,29.7,0,clear,2,17,0,0.0,RED,0.0,1.0,0.0
2026-07-29 17:06:13,int-1,lane-N,5,0.0,2,clear,2,17,0,0.07,RED,2635.5,6.0,0.17
2026-07-29 17:06:13,int-1,lane-S,0,30.0,0,clear,2,17,0,0.0,GREEN,0.0,6.0,0.0
2026-07-29 17:06:13,int-1,lane-E,3,29.099999999999998,3,clear,2,17,0,0.1,RED,0.0,6.0,0.1
2026-07-29 17:06:13,int-1,lane-W,1,29.099999999999998,1,clear,2,17,0,0.03,RED,0.0,6.0,0.03
2026-07-29 17:06:20,int-1,lane-N,6,0.0,3,clear,2,17,0,0.1,RED,2637.5,5.0,0.2
2026-07-29 17:06:20,int-1,lane-S,0,30.0,0,clear,2,17,0,0.0,GREEN,0.0,5.0,0.0
2026-07-29 17:06:20,int-1,lane-E,1,29.4,1,clear,2,17,0,0.03,RED,0.0,5.0,0.03
2026-07-29 17:06:20,int-1,lane-W,0,29.4,0,clear,2,17,0,0.0,RED,0.0,5.0,0.0
2026-07-29 17:06:27,int-1,lane-N,5,0.0,2,clear,2,17,0,0.07,RED,2639.5,2.0,0.17
2026-07-29 17:06:27,int-1,lane-S,0,30.0,0,clear,2,17,0,0.0,GREEN,0.0,2.0,0.0
2026-07-29 17:06:27,int-1,lane-E,0,29.7,0,clear,2,17,0,0.0,RED,0.0,2.0,0.0
2026-07-29 17:06:27,int-1,lane-W,0,29.7,0,clear,2,17,0,0.0,RED,0.0,2.0,0.0
2026-07-29 17:06:33,int-1,lane-N,12,0.5,4,clear,2,17,0,0.13,GREEN,2640.5,6.0,0.4
2026-07-29 17:06:33,int-1,lane-S,17,29.7,7,clear,2,17,0,0.23,RED,0.0,6.0,0.57
2026-07-29 17:06:33,int-1,lane-E,21,29.099999999999998,8,clear,2,17,0,0.27,RED,0.0,6.0,0.7
2026-07-29 17:06:33,int-1,lane-W,8,29.099999999999998,4,clear,2,17,0,0.13,RED,0.0,6.0,0.27
2026-07-29 17:06:43,int-1,lane-N,3,1.0,0,clear,2,17,0,0.0,GREEN,2642.5,5.0,0.1
2026-07-29 17:06:43,int-1,lane-S,0,29.4,0,clear,2,17,0,0.0,RED,0.0,5.0,0.0
2026-07-29 17:06:43,int-1,lane-E,1,29.4,1,clear,2,17,0,0.03,RED,0.0,5.0,0.03
2026-07-29 17:06:43,int-1,lane-W,0,29.4,0,clear,2,17,0,0.0,RED,0.0,5.0,0.0
2026-07-29 17:06:51,int-1,lane-N,4,0.5,1,clear,2,17,1,0.03,GREEN,2644.5,2.0,0.13
2026-07-29 17:06:51,int-1,lane-S,1,29.7,1,clear,2,17,0,0.03,RED,0.0,2.0,0.03
2026-07-29 17:06:51,int-1,lane-E,0,29.7,0,clear,2,17,0,0.0,RED,0.0,2.0,0.0
2026-07-29 17:06:51,int-1,lane-W,1,29.7,1,clear,2,17,0,0.03,RED,0.0,2.0,0.03
2026-07-29 17:06:57,int-1,lane-N,5,0.0,2,clear,2,17,1,0.07,YELLOW,2645.5,1.0,0.17
2026-07-29 17:06:57,int-1,lane-S,0,29.099999999999998,0,clear,2,17,0,0.0,RED,0.0,1.0,0.0
2026-07-29 17:06:57,int-1,lane-E,2,29.099999999999998,2,clear,2,17,0,0.07,RED,0.0,1.0,0.07
2026-07-29 17:06:57,int-1,lane-W,0,29.099999999999998,0,clear,2,17,0,0.0,RED,0.0,1.0,0.0
2026-07-29 17:07:04,int-1,lane-N,3,1.0,0,clear,2,17,1,0.0,GREEN,2647.5,6.0,0.1
2026-07-29 17:07:04,int-1,lane-S,1,29.4,1,clear,2,17,0,0.03,RED,0.0,6.0,0.03
2026-07-29 17:07:04,int-1,lane-E,1,29.4,1,clear,2,17,0,0.03,RED,0.0,6.0,0.03
2026-07-29 17:07:04,int-1,lane-W,0,29.4,0,clear,2,17,0,0.0,RED,0.0,6.0,0.0
2026-07-29 17:07:13,int-1,lane-N,4,0.5,1,clear,2,17,0,0.03,GREEN,2649.5,3.0,0.13
2026-07-29 17:07:13,int-1,lane-S,0,29.7,0,clear,2,17,0,0.0,RED,0.0,3.0,0.0
2026-07-29 17:07:13,int-1,lane-E,0,29.7,0,clear,2,17,0,0.0,RED,0.0,3.0,0.0
2026-07-29 17:07:13,int-1,lane-W,1,29.7,1,clear,2,17,0,0.03,RED,0.0,3.0,0.03
2026-07-29 17:07:19,int-1,lane-N,4,0.5,1,clear,2,17,0,0.03,YELLOW,2650.5,2.0,0.13
2026-07-29 17:07:19,int-1,lane-S,1,29.099999999999998,1,clear,2,17,0,0.03,RED,0.0,2.0,0.03
2026-07-29 17:07:19,int-1,lane-E,2,29.099999999999998,2,clear,2,17,0,0.07,RED,0.0,2.0,0.07
2026-07-29 17:07:19,int-1,lane-W,3,29.099999999999998,3,clear,2,17,0,0.1,RED,0.0,2.0,0.1
2026-07-29 17:07:30,int-1,lane-N,5,0.0,2,clear,2,17,0,0.07,RED,2652.5,6.0,0.17
2026-07-29 17:07:30,int-1,lane-S,0,30.0,0,clear,2,17,0,0.0,GREEN,0.0,6.0,0.0
2026-07-29 17:07:30,int-1,lane-E,1,29.4,1,clear,2,17,0,0.03,RED,0.0,6.0,0.03
2026-07-29 17:07:30,int-1,lane-W,1,29.4,1,clear,2,17,0,0.03,RED,0.0,6.0,0.03
2026-07-29 17:07:43,int-1,lane-N,5,0.0,2,clear,2,17,0,0.07,RED,2654.5,5.0,0.17
2026-07-29 17:07:43,int-1,lane-S,0,30.0,0,clear,2,17,0,0.0,GREEN,0.0,5.0,0.0
2026-07-29 17:07:43,int-1,lane-E,0,29.7,0,clear,2,17,0,0.0,RED,0.0,5.0,0.0
2026-07-29 17:07:43,int-1,lane-W,1,29.7,1,clear,2,17,0,0.03,RED,0.0,5.0,0.03
2026-07-29 17:07:49,int-1,lane-N,6,0.0,3,clear,2,17,0,0.1,RED,2655.5,2.0,0.2
2026-07-29 17:07:49,int-1,lane-S,0,30.0,0,clear,2,17,0,0.0,GREEN,0.0,2.0,0.0
2026-07-29 17:07:49,int-1,lane-E,1,29.099999999999998,1,clear,2,17,0,0.03,RED,0.0,2.0,0.03
2026-07-29 17:07:49,int-1,lane-W,2,29.099999999999998,2,clear,2,17,0,0.07,RED,0.0,2.0,0.07
2026-07-29 17:08:03,int-1,lane-N,5,0.0,2,clear,2,17,0,0.07,RED,2657.5,1.0,0.17
2026-07-29 17:08:03,int-1,lane-S,0,30.0,0,clear,2,17,0,0.0,YELLOW,0.0,1.0,0.0
2026-07-29 17:08:03,int-1,lane-E,1,29.4,1,clear,2,17,0,0.03,RED,0.0,1.0,0.03
2026-07-29 17:08:03,int-1,lane-W,0,29.4,0,clear,2,17,0,0.0,RED,0.0,1.0,0.0
2026-07-29 17:08:28,int-1,lane-N,4,0.5,1,clear,2,17,0,0.03,GREEN,2659.5,6.0,0.13
2026-07-29 17:08:28,int-1,lane-S,1,29.7,1,clear,2,17,0,0.03,RED,0.0,6.0,0.03
2026-07-29 17:08:28,int-1,lane-E,1,29.7,1,clear,2,17,0,0.03,RED,0.0,6.0,0.03
2026-07-29 17:08:28,int-1,lane-W,0,29.7,0,clear,2,17,0,0.0,RED,0.0,6.0,0.0
2026-07-29 17:08:44,int-1,lane-N,2,1.5,0,clear,2,17,0,0.0,GREEN,2660.5,3.0,0.07
2026-07-29 17:08:44,int-1,lane-S,1,29.099999999999998,1,clear,2,17,0,0.03,RED,0.0,3.0,0.03
2026-07-29 17:08:44,int-1,lane-E,1,29.099999999999998,1,clear,2,17,0,0.03,RED,0.0,3.0,0.03
2026-07-29 17:08:44,int-1,lane-W,1,29.099999999999998,1,clear,2,17,0,0.03,RED,0.0,3.0,0.03
2026-07-29 17:08:52,int-1,lane-N,5,0.0,2,clear,2,17,0,0.07,YELLOW,2662.5,2.0,0.17
2026-07-29 17:08:52,int-1,lane-S,1,29.4,1,clear,2,17,0,0.03,RED,0.0,2.0,0.03
2026-07-29 17:08:52,int-1,lane-E,0,29.4,0,clear,2,17,0,0.0,RED,0.0,2.0,0.0
2026-07-29 17:08:52,int-1,lane-W,1,29.4,1,clear,2,17,0,0.03,RED,0.0,2.0,0.03
2026-07-29 17:09:00,int-1,lane-N,6,0.0,3,clear,2,17,0,0.1,RED,2664.5,6.0,0.2
2026-07-29 17:09:00,int-1,lane-S,0,30.0,0,clear,2,17,0,0.0,GREEN,0.0,6.0,0.0
2026-07-29 17:09:00,int-1,lane-E,0,29.7,0,clear,2,17,0,0.0,RED,0.0,6.0,0.0
2026-07-29 17:09:00,int-1,lane-W,1,29.7,1,clear,2,17,0,0.03,RED,0.0,6.0,0.03
2026-07-29 17:09:08,int-1,lane-N,5,0.0,2,clear,2,17,0,0.07,RED,2665.5,4.0,0.17
2026-07-29 17:09:08,int-1,lane-S,0,30.0,0,clear,2,17,0,0.0,GREEN,0.0,4.0,0.0
2026-07-29 17:09:08,int-1,lane-E,2,29.099999999999998,2,clear,2,17,0,0.07,RED,0.0,4.0,0.07
2026-07-29 17:09:08,int-1,lane-W,0,29.099999999999998,0,clear,2,17,0,0.0,RED,0.0,4.0,0.0
2026-07-29 17:09:14,int-1,lane-N,6,0.0,3,clear,2,17,0,0.1,RED,2667.5,2.0,0.2
2026-07-29 17:09:14,int-1,lane-S,0,30.0,0,clear,2,17,0,0.0,YELLOW,0.0,2.0,0.0
2026-07-29 17:09:14,int-1,lane-E,0,29.4,0,clear,2,17,0,0.0,RED,0.0,2.0,0.0
2026-07-29 17:09:14,int-1,lane-W,2,29.4,2,clear,2,17,0,0.07,RED,0.0,2.0,0.07
2026-07-29 17:09:23,int-1,lane-N,4,0.5,1,clear,2,17,0,0.03,GREEN,2669.5,6.0,0.13
2026-07-29 17:09:23,int-1,lane-S,0,29.7,0,clear,2,17,0,0.0,RED,0.0,6.0,0.0
2026-07-29 17:09:23,int-1,lane-E,1,29.7,1,clear,2,17,0,0.03,RED,0.0,6.0,0.03
2026-07-29 17:09:23,int-1,lane-W,0,29.7,0,clear,2,17,0,0.0,RED,0.0,6.0,0.0
2026-07-29 17:09:30,int-1,lane-N,2,1.5,0,clear,2,17,1,0.0,GREEN,2670.5,4.0,0.07
2026-07-29 17:09:30,int-1,lane-S,1,29.099999999999998,1,clear,2,17,0,0.03,RED,0.0,4.0,0.03
2026-07-29 17:09:30,int-1,lane-E,1,29.099999999999998,1,clear,2,17,0,0.03,RED,0.0,4.0,0.03
2026-07-29 17:09:30,int-1,lane-W,1,29.099999999999998,1,clear,2,17,0,0.03,RED,0.0,4.0,0.03
2026-07-29 17:09:37,int-1,lane-N,3,1.0,0,clear,2,17,1,0.0,GREEN,2672.5,1.0,0.1
2026-07-29 17:09:37,int-1,lane-S,0,29.4,0,clear,2,17,0,0.0,RED,0.0,1.0,0.0
2026-07-29 17:09:37,int-1,lane-E,1,29.4,1,clear,2,17,0,0.03,RED,0.0,1.0,0.03
2026-07-29 17:09:37,int-1,lane-W,1,29.4,1,clear,2,17,0,0.03,RED,0.0,1.0,0.03
2026-07-29 17:09:44,int-1,lane-N,4,0.5,1,clear,2,17,1,0.03,GREEN,2674.5,6.0,0.13
2026-07-29 17:09:44,int-1,lane-S,1,29.7,1,clear,2,17,0,0.03,RED,0.0,6.0,0.03
2026-07-29 17:09:44,int-1,lane-E,1,29.7,1,clear,2,17,0,0.03,RED,0.0,6.0,0.03
2026-07-29 17:09:44,int-1,lane-W,1,29.7,1,clear,2,17,0,0.03,RED,0.0,6.0,0.03
2026-07-29 17:09:52,int-1,lane-N,2,1.5,0,clear,2,17,0,0.0,GREEN,2675.5,4.0,0.07
2026-07-29 17:09:52,int-1,lane-S,1,29.099999999999998,1,clear,2,17,0,0.03,RED,0.0,4.0,0.03
2026-07-29 17:09:52,int-1,lane-E,2,29.099999999999998,2,clear,2,17,0,0.07,RED,0.0,4.0,0.07
2026-07-29 17:09:52,int-1,lane-W,2,29.099999999999998,2,clear,2,17,0,0.07,RED,0.0,4.0,0.07
2026-07-29 17:09:59,int-1,lane-N,4,0.5,1,clear,2,17,0,0.03,YELLOW,2677.5,2.0,0.13
2026-07-29 17:09:59,int-1,lane-S,2,29.4,2,clear,2,17,0,0.07,RED,0.0,2.0,0.07
2026-07-29 17:09:59,int-1,lane-E,0,29.4,0,clear,2,17,0,0.0,RED,0.0,2.0,0.0
2026-07-29 17:09:59,int-1,lane-W,0,29.4,0,clear,2,17,0,0.0,RED,0.0,2.0,0.0
2026-07-29 17:10:08,int-1,lane-N,5,0.0,2,clear,2,17,0,0.07,RED,2679.5,4.0,0.17
2026-07-29 17:10:08,int-1,lane-S,0,29.7,0,clear,2,17,0,0.0,RED,0.0,4.0,0.0
2026-07-29 17:10:08,int-1,lane-E,1,29.7,1,clear,2,17,0,0.03,RED,0.0,4.0,0.03
2026-07-29 17:10:08,int-1,lane-W,0,30.0,0,clear,2,17,0,0.0,GREEN,0.0,4.0,0.0
2026-07-29 17:10:25,int-1,lane-N,6,0.0,3,clear,2,17,0,0.1,RED,2680.5,2.0,0.2
2026-07-29 17:10:25,int-1,lane-S,1,29.099999999999998,1,clear,2,17,0,0.03,RED,0.0,2.0,0.03
2026-07-29 17:10:25,int-1,lane-E,3,29.099999999999998,3,clear,2,17,0,0.1,RED,0.0,2.0,0.1
2026-07-29 17:10:25,int-1,lane-W,0,30.0,0,clear,2,17,0,0.0,YELLOW,0.0,2.0,0.0
